generated_rule,ground_truth_rule,meteor,rouge1_precision,rouge1_recall,rouge1_fmeasure,rouge2_precision,rouge2_recall,rouge2_fmeasure,rougeL_precision,rougeL_recall,rougeL_fmeasure,bert_precision,bert_recall,bert_f1,cosine_similarity
"As a system, I want to ensure that a session is marked as modified when data is changed, so that the session cookie is written to the response only when necessary.","request, session, g, and current_app are all proxies tied to a context. They only work while the right app or request context is active.",0.15254237288135594,0.1935483870967742,0.24,0.21428571428571427,0.0,0.0,0.0,0.12903225806451613,0.16,0.14285714285714285,0.8635550141334534,0.8525887727737427,0.8580368161201477,0.1947062909603119
"As a system, I want to ensure that a session is marked as modified when data is changed, so that the session cookie is written to the response only when necessary.","Flask's session object doesn't notice when you mutate something in place, like appending to a list. You need to manually set session.modified = True when that happens.",0.17080745341614909,0.2903225806451613,0.3103448275862069,0.30000000000000004,0.0,0.0,0.0,0.1935483870967742,0.20689655172413793,0.19999999999999998,0.873008131980896,0.8712201714515686,0.8721131682395935,0.4613592028617859
"As a system, I want to ensure that a session is marked as modified when data is changed, so that the session cookie is written to the response only when necessary.",Sessions are stored in a signed cookie that normally disappears when the browser closes. Setting permanent to True keeps it alive for as long as PERMANENT_SESSION_LIFETIME says.,0.18644067796610167,0.3225806451612903,0.3448275862068966,0.33333333333333337,0.0,0.0,0.0,0.16129032258064516,0.1724137931034483,0.16666666666666669,0.8644579648971558,0.8281568884849548,0.8459181785583496,0.4047263264656067
"As a system, I want to ensure that a session is marked as modified when data is changed, so that the session cookie is written to the response only when necessary.","Trailing slashes matter for routing. A route defined with a trailing slash will redirect a request without one to the slash version, and a route without a trailing slash returns a 404 if someone requests it with one.",0.14490089758906965,0.12903225806451613,0.10526315789473684,0.11594202898550723,0.03333333333333333,0.02702702702702703,0.029850746268656716,0.12903225806451613,0.10526315789473684,0.11594202898550723,0.8580623865127563,0.8384429216384888,0.848139226436615,-0.032389577478170395
"As a system, I want to ensure that a session is marked as modified when data is changed, so that the session cookie is written to the response only when necessary.","If a route has a default value and also accepts POST, the version with the default should only handle GET, since a redirect can't carry form data along with it.",0.14705882352941177,0.1935483870967742,0.1935483870967742,0.1935483870967742,0.0,0.0,0.0,0.16129032258064516,0.16129032258064516,0.16129032258064516,0.8615611791610718,0.8535680174827576,0.8575460314750671,0.20760062336921692
"As a system, I want to ensure that a session is marked as modified when data is changed, so that the session cookie is written to the response only when necessary.","Routes default to handling GET, along with HEAD. OPTIONS gets added automatically unless provide_automatic_options is turned off.",0.09345794392523364,0.06451612903225806,0.10526315789473684,0.07999999999999999,0.0,0.0,0.0,0.06451612903225806,0.10526315789473684,0.07999999999999999,0.8408465385437012,0.8375341892242432,0.8391870856285095,0.14228038489818573
"As a system, I want to ensure that a session is marked as modified when data is changed, so that the session cookie is written to the response only when necessary.","A view's endpoint name comes from its function name unless you set one explicitly, and it automatically gets prefixed with the blueprint's name if it's registered through one.",0.09063444108761329,0.06451612903225806,0.06451612903225806,0.06451612903225806,0.0,0.0,0.0,0.06451612903225806,0.06451612903225806,0.06451612903225806,0.8570976257324219,0.8389029502868652,0.8479027152061462,-0.0586811900138855
"As a system, I want to ensure that a session is marked as modified when data is changed, so that the session cookie is written to the response only when necessary.","If a view function has a required_methods attribute, Flask will always include those methods on the route, even if you explicitly set different ones in the route() call.",0.13595166163141995,0.12903225806451613,0.13793103448275862,0.13333333333333333,0.0,0.0,0.0,0.12903225806451613,0.13793103448275862,0.13333333333333333,0.8618332147598267,0.854093611240387,0.8579459190368652,0.08986533433198929
"As a system, I want to return a null session if the session support cannot be loaded due to a configuration error, so that the application can handle session lookups without crashing.","request, session, g, and current_app are all proxies tied to a context. They only work while the right app or request context is active.",0.16147873290730433,0.125,0.16,0.14035087719298245,0.03225806451612903,0.041666666666666664,0.03636363636363637,0.125,0.16,0.14035087719298245,0.8567337989807129,0.8504103422164917,0.8535603880882263,0.2860948443412781
"As a system, I want to return a null session if the session support cannot be loaded due to a configuration error, so that the application can handle session lookups without crashing.","Flask's session object doesn't notice when you mutate something in place, like appending to a list. You need to manually set session.modified = True when that happens.",0.1234567901234568,0.1875,0.20689655172413793,0.19672131147540986,0.03225806451612903,0.03571428571428571,0.03389830508474576,0.125,0.13793103448275862,0.13114754098360656,0.8637999892234802,0.8584386110305786,0.8611109852790833,0.16088953614234924
"As a system, I want to return a null session if the session support cannot be loaded due to a configuration error, so that the application can handle session lookups without crashing.",Sessions are stored in a signed cookie that normally disappears when the browser closes. Setting permanent to True keeps it alive for as long as PERMANENT_SESSION_LIFETIME says.,0.13468013468013468,0.21875,0.2413793103448276,0.22950819672131145,0.0,0.0,0.0,0.15625,0.1724137931034483,0.1639344262295082,0.8517998456954956,0.8168640732765198,0.8339662551879883,0.335590660572052
"As a system, I want to return a null session if the session support cannot be loaded due to a configuration error, so that the application can handle session lookups without crashing.","Trailing slashes matter for routing. A route defined with a trailing slash will redirect a request without one to the slash version, and a route without a trailing slash returns a 404 if someone requests it with one.",0.14814814814814814,0.25,0.21052631578947367,0.22857142857142856,0.03225806451612903,0.02702702702702703,0.029411764705882353,0.15625,0.13157894736842105,0.14285714285714285,0.8608361482620239,0.8421331644058228,0.8513819575309753,0.00016155012417584658
"As a system, I want to return a null session if the session support cannot be loaded due to a configuration error, so that the application can handle session lookups without crashing.","If a route has a default value and also accepts POST, the version with the default should only handle GET, since a redirect can't carry form data along with it.",0.14619883040935672,0.25,0.25806451612903225,0.25396825396825395,0.0,0.0,0.0,0.15625,0.16129032258064516,0.15873015873015875,0.8604906797409058,0.8509342074394226,0.8556857705116272,0.17671744525432587
"As a system, I want to return a null session if the session support cannot be loaded due to a configuration error, so that the application can handle session lookups without crashing.","Routes default to handling GET, along with HEAD. OPTIONS gets added automatically unless provide_automatic_options is turned off.",0.0925925925925926,0.0625,0.10526315789473684,0.0784313725490196,0.0,0.0,0.0,0.0625,0.10526315789473684,0.0784313725490196,0.8389375805854797,0.8362900018692017,0.8376116752624512,0.15079085528850555
"As a system, I want to return a null session if the session support cannot be loaded due to a configuration error, so that the application can handle session lookups without crashing.","A view's endpoint name comes from its function name unless you set one explicitly, and it automatically gets prefixed with the blueprint's name if it's registered through one.",0.09009009009009009,0.09375,0.0967741935483871,0.09523809523809523,0.0,0.0,0.0,0.0625,0.06451612903225806,0.06349206349206349,0.853452205657959,0.8365014791488647,0.8448918461799622,0.027902895584702492
"As a system, I want to return a null session if the session support cannot be loaded due to a configuration error, so that the application can handle session lookups without crashing.","If a view function has a required_methods attribute, Flask will always include those methods on the route, even if you explicitly set different ones in the route() call.",0.13513513513513514,0.15625,0.1724137931034483,0.1639344262295082,0.0,0.0,0.0,0.125,0.13793103448275862,0.13114754098360656,0.8565728664398193,0.8502475619316101,0.8533984422683716,0.08972861617803574
"As a system, I want to set the session cookie only if the session has been modified or if it is permanent and the SESSION_REFRESH_EACH_REQUEST config is true, so that unnecessary cookies are not set.","request, session, g, and current_app are all proxies tied to a context. They only work while the right app or request context is active.",0.20066889632107024,0.2631578947368421,0.4,0.3174603174603174,0.0,0.0,0.0,0.15789473684210525,0.24,0.19047619047619047,0.8454814553260803,0.8647971153259277,0.8550302386283875,0.24681490659713745
"As a system, I want to set the session cookie only if the session has been modified or if it is permanent and the SESSION_REFRESH_EACH_REQUEST config is true, so that unnecessary cookies are not set.","Flask's session object doesn't notice when you mutate something in place, like appending to a list. You need to manually set session.modified = True when that happens.",0.19493865030674845,0.21052631578947367,0.27586206896551724,0.23880597014925373,0.0,0.0,0.0,0.18421052631578946,0.2413793103448276,0.208955223880597,0.8480945825576782,0.8711491823196411,0.8594673275947571,0.43159162998199463
"As a system, I want to set the session cookie only if the session has been modified or if it is permanent and the SESSION_REFRESH_EACH_REQUEST config is true, so that unnecessary cookies are not set.",Sessions are stored in a signed cookie that normally disappears when the browser closes. Setting permanent to True keeps it alive for as long as PERMANENT_SESSION_LIFETIME says.,0.21739130434782608,0.34210526315789475,0.4482758620689655,0.3880597014925373,0.0,0.0,0.0,0.15789473684210525,0.20689655172413793,0.17910447761194026,0.8579614758491516,0.8553506135940552,0.8566540479660034,0.5440049767494202
"As a system, I want to set the session cookie only if the session has been modified or if it is permanent and the SESSION_REFRESH_EACH_REQUEST config is true, so that unnecessary cookies are not set.","Trailing slashes matter for routing. A route defined with a trailing slash will redirect a request without one to the slash version, and a route without a trailing slash returns a 404 if someone requests it with one.",0.12285012285012285,0.18421052631578946,0.18421052631578946,0.18421052631578946,0.0,0.0,0.0,0.13157894736842105,0.13157894736842105,0.13157894736842105,0.8244692087173462,0.840823769569397,0.8325662016868591,-0.03388996422290802
"As a system, I want to set the session cookie only if the session has been modified or if it is permanent and the SESSION_REFRESH_EACH_REQUEST config is true, so that unnecessary cookies are not set.","If a route has a default value and also accepts POST, the version with the default should only handle GET, since a redirect can't carry form data along with it.",0.1744186046511628,0.21052631578947367,0.25806451612903225,0.23188405797101447,0.0,0.0,0.0,0.10526315789473684,0.12903225806451613,0.11594202898550723,0.8317902684211731,0.853695273399353,0.842600405216217,0.16769444942474365
"As a system, I want to set the session cookie only if the session has been modified or if it is permanent and the SESSION_REFRESH_EACH_REQUEST config is true, so that unnecessary cookies are not set.","Routes default to handling GET, along with HEAD. OPTIONS gets added automatically unless provide_automatic_options is turned off.",0.09174311926605504,0.05263157894736842,0.10526315789473684,0.07017543859649122,0.0,0.0,0.0,0.05263157894736842,0.10526315789473684,0.07017543859649122,0.8284738063812256,0.8599417209625244,0.8439145088195801,0.21110069751739502
"As a system, I want to set the session cookie only if the session has been modified or if it is permanent and the SESSION_REFRESH_EACH_REQUEST config is true, so that unnecessary cookies are not set.","A view's endpoint name comes from its function name unless you set one explicitly, and it automatically gets prefixed with the blueprint's name if it's registered through one.",0.17431361709968676,0.15789473684210525,0.1935483870967742,0.17391304347826086,0.02702702702702703,0.03333333333333333,0.029850746268656716,0.13157894736842105,0.16129032258064516,0.14492753623188406,0.8248836994171143,0.8440836668014526,0.8343732953071594,-0.07347157597541809
"As a system, I want to set the session cookie only if the session has been modified or if it is permanent and the SESSION_REFRESH_EACH_REQUEST config is true, so that unnecessary cookies are not set.","If a view function has a required_methods attribute, Flask will always include those methods on the route, even if you explicitly set different ones in the route() call.",0.1791044776119403,0.18421052631578946,0.2413793103448276,0.208955223880597,0.0,0.0,0.0,0.10526315789473684,0.13793103448275862,0.11940298507462686,0.8437045216560364,0.8594330549240112,0.8514961004257202,0.12550459802150726
"As a system, I want to return an expiration date for the session if it is permanent, so that the session can expire after a defined period.","request, session, g, and current_app are all proxies tied to a context. They only work while the right app or request context is active.",0.13745704467353953,0.18518518518518517,0.2,0.1923076923076923,0.0,0.0,0.0,0.1111111111111111,0.12,0.11538461538461538,0.864897608757019,0.8489538431167603,0.8568515777587891,0.13498789072036743
"As a system, I want to return an expiration date for the session if it is permanent, so that the session can expire after a defined period.","Flask's session object doesn't notice when you mutate something in place, like appending to a list. You need to manually set session.modified = True when that happens.",0.1508150429983314,0.18518518518518517,0.1724137931034483,0.17857142857142858,0.0,0.0,0.0,0.14814814814814814,0.13793103448275862,0.14285714285714285,0.8673504590988159,0.8554525971412659,0.8613604307174683,0.2318466454744339
"As a system, I want to return an expiration date for the session if it is permanent, so that the session can expire after a defined period.",Sessions are stored in a signed cookie that normally disappears when the browser closes. Setting permanent to True keeps it alive for as long as PERMANENT_SESSION_LIFETIME says.,0.1718213058419244,0.37037037037037035,0.3448275862068966,0.35714285714285715,0.0,0.0,0.0,0.18518518518518517,0.1724137931034483,0.17857142857142858,0.8707669973373413,0.8286488056182861,0.8491860032081604,0.5360120534896851
"As a system, I want to return an expiration date for the session if it is permanent, so that the session can expire after a defined period.","Trailing slashes matter for routing. A route defined with a trailing slash will redirect a request without one to the slash version, and a route without a trailing slash returns a 404 if someone requests it with one.",0.16290726817042608,0.3333333333333333,0.23684210526315788,0.2769230769230769,0.0,0.0,0.0,0.18518518518518517,0.13157894736842105,0.15384615384615383,0.8696421384811401,0.8394076824188232,0.8542574644088745,-0.023599758744239807
"As a system, I want to return an expiration date for the session if it is permanent, so that the session can expire after a defined period.","If a route has a default value and also accepts POST, the version with the default should only handle GET, since a redirect can't carry form data along with it.",0.1488095238095238,0.25925925925925924,0.22580645161290322,0.24137931034482757,0.0,0.0,0.0,0.14814814814814814,0.12903225806451613,0.13793103448275862,0.8673946857452393,0.8483069539070129,0.8577446937561035,0.12295791506767273
"As a system, I want to return an expiration date for the session if it is permanent, so that the session can expire after a defined period.","Routes default to handling GET, along with HEAD. OPTIONS gets added automatically unless provide_automatic_options is turned off.",0.09523809523809526,0.07407407407407407,0.10526315789473684,0.08695652173913043,0.0,0.0,0.0,0.07407407407407407,0.10526315789473684,0.08695652173913043,0.8424122333526611,0.8298783302307129,0.836098313331604,0.07297775149345398
"As a system, I want to return an expiration date for the session if it is permanent, so that the session can expire after a defined period.","A view's endpoint name comes from its function name unless you set one explicitly, and it automatically gets prefixed with the blueprint's name if it's registered through one.",0.14666417025525805,0.14814814814814814,0.12903225806451613,0.13793103448275862,0.038461538461538464,0.03333333333333333,0.03571428571428572,0.14814814814814814,0.12903225806451613,0.13793103448275862,0.8671849370002747,0.8433805704116821,0.8551170825958252,0.016845937818288803
"As a system, I want to return an expiration date for the session if it is permanent, so that the session can expire after a defined period.","If a view function has a required_methods attribute, Flask will always include those methods on the route, even if you explicitly set different ones in the route() call.",0.13761467889908252,0.18518518518518517,0.1724137931034483,0.17857142857142858,0.0,0.0,0.0,0.14814814814814814,0.13793103448275862,0.14285714285714285,0.8685187697410583,0.851508378982544,0.8599294424057007,-0.004529119469225407
"As a system, I want to delete the session cookie if the session is empty and modified, so that stale session data is not retained.","request, session, g, and current_app are all proxies tied to a context. They only work while the right app or request context is active.",0.15570934256055363,0.24,0.24,0.24,0.0,0.0,0.0,0.12,0.12,0.12,0.8645076751708984,0.8548800945281982,0.8596668839454651,0.1673615723848343
"As a system, I want to delete the session cookie if the session is empty and modified, so that stale session data is not retained.","Flask's session object doesn't notice when you mutate something in place, like appending to a list. You need to manually set session.modified = True when that happens.",0.15176956858692844,0.24,0.20689655172413793,0.22222222222222224,0.0,0.0,0.0,0.2,0.1724137931034483,0.1851851851851852,0.8751885294914246,0.8674126863479614,0.8712832927703857,0.389344185590744
"As a system, I want to delete the session cookie if the session is empty and modified, so that stale session data is not retained.",Sessions are stored in a signed cookie that normally disappears when the browser closes. Setting permanent to True keeps it alive for as long as PERMANENT_SESSION_LIFETIME says.,0.15570934256055363,0.32,0.27586206896551724,0.29629629629629634,0.0,0.0,0.0,0.16,0.13793103448275862,0.14814814814814817,0.8730947375297546,0.8325313925743103,0.8523306846618652,0.548094630241394
"As a system, I want to delete the session cookie if the session is empty and modified, so that stale session data is not retained.","Trailing slashes matter for routing. A route defined with a trailing slash will redirect a request without one to the slash version, and a route without a trailing slash returns a 404 if someone requests it with one.",0.11335012594458437,0.2,0.13157894736842105,0.1587301587301587,0.0,0.0,0.0,0.16,0.10526315789473684,0.12698412698412698,0.8588448166847229,0.8431575298309326,0.8509289026260376,0.041007596999406815
"As a system, I want to delete the session cookie if the session is empty and modified, so that stale session data is not retained.","If a route has a default value and also accepts POST, the version with the default should only handle GET, since a redirect can't carry form data along with it.",0.1497005988023952,0.24,0.1935483870967742,0.21428571428571427,0.0,0.0,0.0,0.16,0.12903225806451613,0.14285714285714285,0.8736512660980225,0.8562933802604675,0.8648852109909058,0.1579950749874115
"As a system, I want to delete the session cookie if the session is empty and modified, so that stale session data is not retained.","Routes default to handling GET, along with HEAD. OPTIONS gets added automatically unless provide_automatic_options is turned off.",0.09615384615384616,0.08,0.10526315789473684,0.0909090909090909,0.0,0.0,0.0,0.08,0.10526315789473684,0.0909090909090909,0.8443903923034668,0.8415814638137817,0.842983603477478,0.08118179440498352
"As a system, I want to delete the session cookie if the session is empty and modified, so that stale session data is not retained.","A view's endpoint name comes from its function name unless you set one explicitly, and it automatically gets prefixed with the blueprint's name if it's registered through one.",0.1076923076923077,0.16,0.12903225806451613,0.14285714285714285,0.0,0.0,0.0,0.12,0.0967741935483871,0.10714285714285714,0.8596463203430176,0.8410871028900146,0.8502654433250427,-0.06432968378067017
"As a system, I want to delete the session cookie if the session is empty and modified, so that stale session data is not retained.","If a view function has a required_methods attribute, Flask will always include those methods on the route, even if you explicitly set different ones in the route() call.",0.13846153846153844,0.16,0.13793103448275862,0.14814814814814817,0.0,0.0,0.0,0.16,0.13793103448275862,0.14814814814814817,0.8617010116577148,0.8543965816497803,0.858033299446106,0.022442450746893883
"As a system, I want to check if the session is a null session to skip saving it, so that unnecessary operations are avoided.","request, session, g, and current_app are all proxies tied to a context. They only work while the right app or request context is active.",0.15625,0.25,0.24,0.24489795918367346,0.0,0.0,0.0,0.125,0.12,0.12244897959183673,0.8686256408691406,0.8514800667762756,0.8599674105644226,0.17118608951568604
"As a system, I want to check if the session is a null session to skip saving it, so that unnecessary operations are avoided.","Flask's session object doesn't notice when you mutate something in place, like appending to a list. You need to manually set session.modified = True when that happens.",0.126984126984127,0.25,0.20689655172413793,0.22641509433962265,0.0,0.0,0.0,0.16666666666666666,0.13793103448275862,0.1509433962264151,0.8734606504440308,0.8639668822288513,0.8686878085136414,0.2637588381767273
"As a system, I want to check if the session is a null session to skip saving it, so that unnecessary operations are avoided.",Sessions are stored in a signed cookie that normally disappears when the browser closes. Setting permanent to True keeps it alive for as long as PERMANENT_SESSION_LIFETIME says.,0.22065972222222224,0.375,0.3103448275862069,0.339622641509434,0.0,0.0,0.0,0.16666666666666666,0.13793103448275862,0.1509433962264151,0.8650599718093872,0.8212500810623169,0.8425859212875366,0.423927366733551
"As a system, I want to check if the session is a null session to skip saving it, so that unnecessary operations are avoided.","Trailing slashes matter for routing. A route defined with a trailing slash will redirect a request without one to the slash version, and a route without a trailing slash returns a 404 if someone requests it with one.",0.12626262626262627,0.25,0.15789473684210525,0.1935483870967742,0.0,0.0,0.0,0.20833333333333334,0.13157894736842105,0.16129032258064516,0.866180419921875,0.8410956859588623,0.8534537553787231,0.07248061895370483
"As a system, I want to check if the session is a null session to skip saving it, so that unnecessary operations are avoided.","If a route has a default value and also accepts POST, the version with the default should only handle GET, since a redirect can't carry form data along with it.",0.13513513513513511,0.20833333333333334,0.16129032258064516,0.1818181818181818,0.0,0.0,0.0,0.16666666666666666,0.12903225806451613,0.14545454545454548,0.8681496977806091,0.8502581119537354,0.8591107130050659,0.17595165967941284
"As a system, I want to check if the session is a null session to skip saving it, so that unnecessary operations are avoided.","Routes default to handling GET, along with HEAD. OPTIONS gets added automatically unless provide_automatic_options is turned off.",0.09661835748792272,0.08333333333333333,0.10526315789473684,0.0930232558139535,0.0,0.0,0.0,0.08333333333333333,0.10526315789473684,0.0930232558139535,0.8490395545959473,0.8378828167915344,0.843424379825592,0.15407264232635498
"As a system, I want to check if the session is a null session to skip saving it, so that unnecessary operations are avoided.","A view's endpoint name comes from its function name unless you set one explicitly, and it automatically gets prefixed with the blueprint's name if it's registered through one.",0.1080246913580247,0.16666666666666666,0.12903225806451613,0.14545454545454548,0.0,0.0,0.0,0.125,0.0967741935483871,0.10909090909090909,0.8648346662521362,0.8399145007133484,0.8521925210952759,-0.03122520074248314
"As a system, I want to check if the session is a null session to skip saving it, so that unnecessary operations are avoided.","If a view function has a required_methods attribute, Flask will always include those methods on the route, even if you explicitly set different ones in the route() call.",0.12345679012345678,0.16666666666666666,0.13793103448275862,0.1509433962264151,0.0,0.0,0.0,0.125,0.10344827586206896,0.11320754716981132,0.8707543611526489,0.8558199405670166,0.8632225394248962,0.07223580032587051
"As a system, I want to use the SESSION_COOKIE_NAME config to determine the name of the session cookie, so that the cookie can be correctly identified.","request, session, g, and current_app are all proxies tied to a context. They only work while the right app or request context is active.",0.1206896551724138,0.14285714285714285,0.16,0.15094339622641512,0.0,0.0,0.0,0.10714285714285714,0.12,0.1132075471698113,0.8567371964454651,0.8557639122009277,0.8562503457069397,0.3009256422519684
"As a system, I want to use the SESSION_COOKIE_NAME config to determine the name of the session cookie, so that the cookie can be correctly identified.","Flask's session object doesn't notice when you mutate something in place, like appending to a list. You need to manually set session.modified = True when that happens.",0.14195583596214512,0.21428571428571427,0.20689655172413793,0.21052631578947367,0.0,0.0,0.0,0.14285714285714285,0.13793103448275862,0.14035087719298248,0.8571186661720276,0.8585444092750549,0.8578309416770935,0.2702396512031555
"As a system, I want to use the SESSION_COOKIE_NAME config to determine the name of the session cookie, so that the cookie can be correctly identified.",Sessions are stored in a signed cookie that normally disappears when the browser closes. Setting permanent to True keeps it alive for as long as PERMANENT_SESSION_LIFETIME says.,0.13793103448275862,0.2857142857142857,0.27586206896551724,0.28070175438596495,0.0,0.0,0.0,0.14285714285714285,0.13793103448275862,0.14035087719298248,0.8752201199531555,0.8434216976165771,0.8590267300605774,0.36910954117774963
"As a system, I want to use the SESSION_COOKIE_NAME config to determine the name of the session cookie, so that the cookie can be correctly identified.","Trailing slashes matter for routing. A route defined with a trailing slash will redirect a request without one to the slash version, and a route without a trailing slash returns a 404 if someone requests it with one.",0.08793969849246233,0.10714285714285714,0.07894736842105263,0.09090909090909091,0.0,0.0,0.0,0.10714285714285714,0.07894736842105263,0.09090909090909091,0.8428424596786499,0.834648847579956,0.8387256860733032,-0.04231813922524452
"As a system, I want to use the SESSION_COOKIE_NAME config to determine the name of the session cookie, so that the cookie can be correctly identified.","If a route has a default value and also accepts POST, the version with the default should only handle GET, since a redirect can't carry form data along with it.",0.1044776119402985,0.14285714285714285,0.12903225806451613,0.13559322033898305,0.0,0.0,0.0,0.14285714285714285,0.12903225806451613,0.13559322033898305,0.8447520136833191,0.8466598391532898,0.8457048535346985,0.07729395478963852
"As a system, I want to use the SESSION_COOKIE_NAME config to determine the name of the session cookie, so that the cookie can be correctly identified.","Routes default to handling GET, along with HEAD. OPTIONS gets added automatically unless provide_automatic_options is turned off.",0.07177033492822966,0.03571428571428571,0.05263157894736842,0.0425531914893617,0.0,0.0,0.0,0.03571428571428571,0.05263157894736842,0.0425531914893617,0.8437273502349854,0.8465503454208374,0.8451364636421204,0.16019564867019653
"As a system, I want to use the SESSION_COOKIE_NAME config to determine the name of the session cookie, so that the cookie can be correctly identified.","A view's endpoint name comes from its function name unless you set one explicitly, and it automatically gets prefixed with the blueprint's name if it's registered through one.",0.10736196319018404,0.14285714285714285,0.12903225806451613,0.13559322033898305,0.0,0.0,0.0,0.14285714285714285,0.12903225806451613,0.13559322033898305,0.8556402921676636,0.8491401076316833,0.8523778319358826,0.18679234385490417
"As a system, I want to use the SESSION_COOKIE_NAME config to determine the name of the session cookie, so that the cookie can be correctly identified.","If a view function has a required_methods attribute, Flask will always include those methods on the route, even if you explicitly set different ones in the route() call.",0.1533742331288344,0.10714285714285714,0.10344827586206896,0.10526315789473684,0.0,0.0,0.0,0.10714285714285714,0.10344827586206896,0.10526315789473684,0.8642030358314514,0.8583605289459229,0.861271858215332,0.09613107144832611
"As a system, I want to use the SESSION_COOKIE_DOMAIN config to determine the domain for the session cookie, so that the cookie is sent to the correct domain.","request, session, g, and current_app are all proxies tied to a context. They only work while the right app or request context is active.",0.19998308811094204,0.16666666666666666,0.2,0.1818181818181818,0.0,0.0,0.0,0.13333333333333333,0.16,0.14545454545454545,0.8514658212661743,0.8565807342529297,0.854015588760376,0.36386093497276306
"As a system, I want to use the SESSION_COOKIE_DOMAIN config to determine the domain for the session cookie, so that the cookie is sent to the correct domain.","Flask's session object doesn't notice when you mutate something in place, like appending to a list. You need to manually set session.modified = True when that happens.",0.1567398119122257,0.2,0.20689655172413793,0.20338983050847456,0.0,0.0,0.0,0.13333333333333333,0.13793103448275862,0.13559322033898305,0.8493123650550842,0.8585054278373718,0.8538841605186462,0.22366701066493988
"As a system, I want to use the SESSION_COOKIE_DOMAIN config to determine the domain for the session cookie, so that the cookie is sent to the correct domain.",Sessions are stored in a signed cookie that normally disappears when the browser closes. Setting permanent to True keeps it alive for as long as PERMANENT_SESSION_LIFETIME says.,0.17123287671232876,0.3,0.3103448275862069,0.3050847457627119,0.0,0.0,0.0,0.16666666666666666,0.1724137931034483,0.16949152542372883,0.8691020011901855,0.8440520763397217,0.8563939332962036,0.37385421991348267
"As a system, I want to use the SESSION_COOKIE_DOMAIN config to determine the domain for the session cookie, so that the cookie is sent to the correct domain.","Trailing slashes matter for routing. A route defined with a trailing slash will redirect a request without one to the slash version, and a route without a trailing slash returns a 404 if someone requests it with one.",0.13300781250000002,0.13333333333333333,0.10526315789473684,0.11764705882352941,0.034482758620689655,0.02702702702702703,0.030303030303030304,0.1,0.07894736842105263,0.08823529411764706,0.8406529426574707,0.8359107971191406,0.838275134563446,-0.03407393395900726
"As a system, I want to use the SESSION_COOKIE_DOMAIN config to determine the domain for the session cookie, so that the cookie is sent to the correct domain.","If a route has a default value and also accepts POST, the version with the default should only handle GET, since a redirect can't carry form data along with it.",0.11869436201780414,0.1,0.0967741935483871,0.09836065573770492,0.0,0.0,0.0,0.1,0.0967741935483871,0.09836065573770492,0.8378973007202148,0.8449340462684631,0.8414009809494019,0.13352292776107788
"As a system, I want to use the SESSION_COOKIE_DOMAIN config to determine the domain for the session cookie, so that the cookie is sent to the correct domain.","Routes default to handling GET, along with HEAD. OPTIONS gets added automatically unless provide_automatic_options is turned off.",0.0947867298578199,0.06666666666666667,0.10526315789473684,0.0816326530612245,0.0,0.0,0.0,0.06666666666666667,0.10526315789473684,0.0816326530612245,0.8365514278411865,0.8481353521347046,0.8423035740852356,0.16960501670837402
"As a system, I want to use the SESSION_COOKIE_DOMAIN config to determine the domain for the session cookie, so that the cookie is sent to the correct domain.","A view's endpoint name comes from its function name unless you set one explicitly, and it automatically gets prefixed with the blueprint's name if it's registered through one.",0.10670731707317073,0.06666666666666667,0.06451612903225806,0.06557377049180328,0.0,0.0,0.0,0.06666666666666667,0.06451612903225806,0.06557377049180328,0.8444608449935913,0.8424094915390015,0.8434339761734009,0.03244975209236145
"As a system, I want to use the SESSION_COOKIE_DOMAIN config to determine the domain for the session cookie, so that the cookie is sent to the correct domain.","If a view function has a required_methods attribute, Flask will always include those methods on the route, even if you explicitly set different ones in the route() call.",0.1524390243902439,0.1,0.10344827586206896,0.10169491525423728,0.0,0.0,0.0,0.1,0.10344827586206896,0.10169491525423728,0.8595501184463501,0.8596452474594116,0.8595976829528809,0.04905117303133011
"As a system, I want to use the SESSION_COOKIE_PATH config to determine the path for which the cookie should be valid, so that the cookie is only sent for the appropriate paths.","request, session, g, and current_app are all proxies tied to a context. They only work while the right app or request context is active.",0.13513513513513511,0.17647058823529413,0.24,0.20338983050847456,0.0,0.0,0.0,0.11764705882352941,0.16,0.13559322033898305,0.8572078347206116,0.8591836094856262,0.8581945300102234,0.36741146445274353
"As a system, I want to use the SESSION_COOKIE_PATH config to determine the path for which the cookie should be valid, so that the cookie is only sent for the appropriate paths.","Flask's session object doesn't notice when you mutate something in place, like appending to a list. You need to manually set session.modified = True when that happens.",0.1238390092879257,0.14705882352941177,0.1724137931034483,0.15873015873015872,0.0,0.0,0.0,0.11764705882352941,0.13793103448275862,0.126984126984127,0.8515843152999878,0.8569209575653076,0.8542442917823792,0.19913384318351746
"As a system, I want to use the SESSION_COOKIE_PATH config to determine the path for which the cookie should be valid, so that the cookie is only sent for the appropriate paths.",Sessions are stored in a signed cookie that normally disappears when the browser closes. Setting permanent to True keeps it alive for as long as PERMANENT_SESSION_LIFETIME says.,0.13513513513513511,0.23529411764705882,0.27586206896551724,0.253968253968254,0.0,0.0,0.0,0.14705882352941177,0.1724137931034483,0.15873015873015872,0.8685730695724487,0.8440298438072205,0.8561256527900696,0.3552986681461334
"As a system, I want to use the SESSION_COOKIE_PATH config to determine the path for which the cookie should be valid, so that the cookie is only sent for the appropriate paths.","Trailing slashes matter for routing. A route defined with a trailing slash will redirect a request without one to the slash version, and a route without a trailing slash returns a 404 if someone requests it with one.",0.09900990099009901,0.11764705882352941,0.10526315789473684,0.1111111111111111,0.0,0.0,0.0,0.08823529411764706,0.07894736842105263,0.08333333333333334,0.8452797532081604,0.8374712467193604,0.841357409954071,0.17725035548210144
"As a system, I want to use the SESSION_COOKIE_PATH config to determine the path for which the cookie should be valid, so that the cookie is only sent for the appropriate paths.","If a route has a default value and also accepts POST, the version with the default should only handle GET, since a redirect can't carry form data along with it.",0.1466275659824047,0.14705882352941177,0.16129032258064516,0.15384615384615385,0.0,0.0,0.0,0.14705882352941177,0.16129032258064516,0.15384615384615385,0.8475112915039062,0.8482856750488281,0.8478983044624329,0.29573339223861694
"As a system, I want to use the SESSION_COOKIE_PATH config to determine the path for which the cookie should be valid, so that the cookie is only sent for the appropriate paths.","Routes default to handling GET, along with HEAD. OPTIONS gets added automatically unless provide_automatic_options is turned off.",0.09302325581395349,0.058823529411764705,0.10526315789473684,0.07547169811320754,0.0,0.0,0.0,0.058823529411764705,0.10526315789473684,0.07547169811320754,0.83948814868927,0.8486009240150452,0.844019889831543,0.324514776468277
"As a system, I want to use the SESSION_COOKIE_PATH config to determine the path for which the cookie should be valid, so that the cookie is only sent for the appropriate paths.","A view's endpoint name comes from its function name unless you set one explicitly, and it automatically gets prefixed with the blueprint's name if it's registered through one.",0.09036144578313252,0.058823529411764705,0.06451612903225806,0.061538461538461535,0.0,0.0,0.0,0.058823529411764705,0.06451612903225806,0.061538461538461535,0.8453456163406372,0.8369816541671753,0.8411428332328796,0.08636921644210815
"As a system, I want to use the SESSION_COOKIE_PATH config to determine the path for which the cookie should be valid, so that the cookie is only sent for the appropriate paths.","If a view function has a required_methods attribute, Flask will always include those methods on the route, even if you explicitly set different ones in the route() call.",0.1355421686746988,0.08823529411764706,0.10344827586206896,0.09523809523809523,0.0,0.0,0.0,0.08823529411764706,0.10344827586206896,0.09523809523809523,0.861106812953949,0.8581778407096863,0.8596398234367371,0.20752035081386566
"As a system, I want to use the SESSION_COOKIE_HTTPONLY config to determine if the session cookie should be httponly, so that the cookie is protected from client-side access.","request, session, g, and current_app are all proxies tied to a context. They only work while the right app or request context is active.",0.13698630136986303,0.16129032258064516,0.2,0.17857142857142855,0.0,0.0,0.0,0.12903225806451613,0.16,0.14285714285714285,0.8447908759117126,0.854841947555542,0.849786639213562,0.27913251519203186
"As a system, I want to use the SESSION_COOKIE_HTTPONLY config to determine if the session cookie should be httponly, so that the cookie is protected from client-side access.","Flask's session object doesn't notice when you mutate something in place, like appending to a list. You need to manually set session.modified = True when that happens.",0.12539184952978055,0.1935483870967742,0.20689655172413793,0.19999999999999998,0.0,0.0,0.0,0.12903225806451613,0.13793103448275862,0.13333333333333333,0.8441734910011292,0.8611806631088257,0.8525922298431396,0.23863205313682556
"As a system, I want to use the SESSION_COOKIE_HTTPONLY config to determine if the session cookie should be httponly, so that the cookie is protected from client-side access.",Sessions are stored in a signed cookie that normally disappears when the browser closes. Setting permanent to True keeps it alive for as long as PERMANENT_SESSION_LIFETIME says.,0.13698630136986303,0.25806451612903225,0.27586206896551724,0.26666666666666666,0.0,0.0,0.0,0.12903225806451613,0.13793103448275862,0.13333333333333333,0.8602132201194763,0.8455183506011963,0.8528023958206177,0.4047083854675293
"As a system, I want to use the SESSION_COOKIE_HTTPONLY config to determine if the session cookie should be httponly, so that the cookie is protected from client-side access.","Trailing slashes matter for routing. A route defined with a trailing slash will redirect a request without one to the slash version, and a route without a trailing slash returns a 404 if someone requests it with one.",0.1,0.12903225806451613,0.10526315789473684,0.11594202898550723,0.0,0.0,0.0,0.12903225806451613,0.10526315789473684,0.11594202898550723,0.8338785171508789,0.8370015621185303,0.8354371190071106,0.00436132587492466
"As a system, I want to use the SESSION_COOKIE_HTTPONLY config to determine if the session cookie should be httponly, so that the cookie is protected from client-side access.","If a route has a default value and also accepts POST, the version with the default should only handle GET, since a redirect can't carry form data along with it.",0.13353115727002968,0.16129032258064516,0.16129032258064516,0.16129032258064516,0.0,0.0,0.0,0.12903225806451613,0.12903225806451613,0.12903225806451613,0.8399228453636169,0.8519468903541565,0.8458921909332275,0.12858174741268158
"As a system, I want to use the SESSION_COOKIE_HTTPONLY config to determine if the session cookie should be httponly, so that the cookie is protected from client-side access.","Routes default to handling GET, along with HEAD. OPTIONS gets added automatically unless provide_automatic_options is turned off.",0.0947867298578199,0.06451612903225806,0.10526315789473684,0.07999999999999999,0.0,0.0,0.0,0.06451612903225806,0.10526315789473684,0.07999999999999999,0.8316164612770081,0.8485182523727417,0.8399823307991028,0.17514121532440186
"As a system, I want to use the SESSION_COOKIE_HTTPONLY config to determine if the session cookie should be httponly, so that the cookie is protected from client-side access.","A view's endpoint name comes from its function name unless you set one explicitly, and it automatically gets prefixed with the blueprint's name if it's registered through one.",0.1219512195121951,0.12903225806451613,0.12903225806451613,0.12903225806451613,0.0,0.0,0.0,0.0967741935483871,0.0967741935483871,0.0967741935483871,0.8346256613731384,0.8366456031799316,0.8356343507766724,-0.042763739824295044
"As a system, I want to use the SESSION_COOKIE_HTTPONLY config to determine if the session cookie should be httponly, so that the cookie is protected from client-side access.","If a view function has a required_methods attribute, Flask will always include those methods on the route, even if you explicitly set different ones in the route() call.",0.1524390243902439,0.12903225806451613,0.13793103448275862,0.13333333333333333,0.0,0.0,0.0,0.12903225806451613,0.13793103448275862,0.13333333333333333,0.8488768339157104,0.8583858013153076,0.853604793548584,0.13759081065654755
"As a system, I want to use the SESSION_COOKIE_SECURE config to determine if the cookie should be secure, so that the cookie is only sent over HTTPS.","request, session, g, and current_app are all proxies tied to a context. They only work while the right app or request context is active.",0.13745704467353953,0.20689655172413793,0.24,0.22222222222222224,0.0,0.0,0.0,0.13793103448275862,0.16,0.14814814814814817,0.849982738494873,0.8558213114738464,0.8528919816017151,0.27653956413269043
"As a system, I want to use the SESSION_COOKIE_SECURE config to determine if the cookie should be secure, so that the cookie is only sent over HTTPS.","Flask's session object doesn't notice when you mutate something in place, like appending to a list. You need to manually set session.modified = True when that happens.",0.12578616352201258,0.1724137931034483,0.1724137931034483,0.1724137931034483,0.0,0.0,0.0,0.13793103448275862,0.13793103448275862,0.13793103448275862,0.8473682403564453,0.8582030534744263,0.8527512550354004,0.2583174407482147
"As a system, I want to use the SESSION_COOKIE_SECURE config to determine if the cookie should be secure, so that the cookie is only sent over HTTPS.",Sessions are stored in a signed cookie that normally disappears when the browser closes. Setting permanent to True keeps it alive for as long as PERMANENT_SESSION_LIFETIME says.,0.12027491408934708,0.2413793103448276,0.2413793103448276,0.2413793103448276,0.0,0.0,0.0,0.13793103448275862,0.13793103448275862,0.13793103448275862,0.8673220872879028,0.8461872339248657,0.8566243052482605,0.40471771359443665
"As a system, I want to use the SESSION_COOKIE_SECURE config to determine if the cookie should be secure, so that the cookie is only sent over HTTPS.","Trailing slashes matter for routing. A route defined with a trailing slash will redirect a request without one to the slash version, and a route without a trailing slash returns a 404 if someone requests it with one.",0.10025062656641603,0.13793103448275862,0.10526315789473684,0.11940298507462686,0.0,0.0,0.0,0.13793103448275862,0.10526315789473684,0.11940298507462686,0.8371955752372742,0.8371278643608093,0.8371617197990417,-0.05493480712175369
"As a system, I want to use the SESSION_COOKIE_SECURE config to determine if the cookie should be secure, so that the cookie is only sent over HTTPS.","If a route has a default value and also accepts POST, the version with the default should only handle GET, since a redirect can't carry form data along with it.",0.1636904761904762,0.20689655172413793,0.1935483870967742,0.19999999999999998,0.0,0.0,0.0,0.1724137931034483,0.16129032258064516,0.16666666666666669,0.8462721109390259,0.8517005443572998,0.8489776253700256,0.13451656699180603
"As a system, I want to use the SESSION_COOKIE_SECURE config to determine if the cookie should be secure, so that the cookie is only sent over HTTPS.","Routes default to handling GET, along with HEAD. OPTIONS gets added automatically unless provide_automatic_options is turned off.",0.09523809523809526,0.06896551724137931,0.10526315789473684,0.08333333333333333,0.0,0.0,0.0,0.06896551724137931,0.10526315789473684,0.08333333333333333,0.8401036858558655,0.8507992029190063,0.8454175591468811,0.17941761016845703
"As a system, I want to use the SESSION_COOKIE_SECURE config to determine if the cookie should be secure, so that the cookie is only sent over HTTPS.","A view's endpoint name comes from its function name unless you set one explicitly, and it automatically gets prefixed with the blueprint's name if it's registered through one.",0.10703363914373087,0.10344827586206896,0.0967741935483871,0.09999999999999999,0.0,0.0,0.0,0.10344827586206896,0.0967741935483871,0.09999999999999999,0.8380534052848816,0.8378485441207886,0.8379510045051575,-0.022937942296266556
"As a system, I want to use the SESSION_COOKIE_SECURE config to determine if the cookie should be secure, so that the cookie is only sent over HTTPS.","If a view function has a required_methods attribute, Flask will always include those methods on the route, even if you explicitly set different ones in the route() call.",0.15290519877675843,0.13793103448275862,0.13793103448275862,0.13793103448275862,0.0,0.0,0.0,0.13793103448275862,0.13793103448275862,0.13793103448275862,0.858021080493927,0.8588528633117676,0.8584368228912354,0.09980013221502304
"As a system, I want to use the SESSION_COOKIE_SAMESITE config to determine the SameSite attribute for the cookie, so that the cookie's cross-site request behavior is controlled.","request, session, g, and current_app are all proxies tied to a context. They only work while the right app or request context is active.",0.13698630136986303,0.1935483870967742,0.24,0.21428571428571427,0.0,0.0,0.0,0.16129032258064516,0.2,0.17857142857142855,0.8461018800735474,0.8576398491859436,0.8518317341804504,0.3571961522102356
"As a system, I want to use the SESSION_COOKIE_SAMESITE config to determine the SameSite attribute for the cookie, so that the cookie's cross-site request behavior is controlled.","Flask's session object doesn't notice when you mutate something in place, like appending to a list. You need to manually set session.modified = True when that happens.",0.12539184952978055,0.1935483870967742,0.20689655172413793,0.19999999999999998,0.0,0.0,0.0,0.12903225806451613,0.13793103448275862,0.13333333333333333,0.8463072776794434,0.8591703176498413,0.8526902794837952,0.214760422706604
"As a system, I want to use the SESSION_COOKIE_SAMESITE config to determine the SameSite attribute for the cookie, so that the cookie's cross-site request behavior is controlled.",Sessions are stored in a signed cookie that normally disappears when the browser closes. Setting permanent to True keeps it alive for as long as PERMANENT_SESSION_LIFETIME says.,0.13698630136986303,0.25806451612903225,0.27586206896551724,0.26666666666666666,0.0,0.0,0.0,0.12903225806451613,0.13793103448275862,0.13333333333333333,0.8599529266357422,0.8393880128860474,0.8495460152626038,0.33320003747940063
"As a system, I want to use the SESSION_COOKIE_SAMESITE config to determine the SameSite attribute for the cookie, so that the cookie's cross-site request behavior is controlled.","Trailing slashes matter for routing. A route defined with a trailing slash will redirect a request without one to the slash version, and a route without a trailing slash returns a 404 if someone requests it with one.",0.1125,0.16129032258064516,0.13157894736842105,0.14492753623188406,0.0,0.0,0.0,0.12903225806451613,0.10526315789473684,0.11594202898550723,0.8382778763771057,0.8393052816390991,0.8387911915779114,0.008563515730202198
"As a system, I want to use the SESSION_COOKIE_SAMESITE config to determine the SameSite attribute for the cookie, so that the cookie's cross-site request behavior is controlled.","If a route has a default value and also accepts POST, the version with the default should only handle GET, since a redirect can't carry form data along with it.",0.10385756676557864,0.0967741935483871,0.0967741935483871,0.0967741935483871,0.0,0.0,0.0,0.0967741935483871,0.0967741935483871,0.0967741935483871,0.8364508152008057,0.8471142053604126,0.8417487144470215,0.18586528301239014
"As a system, I want to use the SESSION_COOKIE_SAMESITE config to determine the SameSite attribute for the cookie, so that the cookie's cross-site request behavior is controlled.","Routes default to handling GET, along with HEAD. OPTIONS gets added automatically unless provide_automatic_options is turned off.",0.0947867298578199,0.06451612903225806,0.10526315789473684,0.07999999999999999,0.0,0.0,0.0,0.06451612903225806,0.10526315789473684,0.07999999999999999,0.8353233337402344,0.8496668338775635,0.8424340486526489,0.21125635504722595
"As a system, I want to use the SESSION_COOKIE_SAMESITE config to determine the SameSite attribute for the cookie, so that the cookie's cross-site request behavior is controlled.","A view's endpoint name comes from its function name unless you set one explicitly, and it automatically gets prefixed with the blueprint's name if it's registered through one.",0.10670731707317073,0.0967741935483871,0.0967741935483871,0.0967741935483871,0.0,0.0,0.0,0.0967741935483871,0.0967741935483871,0.0967741935483871,0.8411883115768433,0.8411912322044373,0.8411898016929626,0.05442798137664795
"As a system, I want to use the SESSION_COOKIE_SAMESITE config to determine the SameSite attribute for the cookie, so that the cookie's cross-site request behavior is controlled.","If a view function has a required_methods attribute, Flask will always include those methods on the route, even if you explicitly set different ones in the route() call.",0.1524390243902439,0.12903225806451613,0.13793103448275862,0.13333333333333333,0.0,0.0,0.0,0.12903225806451613,0.13793103448275862,0.13333333333333333,0.855204164981842,0.860244870185852,0.8577170968055725,0.1102316826581955
"As a system, I want to use the SESSION_COOKIE_PARTITIONED config to determine if the cookie should be partitioned, so that the cookie's storage is managed according to privacy requirements.","request, session, g, and current_app are all proxies tied to a context. They only work while the right app or request context is active.",0.11904761904761905,0.15625,0.2,0.17543859649122806,0.0,0.0,0.0,0.125,0.16,0.14035087719298245,0.8481811881065369,0.8533823490142822,0.8507737517356873,0.24195106327533722
"As a system, I want to use the SESSION_COOKIE_PARTITIONED config to determine if the cookie should be partitioned, so that the cookie's storage is managed according to privacy requirements.","Flask's session object doesn't notice when you mutate something in place, like appending to a list. You need to manually set session.modified = True when that happens.",0.12461059190031153,0.1875,0.20689655172413793,0.19672131147540986,0.0,0.0,0.0,0.125,0.13793103448275862,0.13114754098360656,0.8514848351478577,0.8599172830581665,0.8556802272796631,0.2512674331665039
"As a system, I want to use the SESSION_COOKIE_PARTITIONED config to determine if the cookie should be partitioned, so that the cookie's storage is managed according to privacy requirements.",Sessions are stored in a signed cookie that normally disappears when the browser closes. Setting permanent to True keeps it alive for as long as PERMANENT_SESSION_LIFETIME says.,0.11904761904761905,0.21875,0.2413793103448276,0.22950819672131145,0.0,0.0,0.0,0.15625,0.1724137931034483,0.1639344262295082,0.8687001466751099,0.8482203483581543,0.8583381175994873,0.362547904253006
"As a system, I want to use the SESSION_COOKIE_PARTITIONED config to determine if the cookie should be partitioned, so that the cookie's storage is managed according to privacy requirements.","Trailing slashes matter for routing. A route defined with a trailing slash will redirect a request without one to the slash version, and a route without a trailing slash returns a 404 if someone requests it with one.",0.09950248756218905,0.125,0.10526315789473684,0.11428571428571428,0.0,0.0,0.0,0.125,0.10526315789473684,0.11428571428571428,0.8400029540061951,0.835300862789154,0.8376453518867493,-0.101247638463974
"As a system, I want to use the SESSION_COOKIE_PARTITIONED config to determine if the cookie should be partitioned, so that the cookie's storage is managed according to privacy requirements.","If a route has a default value and also accepts POST, the version with the default should only handle GET, since a redirect can't carry form data along with it.",0.13274336283185842,0.15625,0.16129032258064516,0.15873015873015875,0.0,0.0,0.0,0.125,0.12903225806451613,0.12698412698412698,0.84162837266922,0.8439919948577881,0.8428086042404175,0.034350354224443436
"As a system, I want to use the SESSION_COOKIE_PARTITIONED config to determine if the cookie should be partitioned, so that the cookie's storage is managed according to privacy requirements.","Routes default to handling GET, along with HEAD. OPTIONS gets added automatically unless provide_automatic_options is turned off.",0.09389671361502348,0.0625,0.10526315789473684,0.0784313725490196,0.0,0.0,0.0,0.0625,0.10526315789473684,0.0784313725490196,0.8392740488052368,0.8486160635948181,0.8439192175865173,0.10943885892629623
"As a system, I want to use the SESSION_COOKIE_PARTITIONED config to determine if the cookie should be partitioned, so that the cookie's storage is managed according to privacy requirements.","A view's endpoint name comes from its function name unless you set one explicitly, and it automatically gets prefixed with the blueprint's name if it's registered through one.",0.12121212121212122,0.125,0.12903225806451613,0.12698412698412698,0.0,0.0,0.0,0.125,0.12903225806451613,0.12698412698412698,0.8414427042007446,0.836667001247406,0.8390480875968933,-0.030773868784308434
"As a system, I want to use the SESSION_COOKIE_PARTITIONED config to determine if the cookie should be partitioned, so that the cookie's storage is managed according to privacy requirements.","If a view function has a required_methods attribute, Flask will always include those methods on the route, even if you explicitly set different ones in the route() call.",0.15151515151515152,0.15625,0.1724137931034483,0.1639344262295082,0.0,0.0,0.0,0.125,0.13793103448275862,0.13114754098360656,0.856950044631958,0.8587638139724731,0.8578559756278992,0.11311404407024384
"As a developer, I want to ensure that either positional or keyword arguments can be given to the response method, but not both, so that the method can correctly serialize the data.","request, session, g, and current_app are all proxies tied to a context. They only work while the right app or request context is active.",0.13468013468013468,0.125,0.16,0.14035087719298245,0.0,0.0,0.0,0.0625,0.08,0.07017543859649122,0.8538253903388977,0.8456804752349854,0.8497334718704224,0.06105932593345642
"As a developer, I want to ensure that either positional or keyword arguments can be given to the response method, but not both, so that the method can correctly serialize the data.","Flask's session object doesn't notice when you mutate something in place, like appending to a list. You need to manually set session.modified = True when that happens.",0.10802469135802469,0.125,0.13793103448275862,0.13114754098360656,0.0,0.0,0.0,0.09375,0.10344827586206896,0.09836065573770493,0.8561819195747375,0.8525875210762024,0.8543809652328491,-0.024407057091593742
"As a developer, I want to ensure that either positional or keyword arguments can be given to the response method, but not both, so that the method can correctly serialize the data.",Sessions are stored in a signed cookie that normally disappears when the browser closes. Setting permanent to True keeps it alive for as long as PERMANENT_SESSION_LIFETIME says.,0.10101010101010102,0.15625,0.1724137931034483,0.1639344262295082,0.0,0.0,0.0,0.09375,0.10344827586206896,0.09836065573770493,0.8424906730651855,0.807648777961731,0.8247019052505493,-0.10192343592643738
"As a developer, I want to ensure that either positional or keyword arguments can be given to the response method, but not both, so that the method can correctly serialize the data.","Trailing slashes matter for routing. A route defined with a trailing slash will redirect a request without one to the slash version, and a route without a trailing slash returns a 404 if someone requests it with one.",0.09876543209876544,0.09375,0.07894736842105263,0.08571428571428572,0.03225806451612903,0.02702702702702703,0.029411764705882353,0.09375,0.07894736842105263,0.08571428571428572,0.8558807373046875,0.8322348594665527,0.8438922166824341,0.07457751035690308
"As a developer, I want to ensure that either positional or keyword arguments can be given to the response method, but not both, so that the method can correctly serialize the data.","If a route has a default value and also accepts POST, the version with the default should only handle GET, since a redirect can't carry form data along with it.",0.13157894736842105,0.15625,0.16129032258064516,0.15873015873015875,0.0,0.0,0.0,0.15625,0.16129032258064516,0.15873015873015875,0.8640771508216858,0.8501654863357544,0.8570648431777954,0.19134649634361267
"As a developer, I want to ensure that either positional or keyword arguments can be given to the response method, but not both, so that the method can correctly serialize the data.","Routes default to handling GET, along with HEAD. OPTIONS gets added automatically unless provide_automatic_options is turned off.",0.0925925925925926,0.03125,0.05263157894736842,0.0392156862745098,0.0,0.0,0.0,0.03125,0.05263157894736842,0.0392156862745098,0.8425120115280151,0.8334790468215942,0.8379711508750916,0.17019861936569214
"As a developer, I want to ensure that either positional or keyword arguments can be given to the response method, but not both, so that the method can correctly serialize the data.","A view's endpoint name comes from its function name unless you set one explicitly, and it automatically gets prefixed with the blueprint's name if it's registered through one.",0.09009009009009009,0.0625,0.06451612903225806,0.06349206349206349,0.0,0.0,0.0,0.0625,0.06451612903225806,0.06349206349206349,0.8578596115112305,0.8328487873077393,0.8451692461967468,0.08772297948598862
"As a developer, I want to ensure that either positional or keyword arguments can be given to the response method, but not both, so that the method can correctly serialize the data.","If a view function has a required_methods attribute, Flask will always include those methods on the route, even if you explicitly set different ones in the route() call.",0.13513513513513514,0.15625,0.1724137931034483,0.1639344262295082,0.0,0.0,0.0,0.125,0.13793103448275862,0.13114754098360656,0.867524266242981,0.8594307899475098,0.863458514213562,0.17618821561336517
"As a developer, I want the response method to serialize None if no arguments are given, so that the response is valid JSON.","request, session, g, and current_app are all proxies tied to a context. They only work while the right app or request context is active.",0.1393728222996516,0.21739130434782608,0.2,0.20833333333333331,0.0,0.0,0.0,0.13043478260869565,0.12,0.12499999999999997,0.8547934293746948,0.8486582636833191,0.8517148494720459,0.003241226077079773
"As a developer, I want the response method to serialize None if no arguments are given, so that the response is valid JSON.","Flask's session object doesn't notice when you mutate something in place, like appending to a list. You need to manually set session.modified = True when that happens.",0.09554140127388534,0.13043478260869565,0.10344827586206896,0.11538461538461538,0.0,0.0,0.0,0.13043478260869565,0.10344827586206896,0.11538461538461538,0.8604034781455994,0.8625774383544922,0.8614890575408936,0.015304302796721458
"As a developer, I want the response method to serialize None if no arguments are given, so that the response is valid JSON.",Sessions are stored in a signed cookie that normally disappears when the browser closes. Setting permanent to True keeps it alive for as long as PERMANENT_SESSION_LIFETIME says.,0.1219512195121951,0.2608695652173913,0.20689655172413793,0.23076923076923075,0.0,0.0,0.0,0.13043478260869565,0.10344827586206896,0.11538461538461538,0.8483716249465942,0.8157913684844971,0.8317626118659973,-0.04441968724131584
"As a developer, I want the response method to serialize None if no arguments are given, so that the response is valid JSON.","Trailing slashes matter for routing. A route defined with a trailing slash will redirect a request without one to the slash version, and a route without a trailing slash returns a 404 if someone requests it with one.",0.11392405063291138,0.17391304347826086,0.10526315789473684,0.13114754098360656,0.0,0.0,0.0,0.13043478260869565,0.07894736842105263,0.09836065573770492,0.8603036999702454,0.8422837853431702,0.8511983752250671,0.127052903175354
"As a developer, I want the response method to serialize None if no arguments are given, so that the response is valid JSON.","If a route has a default value and also accepts POST, the version with the default should only handle GET, since a redirect can't carry form data along with it.",0.1355421686746988,0.17391304347826086,0.12903225806451613,0.14814814814814814,0.0,0.0,0.0,0.13043478260869565,0.0967741935483871,0.1111111111111111,0.8650475740432739,0.8515527248382568,0.8582471013069153,0.2154955416917801
"As a developer, I want the response method to serialize None if no arguments are given, so that the response is valid JSON.","Routes default to handling GET, along with HEAD. OPTIONS gets added automatically unless provide_automatic_options is turned off.",0.12135922330097088,0.08695652173913043,0.10526315789473684,0.09523809523809525,0.0,0.0,0.0,0.08695652173913043,0.10526315789473684,0.09523809523809525,0.8468132019042969,0.8445962071418762,0.8457032442092896,0.17306768894195557
"As a developer, I want the response method to serialize None if no arguments are given, so that the response is valid JSON.","A view's endpoint name comes from its function name unless you set one explicitly, and it automatically gets prefixed with the blueprint's name if it's registered through one.",0.10835913312693499,0.13043478260869565,0.0967741935483871,0.1111111111111111,0.0,0.0,0.0,0.13043478260869565,0.0967741935483871,0.1111111111111111,0.8605624437332153,0.8422979116439819,0.8513321876525879,-0.00013422034680843353
"As a developer, I want the response method to serialize None if no arguments are given, so that the response is valid JSON.","If a view function has a required_methods attribute, Flask will always include those methods on the route, even if you explicitly set different ones in the route() call.",0.15479876160990713,0.21739130434782608,0.1724137931034483,0.19230769230769232,0.0,0.0,0.0,0.17391304347826086,0.13793103448275862,0.15384615384615385,0.8699787855148315,0.8664502501487732,0.8682109713554382,0.1294855922460556
"As a developer, I want the dumps method to use a default serialization function for unsupported types, so that all data can be converted to valid JSON.","request, session, g, and current_app are all proxies tied to a context. They only work while the right app or request context is active.",0.13745704467353953,0.14814814814814814,0.16,0.15384615384615383,0.0,0.0,0.0,0.07407407407407407,0.08,0.07692307692307691,0.855928897857666,0.8396427035331726,0.8477075695991516,-0.05138568580150604
"As a developer, I want the dumps method to use a default serialization function for unsupported types, so that all data can be converted to valid JSON.","Flask's session object doesn't notice when you mutate something in place, like appending to a list. You need to manually set session.modified = True when that happens.",0.110062893081761,0.14814814814814814,0.13793103448275862,0.14285714285714285,0.0,0.0,0.0,0.1111111111111111,0.10344827586206896,0.10714285714285715,0.8592376112937927,0.85246741771698,0.8558391332626343,-0.044228650629520416
"As a developer, I want the dumps method to use a default serialization function for unsupported types, so that all data can be converted to valid JSON.",Sessions are stored in a signed cookie that normally disappears when the browser closes. Setting permanent to True keeps it alive for as long as PERMANENT_SESSION_LIFETIME says.,0.12027491408934708,0.2222222222222222,0.20689655172413793,0.2142857142857143,0.0,0.0,0.0,0.14814814814814814,0.13793103448275862,0.14285714285714285,0.8474094867706299,0.8086249828338623,0.8275630474090576,-0.15972882509231567
"As a developer, I want the dumps method to use a default serialization function for unsupported types, so that all data can be converted to valid JSON.","Trailing slashes matter for routing. A route defined with a trailing slash will redirect a request without one to the slash version, and a route without a trailing slash returns a 404 if someone requests it with one.",0.11278195488721804,0.18518518518518517,0.13157894736842105,0.15384615384615383,0.0,0.0,0.0,0.1111111111111111,0.07894736842105263,0.09230769230769231,0.8570745587348938,0.830746054649353,0.8437049388885498,-0.029803898185491562
"As a developer, I want the dumps method to use a default serialization function for unsupported types, so that all data can be converted to valid JSON.","If a route has a default value and also accepts POST, the version with the default should only handle GET, since a redirect can't carry form data along with it.",0.1488095238095238,0.2222222222222222,0.1935483870967742,0.20689655172413793,0.038461538461538464,0.03333333333333333,0.03571428571428572,0.14814814814814814,0.12903225806451613,0.13793103448275862,0.870661735534668,0.8568830490112305,0.8637174963951111,0.18541383743286133
"As a developer, I want the dumps method to use a default serialization function for unsupported types, so that all data can be converted to valid JSON.","Routes default to handling GET, along with HEAD. OPTIONS gets added automatically unless provide_automatic_options is turned off.",0.11904761904761905,0.07407407407407407,0.10526315789473684,0.08695652173913043,0.0,0.0,0.0,0.07407407407407407,0.10526315789473684,0.08695652173913043,0.8509753346443176,0.8413482904434204,0.8461344242095947,0.1636178344488144
"As a developer, I want the dumps method to use a default serialization function for unsupported types, so that all data can be converted to valid JSON.","A view's endpoint name comes from its function name unless you set one explicitly, and it automatically gets prefixed with the blueprint's name if it's registered through one.",0.10703363914373087,0.1111111111111111,0.0967741935483871,0.10344827586206896,0.0,0.0,0.0,0.07407407407407407,0.06451612903225806,0.06896551724137931,0.8623196482658386,0.8337839841842651,0.847811758518219,-0.002067629247903824
"As a developer, I want the dumps method to use a default serialization function for unsupported types, so that all data can be converted to valid JSON.","If a view function has a required_methods attribute, Flask will always include those methods on the route, even if you explicitly set different ones in the route() call.",0.13761467889908252,0.18518518518518517,0.1724137931034483,0.17857142857142858,0.0,0.0,0.0,0.07407407407407407,0.06896551724137931,0.07142857142857142,0.8692938089370728,0.8556298613548279,0.8624077439308167,0.04864963889122009
"As a developer, I want the dumps method to ensure ASCII characters are replaced with escape sequences if ensure_ascii is set to True, so that the output is compatible with more clients.","request, session, g, and current_app are all proxies tied to a context. They only work while the right app or request context is active.",0.13513513513513511,0.15151515151515152,0.2,0.17241379310344826,0.0,0.0,0.0,0.12121212121212122,0.16,0.1379310344827586,0.8422099351882935,0.8454694747924805,0.8438365459442139,0.007894996553659439
"As a developer, I want the dumps method to ensure ASCII characters are replaced with escape sequences if ensure_ascii is set to True, so that the output is compatible with more clients.","Flask's session object doesn't notice when you mutate something in place, like appending to a list. You need to manually set session.modified = True when that happens.",0.1393188854489164,0.18181818181818182,0.20689655172413793,0.1935483870967742,0.0,0.0,0.0,0.15151515151515152,0.1724137931034483,0.16129032258064518,0.8512406945228577,0.8586562871932983,0.8549323678016663,-0.0005745077505707741
"As a developer, I want the dumps method to ensure ASCII characters are replaced with escape sequences if ensure_ascii is set to True, so that the output is compatible with more clients.",Sessions are stored in a signed cookie that normally disappears when the browser closes. Setting permanent to True keeps it alive for as long as PERMANENT_SESSION_LIFETIME says.,0.19728061394728066,0.24242424242424243,0.27586206896551724,0.2580645161290323,0.03125,0.03571428571428571,0.03333333333333333,0.15151515151515152,0.1724137931034483,0.16129032258064518,0.8484346270561218,0.8291534185409546,0.8386832475662231,-0.02423180639743805
"As a developer, I want the dumps method to ensure ASCII characters are replaced with escape sequences if ensure_ascii is set to True, so that the output is compatible with more clients.","Trailing slashes matter for routing. A route defined with a trailing slash will redirect a request without one to the slash version, and a route without a trailing slash returns a 404 if someone requests it with one.",0.12376237623762376,0.18181818181818182,0.15789473684210525,0.16901408450704225,0.0,0.0,0.0,0.15151515151515152,0.13157894736842105,0.14084507042253522,0.8384672999382019,0.8361529111862183,0.8373085260391235,0.012095276266336441
"As a developer, I want the dumps method to ensure ASCII characters are replaced with escape sequences if ensure_ascii is set to True, so that the output is compatible with more clients.","If a route has a default value and also accepts POST, the version with the default should only handle GET, since a redirect can't carry form data along with it.",0.16129032258064516,0.18181818181818182,0.1935483870967742,0.18750000000000003,0.0,0.0,0.0,0.15151515151515152,0.16129032258064516,0.15625,0.8440656661987305,0.8444592952728271,0.844262421131134,0.08167487382888794
"As a developer, I want the dumps method to ensure ASCII characters are replaced with escape sequences if ensure_ascii is set to True, so that the output is compatible with more clients.","Routes default to handling GET, along with HEAD. OPTIONS gets added automatically unless provide_automatic_options is turned off.",0.13953488372093023,0.09090909090909091,0.15789473684210525,0.11538461538461539,0.0,0.0,0.0,0.09090909090909091,0.15789473684210525,0.11538461538461539,0.8432375192642212,0.8601548075675964,0.8516121506690979,0.11770763993263245
"As a developer, I want the dumps method to ensure ASCII characters are replaced with escape sequences if ensure_ascii is set to True, so that the output is compatible with more clients.","A view's endpoint name comes from its function name unless you set one explicitly, and it automatically gets prefixed with the blueprint's name if it's registered through one.",0.1355421686746988,0.15151515151515152,0.16129032258064516,0.15625,0.0,0.0,0.0,0.09090909090909091,0.0967741935483871,0.09375000000000001,0.8383097648620605,0.8393114805221558,0.8388103246688843,0.021662110462784767
"As a developer, I want the dumps method to ensure ASCII characters are replaced with escape sequences if ensure_ascii is set to True, so that the output is compatible with more clients.","If a view function has a required_methods attribute, Flask will always include those methods on the route, even if you explicitly set different ones in the route() call.",0.16566265060240962,0.18181818181818182,0.20689655172413793,0.1935483870967742,0.0,0.0,0.0,0.15151515151515152,0.1724137931034483,0.16129032258064518,0.8581678867340088,0.8632477521896362,0.8607003688812256,-0.01442987471818924
"As a developer, I want the dumps method to sort the keys in serialized dictionaries if sort_keys is set to True, so that the output is consistent and can be cached effectively.","request, session, g, and current_app are all proxies tied to a context. They only work while the right app or request context is active.",0.13513513513513511,0.15151515151515152,0.2,0.17241379310344826,0.0,0.0,0.0,0.09090909090909091,0.12,0.10344827586206896,0.849552571773529,0.84449303150177,0.8470152616500854,-0.009431916289031506
"As a developer, I want the dumps method to sort the keys in serialized dictionaries if sort_keys is set to True, so that the output is consistent and can be cached effectively.","Flask's session object doesn't notice when you mutate something in place, like appending to a list. You need to manually set session.modified = True when that happens.",0.1547987616099071,0.21212121212121213,0.2413793103448276,0.22580645161290322,0.0,0.0,0.0,0.15151515151515152,0.1724137931034483,0.16129032258064518,0.8590899705886841,0.8634017705917358,0.8612405061721802,0.08963336795568466
"As a developer, I want the dumps method to sort the keys in serialized dictionaries if sort_keys is set to True, so that the output is consistent and can be cached effectively.",Sessions are stored in a signed cookie that normally disappears when the browser closes. Setting permanent to True keeps it alive for as long as PERMANENT_SESSION_LIFETIME says.,0.19728061394728066,0.24242424242424243,0.27586206896551724,0.2580645161290323,0.03125,0.03571428571428571,0.03333333333333333,0.15151515151515152,0.1724137931034483,0.16129032258064518,0.8515779376029968,0.8269882798194885,0.8391029834747314,0.014005176723003387
"As a developer, I want the dumps method to sort the keys in serialized dictionaries if sort_keys is set to True, so that the output is consistent and can be cached effectively.","Trailing slashes matter for routing. A route defined with a trailing slash will redirect a request without one to the slash version, and a route without a trailing slash returns a 404 if someone requests it with one.",0.11138613861386139,0.15151515151515152,0.13157894736842105,0.14084507042253522,0.0,0.0,0.0,0.12121212121212122,0.10526315789473684,0.11267605633802817,0.8470468521118164,0.834972620010376,0.8409663438796997,-0.02634267508983612
"As a developer, I want the dumps method to sort the keys in serialized dictionaries if sort_keys is set to True, so that the output is consistent and can be cached effectively.","If a route has a default value and also accepts POST, the version with the default should only handle GET, since a redirect can't carry form data along with it.",0.16129032258064516,0.18181818181818182,0.1935483870967742,0.18750000000000003,0.0,0.0,0.0,0.12121212121212122,0.12903225806451613,0.125,0.8542546033859253,0.8453736305236816,0.8497909307479858,0.046851541846990585
"As a developer, I want the dumps method to sort the keys in serialized dictionaries if sort_keys is set to True, so that the output is consistent and can be cached effectively.","Routes default to handling GET, along with HEAD. OPTIONS gets added automatically unless provide_automatic_options is turned off.",0.11627906976744187,0.06060606060606061,0.10526315789473684,0.07692307692307693,0.0,0.0,0.0,0.06060606060606061,0.10526315789473684,0.07692307692307693,0.8449026346206665,0.8574162721633911,0.8511134386062622,0.11730043590068817
"As a developer, I want the dumps method to sort the keys in serialized dictionaries if sort_keys is set to True, so that the output is consistent and can be cached effectively.","A view's endpoint name comes from its function name unless you set one explicitly, and it automatically gets prefixed with the blueprint's name if it's registered through one.",0.15060240963855423,0.15151515151515152,0.16129032258064516,0.15625,0.0,0.0,0.0,0.09090909090909091,0.0967741935483871,0.09375000000000001,0.8501721620559692,0.8387531042098999,0.8444240093231201,-0.05482940748333931
"As a developer, I want the dumps method to sort the keys in serialized dictionaries if sort_keys is set to True, so that the output is consistent and can be cached effectively.","If a view function has a required_methods attribute, Flask will always include those methods on the route, even if you explicitly set different ones in the route() call.",0.18072289156626503,0.21212121212121213,0.2413793103448276,0.22580645161290322,0.0,0.0,0.0,0.18181818181818182,0.20689655172413793,0.1935483870967742,0.8639101386070251,0.8661959171295166,0.8650515079498291,0.025983119383454323
"As a developer, I want the response output to be compact if compact is set to True or None in non-debug mode, so that the response size is minimized.","request, session, g, and current_app are all proxies tied to a context. They only work while the right app or request context is active.",0.13651877133105803,0.16666666666666666,0.2,0.1818181818181818,0.0,0.0,0.0,0.13333333333333333,0.16,0.14545454545454545,0.8556327819824219,0.8457515239715576,0.850663423538208,-0.015352541580796242
"As a developer, I want the response output to be compact if compact is set to True or None in non-debug mode, so that the response size is minimized.","Flask's session object doesn't notice when you mutate something in place, like appending to a list. You need to manually set session.modified = True when that happens.",0.15625,0.23333333333333334,0.2413793103448276,0.23728813559322037,0.0,0.0,0.0,0.16666666666666666,0.1724137931034483,0.16949152542372883,0.8659844398498535,0.8641965985298157,0.8650895953178406,0.008065160363912582
"As a developer, I want the response output to be compact if compact is set to True or None in non-debug mode, so that the response size is minimized.",Sessions are stored in a signed cookie that normally disappears when the browser closes. Setting permanent to True keeps it alive for as long as PERMANENT_SESSION_LIFETIME says.,0.19930055197404462,0.26666666666666666,0.27586206896551724,0.2711864406779661,0.034482758620689655,0.03571428571428571,0.03508771929824562,0.16666666666666666,0.1724137931034483,0.16949152542372883,0.8646149039268494,0.8258533477783203,0.8447896838188171,0.06438800692558289
"As a developer, I want the response output to be compact if compact is set to True or None in non-debug mode, so that the response size is minimized.","Trailing slashes matter for routing. A route defined with a trailing slash will redirect a request without one to the slash version, and a route without a trailing slash returns a 404 if someone requests it with one.",0.09975062344139651,0.13333333333333333,0.10526315789473684,0.11764705882352941,0.0,0.0,0.0,0.1,0.07894736842105263,0.08823529411764706,0.8537091612815857,0.840229868888855,0.8469159007072449,-0.020504318177700043
"As a developer, I want the response output to be compact if compact is set to True or None in non-debug mode, so that the response size is minimized.","If a route has a default value and also accepts POST, the version with the default should only handle GET, since a redirect can't carry form data along with it.",0.1331360946745562,0.13333333333333333,0.12903225806451613,0.13114754098360656,0.0,0.0,0.0,0.1,0.0967741935483871,0.09836065573770492,0.8599053025245667,0.847274661064148,0.853543221950531,0.06658124923706055
"As a developer, I want the response output to be compact if compact is set to True or None in non-debug mode, so that the response size is minimized.","Routes default to handling GET, along with HEAD. OPTIONS gets added automatically unless provide_automatic_options is turned off.",0.1179245283018868,0.06666666666666667,0.10526315789473684,0.0816326530612245,0.0,0.0,0.0,0.06666666666666667,0.10526315789473684,0.0816326530612245,0.849549412727356,0.847446858882904,0.8484968543052673,0.11126551777124405
"As a developer, I want the response output to be compact if compact is set to True or None in non-debug mode, so that the response size is minimized.","A view's endpoint name comes from its function name unless you set one explicitly, and it automatically gets prefixed with the blueprint's name if it's registered through one.",0.12158054711246201,0.13333333333333333,0.12903225806451613,0.13114754098360656,0.0,0.0,0.0,0.1,0.0967741935483871,0.09836065573770492,0.8560565710067749,0.839853823184967,0.8478777408599854,0.019240621477365494
"As a developer, I want the response output to be compact if compact is set to True or None in non-debug mode, so that the response size is minimized.","If a view function has a required_methods attribute, Flask will always include those methods on the route, even if you explicitly set different ones in the route() call.",0.16717325227963525,0.2,0.20689655172413793,0.20338983050847456,0.0,0.0,0.0,0.2,0.20689655172413793,0.20338983050847456,0.8605685234069824,0.8535411357879639,0.8570404052734375,0.025744479149580002
"As a developer, I want the response output to be formatted with indentation if compact is set to False or in debug mode, so that it is easier to read.","request, session, g, and current_app are all proxies tied to a context. They only work while the right app or request context is active.",0.1360544217687075,0.16666666666666666,0.2,0.1818181818181818,0.0,0.0,0.0,0.13333333333333333,0.16,0.14545454545454545,0.8512119054794312,0.8479005098342896,0.8495529294013977,-0.06251861900091171
"As a developer, I want the response output to be formatted with indentation if compact is set to False or in debug mode, so that it is easier to read.","Flask's session object doesn't notice when you mutate something in place, like appending to a list. You need to manually set session.modified = True when that happens.",0.14018691588785046,0.2,0.20689655172413793,0.20338983050847456,0.0,0.0,0.0,0.13333333333333333,0.13793103448275862,0.13559322033898305,0.8583662509918213,0.8640367388725281,0.8611921668052673,0.056578513234853745
"As a developer, I want the response output to be formatted with indentation if compact is set to False or in debug mode, so that it is easier to read.",Sessions are stored in a signed cookie that normally disappears when the browser closes. Setting permanent to True keeps it alive for as long as PERMANENT_SESSION_LIFETIME says.,0.216156462585034,0.26666666666666666,0.27586206896551724,0.2711864406779661,0.0,0.0,0.0,0.16666666666666666,0.1724137931034483,0.16949152542372883,0.855086088180542,0.8230661153793335,0.8387706279754639,0.01200956478714943
"As a developer, I want the response output to be formatted with indentation if compact is set to False or in debug mode, so that it is easier to read.","Trailing slashes matter for routing. A route defined with a trailing slash will redirect a request without one to the slash version, and a route without a trailing slash returns a 404 if someone requests it with one.",0.12437810945273632,0.2,0.15789473684210525,0.17647058823529413,0.0,0.0,0.0,0.13333333333333333,0.10526315789473684,0.11764705882352941,0.8495432138442993,0.8414407968521118,0.8454725742340088,0.02193378657102585
"As a developer, I want the response output to be formatted with indentation if compact is set to False or in debug mode, so that it is easier to read.","If a route has a default value and also accepts POST, the version with the default should only handle GET, since a redirect can't carry form data along with it.",0.14749262536873153,0.16666666666666666,0.16129032258064516,0.16393442622950818,0.0,0.0,0.0,0.13333333333333333,0.12903225806451613,0.13114754098360656,0.8557092547416687,0.8505641222000122,0.853128969669342,0.08263552188873291
"As a developer, I want the response output to be formatted with indentation if compact is set to False or in debug mode, so that it is easier to read.","Routes default to handling GET, along with HEAD. OPTIONS gets added automatically unless provide_automatic_options is turned off.",0.14084507042253522,0.1,0.15789473684210525,0.12244897959183673,0.0,0.0,0.0,0.1,0.15789473684210525,0.12244897959183673,0.8424069881439209,0.8459898233413696,0.8441946506500244,0.09394846111536026
"As a developer, I want the response output to be formatted with indentation if compact is set to False or in debug mode, so that it is easier to read.","A view's endpoint name comes from its function name unless you set one explicitly, and it automatically gets prefixed with the blueprint's name if it's registered through one.",0.15151515151515152,0.2,0.1935483870967742,0.19672131147540983,0.0,0.0,0.0,0.13333333333333333,0.12903225806451613,0.13114754098360656,0.8555829524993896,0.8444346189498901,0.8499722480773926,0.03643205761909485
"As a developer, I want the response output to be formatted with indentation if compact is set to False or in debug mode, so that it is easier to read.","If a view function has a required_methods attribute, Flask will always include those methods on the route, even if you explicitly set different ones in the route() call.",0.15151515151515152,0.16666666666666666,0.1724137931034483,0.16949152542372883,0.0,0.0,0.0,0.16666666666666666,0.1724137931034483,0.16949152542372883,0.8550173044204712,0.8528271317481995,0.8539207577705383,0.02916037291288376
"As a developer, I want to raise a TypeError if the response method receives both args and kwargs, so that the method enforces correct usage.","request, session, g, and current_app are all proxies tied to a context. They only work while the right app or request context is active.",0.1384083044982699,0.16,0.16,0.16,0.0,0.0,0.0,0.12,0.12,0.12,0.8471980690956116,0.8504500389099121,0.8488209843635559,0.08825553208589554
"As a developer, I want to raise a TypeError if the response method receives both args and kwargs, so that the method enforces correct usage.","Flask's session object doesn't notice when you mutate something in place, like appending to a list. You need to manually set session.modified = True when that happens.",0.15176956858692844,0.12,0.10344827586206896,0.11111111111111112,0.0,0.0,0.0,0.12,0.10344827586206896,0.11111111111111112,0.8525522947311401,0.8567923307418823,0.854667067527771,0.07931827008724213
"As a developer, I want to raise a TypeError if the response method receives both args and kwargs, so that the method enforces correct usage.",Sessions are stored in a signed cookie that normally disappears when the browser closes. Setting permanent to True keeps it alive for as long as PERMANENT_SESSION_LIFETIME says.,0.12110726643598617,0.2,0.1724137931034483,0.1851851851851852,0.0,0.0,0.0,0.12,0.10344827586206896,0.11111111111111112,0.835766077041626,0.808003306388855,0.8216502070426941,-0.13792887330055237
"As a developer, I want to raise a TypeError if the response method receives both args and kwargs, so that the method enforces correct usage.","Trailing slashes matter for routing. A route defined with a trailing slash will redirect a request without one to the slash version, and a route without a trailing slash returns a 404 if someone requests it with one.",0.12594458438287154,0.24,0.15789473684210525,0.19047619047619047,0.0,0.0,0.0,0.16,0.10526315789473684,0.12698412698412698,0.8544888496398926,0.841748833656311,0.8480709791183472,0.08737146854400635
"As a developer, I want to raise a TypeError if the response method receives both args and kwargs, so that the method enforces correct usage.","If a route has a default value and also accepts POST, the version with the default should only handle GET, since a redirect can't carry form data along with it.",0.16467065868263472,0.24,0.1935483870967742,0.21428571428571427,0.0,0.0,0.0,0.16,0.12903225806451613,0.14285714285714285,0.8568627834320068,0.8531080484390259,0.8549813032150269,0.2300422489643097
"As a developer, I want to raise a TypeError if the response method receives both args and kwargs, so that the method enforces correct usage.","Routes default to handling GET, along with HEAD. OPTIONS gets added automatically unless provide_automatic_options is turned off.",0.09615384615384616,0.04,0.05263157894736842,0.04545454545454545,0.0,0.0,0.0,0.04,0.05263157894736842,0.04545454545454545,0.8392637968063354,0.8368536829948425,0.8380570411682129,0.2227330505847931
"As a developer, I want to raise a TypeError if the response method receives both args and kwargs, so that the method enforces correct usage.","A view's endpoint name comes from its function name unless you set one explicitly, and it automatically gets prefixed with the blueprint's name if it's registered through one.",0.13846153846153844,0.16,0.12903225806451613,0.14285714285714285,0.0,0.0,0.0,0.12,0.0967741935483871,0.10714285714285714,0.8483133316040039,0.8342114686965942,0.8412033319473267,-0.015974607318639755
"As a developer, I want to raise a TypeError if the response method receives both args and kwargs, so that the method enforces correct usage.","If a view function has a required_methods attribute, Flask will always include those methods on the route, even if you explicitly set different ones in the route() call.",0.16923076923076918,0.28,0.2413793103448276,0.25925925925925924,0.0,0.0,0.0,0.16,0.13793103448275862,0.14814814814814817,0.8656929731369019,0.865750789642334,0.8657218217849731,0.3004196882247925
"As a developer, I want the loads method to deserialize data from a string or bytes, so that JSON data can be converted back to Python objects.","request, session, g, and current_app are all proxies tied to a context. They only work while the right app or request context is active.",0.12027491408934708,0.14814814814814814,0.16,0.15384615384615383,0.0,0.0,0.0,0.1111111111111111,0.12,0.11538461538461538,0.8478338718414307,0.8401987552642822,0.8439990282058716,0.09647881984710693
"As a developer, I want the loads method to deserialize data from a string or bytes, so that JSON data can be converted back to Python objects.","Flask's session object doesn't notice when you mutate something in place, like appending to a list. You need to manually set session.modified = True when that happens.",0.12578616352201258,0.18518518518518517,0.1724137931034483,0.17857142857142858,0.0,0.0,0.0,0.1111111111111111,0.10344827586206896,0.10714285714285715,0.8567935228347778,0.8538995385169983,0.8553440570831299,0.06500182300806046
"As a developer, I want the loads method to deserialize data from a string or bytes, so that JSON data can be converted back to Python objects.",Sessions are stored in a signed cookie that normally disappears when the browser closes. Setting permanent to True keeps it alive for as long as PERMANENT_SESSION_LIFETIME says.,0.10309278350515463,0.18518518518518517,0.1724137931034483,0.17857142857142858,0.0,0.0,0.0,0.1111111111111111,0.10344827586206896,0.10714285714285715,0.8373908996582031,0.8044306039810181,0.8205798864364624,-0.07782051712274551
"As a developer, I want the loads method to deserialize data from a string or bytes, so that JSON data can be converted back to Python objects.","Trailing slashes matter for routing. A route defined with a trailing slash will redirect a request without one to the slash version, and a route without a trailing slash returns a 404 if someone requests it with one.",0.10025062656641603,0.14814814814814814,0.10526315789473684,0.12307692307692308,0.0,0.0,0.0,0.1111111111111111,0.07894736842105263,0.09230769230769231,0.8426474332809448,0.8267568349838257,0.8346264958381653,-0.08914194256067276
"As a developer, I want the loads method to deserialize data from a string or bytes, so that JSON data can be converted back to Python objects.","If a route has a default value and also accepts POST, the version with the default should only handle GET, since a redirect can't carry form data along with it.",0.1339285714285714,0.18518518518518517,0.16129032258064516,0.17241379310344826,0.0,0.0,0.0,0.14814814814814814,0.12903225806451613,0.13793103448275862,0.8549207448959351,0.8456615209579468,0.8502659201622009,-0.0010715482058003545
"As a developer, I want the loads method to deserialize data from a string or bytes, so that JSON data can be converted back to Python objects.","Routes default to handling GET, along with HEAD. OPTIONS gets added automatically unless provide_automatic_options is turned off.",0.09523809523809526,0.037037037037037035,0.05263157894736842,0.043478260869565216,0.0,0.0,0.0,0.037037037037037035,0.05263157894736842,0.043478260869565216,0.8324180841445923,0.8292738795280457,0.8308430314064026,0.005356762558221817
"As a developer, I want the loads method to deserialize data from a string or bytes, so that JSON data can be converted back to Python objects.","A view's endpoint name comes from its function name unless you set one explicitly, and it automatically gets prefixed with the blueprint's name if it's registered through one.",0.10703363914373087,0.1111111111111111,0.0967741935483871,0.10344827586206896,0.0,0.0,0.0,0.07407407407407407,0.06451612903225806,0.06896551724137931,0.8479621410369873,0.8268564343452454,0.8372763395309448,-0.06237403675913811
"As a developer, I want the loads method to deserialize data from a string or bytes, so that JSON data can be converted back to Python objects.","If a view function has a required_methods attribute, Flask will always include those methods on the route, even if you explicitly set different ones in the route() call.",0.12232415902140674,0.14814814814814814,0.13793103448275862,0.14285714285714285,0.0,0.0,0.0,0.07407407407407407,0.06896551724137931,0.07142857142857142,0.853080153465271,0.8514753580093384,0.8522769808769226,0.04397086054086685
"As a developer, I want the load method to read JSON data from a file and deserialize it, so that data can be processed from external sources.","request, session, g, and current_app are all proxies tied to a context. They only work while the right app or request context is active.",0.13745704467353953,0.14814814814814814,0.16,0.15384615384615383,0.0,0.0,0.0,0.07407407407407407,0.08,0.07692307692307691,0.8551134467124939,0.8433659076690674,0.8491989970207214,0.09485498070716858
"As a developer, I want the load method to read JSON data from a file and deserialize it, so that data can be processed from external sources.","Flask's session object doesn't notice when you mutate something in place, like appending to a list. You need to manually set session.modified = True when that happens.",0.09433962264150944,0.1111111111111111,0.10344827586206896,0.10714285714285715,0.0,0.0,0.0,0.1111111111111111,0.10344827586206896,0.10714285714285715,0.8563490509986877,0.8531839847564697,0.8547636270523071,-0.04318585991859436
"As a developer, I want the load method to read JSON data from a file and deserialize it, so that data can be processed from external sources.",Sessions are stored in a signed cookie that normally disappears when the browser closes. Setting permanent to True keeps it alive for as long as PERMANENT_SESSION_LIFETIME says.,0.13745704467353953,0.2222222222222222,0.20689655172413793,0.2142857142857143,0.0,0.0,0.0,0.14814814814814814,0.13793103448275862,0.14285714285714285,0.846179187297821,0.8077611923217773,0.8265239596366882,-0.08863863348960876
"As a developer, I want the load method to read JSON data from a file and deserialize it, so that data can be processed from external sources.","Trailing slashes matter for routing. A route defined with a trailing slash will redirect a request without one to the slash version, and a route without a trailing slash returns a 404 if someone requests it with one.",0.12531328320802007,0.2222222222222222,0.15789473684210525,0.18461538461538463,0.0,0.0,0.0,0.14814814814814814,0.10526315789473684,0.12307692307692308,0.8531041741371155,0.8358451128005981,0.8443863987922668,-0.10295945405960083
"As a developer, I want the load method to read JSON data from a file and deserialize it, so that data can be processed from external sources.","If a route has a default value and also accepts POST, the version with the default should only handle GET, since a redirect can't carry form data along with it.",0.1636904761904762,0.25925925925925924,0.22580645161290322,0.24137931034482757,0.0,0.0,0.0,0.14814814814814814,0.12903225806451613,0.13793103448275862,0.8661577701568604,0.8548261523246765,0.8604546189308167,-0.02184644155204296
"As a developer, I want the load method to read JSON data from a file and deserialize it, so that data can be processed from external sources.","Routes default to handling GET, along with HEAD. OPTIONS gets added automatically unless provide_automatic_options is turned off.",0.09523809523809526,0.037037037037037035,0.05263157894736842,0.043478260869565216,0.0,0.0,0.0,0.037037037037037035,0.05263157894736842,0.043478260869565216,0.8403314352035522,0.836123526096344,0.8382221460342407,-0.05385511368513107
"As a developer, I want the load method to read JSON data from a file and deserialize it, so that data can be processed from external sources.","A view's endpoint name comes from its function name unless you set one explicitly, and it automatically gets prefixed with the blueprint's name if it's registered through one.",0.13761467889908252,0.18518518518518517,0.16129032258064516,0.17241379310344826,0.0,0.0,0.0,0.14814814814814814,0.12903225806451613,0.13793103448275862,0.8569666147232056,0.8358101844787598,0.8462561964988708,-0.03731278330087662
"As a developer, I want the load method to read JSON data from a file and deserialize it, so that data can be processed from external sources.","If a view function has a required_methods attribute, Flask will always include those methods on the route, even if you explicitly set different ones in the route() call.",0.12232415902140674,0.14814814814814814,0.13793103448275862,0.14285714285714285,0.0,0.0,0.0,0.07407407407407407,0.06896551724137931,0.07142857142857142,0.8623220920562744,0.8620306849479675,0.8621763586997986,-0.021627061069011688
"As a developer, I want the dump method to serialize data as JSON and write it to a file, so that data can be stored in a standard format.","request, session, g, and current_app are all proxies tied to a context. They only work while the right app or request context is active.",0.11945392491467578,0.13793103448275862,0.16,0.14814814814814817,0.03571428571428571,0.041666666666666664,0.03846153846153846,0.10344827586206896,0.12,0.11111111111111112,0.8588885068893433,0.8393307328224182,0.8489969968795776,-0.08277581632137299
"As a developer, I want the dump method to serialize data as JSON and write it to a file, so that data can be stored in a standard format.","Flask's session object doesn't notice when you mutate something in place, like appending to a list. You need to manually set session.modified = True when that happens.",0.125,0.1724137931034483,0.1724137931034483,0.1724137931034483,0.03571428571428571,0.03571428571428571,0.03571428571428571,0.10344827586206896,0.10344827586206896,0.10344827586206896,0.8613193035125732,0.8519944548606873,0.8566314578056335,0.003778330981731415
"As a developer, I want the dump method to serialize data as JSON and write it to a file, so that data can be stored in a standard format.",Sessions are stored in a signed cookie that normally disappears when the browser closes. Setting permanent to True keeps it alive for as long as PERMANENT_SESSION_LIFETIME says.,0.25392491467576794,0.3103448275862069,0.3103448275862069,0.3103448275862069,0.07142857142857142,0.07142857142857142,0.07142857142857142,0.13793103448275862,0.13793103448275862,0.13793103448275862,0.8575806021690369,0.8125715255737305,0.8344695568084717,-0.07806378602981567
"As a developer, I want the dump method to serialize data as JSON and write it to a file, so that data can be stored in a standard format.","Trailing slashes matter for routing. A route defined with a trailing slash will redirect a request without one to the slash version, and a route without a trailing slash returns a 404 if someone requests it with one.",0.14962593516209474,0.2413793103448276,0.18421052631578946,0.208955223880597,0.0,0.0,0.0,0.1724137931034483,0.13157894736842105,0.1492537313432836,0.8600810766220093,0.8333547115325928,0.8465069532394409,-0.03959628567099571
"As a developer, I want the dump method to serialize data as JSON and write it to a file, so that data can be stored in a standard format.","If a route has a default value and also accepts POST, the version with the default should only handle GET, since a redirect can't carry form data along with it.",0.16272189349112426,0.27586206896551724,0.25806451612903225,0.26666666666666666,0.0,0.0,0.0,0.13793103448275862,0.12903225806451613,0.13333333333333333,0.8694254159927368,0.8528427481651306,0.8610542416572571,0.04278906434774399
"As a developer, I want the dump method to serialize data as JSON and write it to a file, so that data can be stored in a standard format.","Routes default to handling GET, along with HEAD. OPTIONS gets added automatically unless provide_automatic_options is turned off.",0.09433962264150944,0.034482758620689655,0.05263157894736842,0.041666666666666664,0.0,0.0,0.0,0.034482758620689655,0.05263157894736842,0.041666666666666664,0.8445215225219727,0.8336591124534607,0.8390551805496216,-0.020337890833616257
"As a developer, I want the dump method to serialize data as JSON and write it to a file, so that data can be stored in a standard format.","A view's endpoint name comes from its function name unless you set one explicitly, and it automatically gets prefixed with the blueprint's name if it's registered through one.",0.12158054711246201,0.13793103448275862,0.12903225806451613,0.13333333333333333,0.0,0.0,0.0,0.10344827586206896,0.0967741935483871,0.09999999999999999,0.8613119125366211,0.8321543335914612,0.8464820981025696,-0.03112899512052536
"As a developer, I want the dump method to serialize data as JSON and write it to a file, so that data can be stored in a standard format.","If a view function has a required_methods attribute, Flask will always include those methods on the route, even if you explicitly set different ones in the route() call.",0.13677811550151975,0.1724137931034483,0.1724137931034483,0.1724137931034483,0.0,0.0,0.0,0.10344827586206896,0.10344827586206896,0.10344827586206896,0.8651111125946045,0.8554695844650269,0.8602633476257324,-0.09173718094825745
"As a system, I want to use the current app's JSON serialization method if available, so that the application can override the default behavior.","request, session, g, and current_app are all proxies tied to a context. They only work while the right app or request context is active.",0.12110726643598617,0.2,0.2,0.20000000000000004,0.041666666666666664,0.041666666666666664,0.041666666666666664,0.12,0.12,0.12,0.8713525533676147,0.8533443212509155,0.8622544407844543,0.17257489264011383
"As a system, I want to use the current app's JSON serialization method if available, so that the application can override the default behavior.","Flask's session object doesn't notice when you mutate something in place, like appending to a list. You need to manually set session.modified = True when that happens.",0.15176956858692844,0.16,0.13793103448275862,0.14814814814814817,0.0,0.0,0.0,0.12,0.10344827586206896,0.11111111111111112,0.868071436882019,0.8569672107696533,0.862483561038971,0.0008612480014562607
"As a system, I want to use the current app's JSON serialization method if available, so that the application can override the default behavior.",Sessions are stored in a signed cookie that normally disappears when the browser closes. Setting permanent to True keeps it alive for as long as PERMANENT_SESSION_LIFETIME says.,0.10380622837370243,0.2,0.1724137931034483,0.1851851851851852,0.0,0.0,0.0,0.12,0.10344827586206896,0.11111111111111112,0.8536568880081177,0.8128290176391602,0.8327428102493286,-0.0025391709059476852
"As a system, I want to use the current app's JSON serialization method if available, so that the application can override the default behavior.","Trailing slashes matter for routing. A route defined with a trailing slash will redirect a request without one to the slash version, and a route without a trailing slash returns a 404 if someone requests it with one.",0.10075566750629723,0.16,0.10526315789473684,0.12698412698412698,0.0,0.0,0.0,0.16,0.10526315789473684,0.12698412698412698,0.8642756342887878,0.8342896103858948,0.8490179181098938,0.04505334794521332
"As a system, I want to use the current app's JSON serialization method if available, so that the application can override the default behavior.","If a route has a default value and also accepts POST, the version with the default should only handle GET, since a redirect can't carry form data along with it.",0.17483551415687143,0.24,0.1935483870967742,0.21428571428571427,0.041666666666666664,0.03333333333333333,0.037037037037037035,0.16,0.12903225806451613,0.14285714285714285,0.8760109543800354,0.8588324189186096,0.8673366904258728,0.20816752314567566
"As a system, I want to use the current app's JSON serialization method if available, so that the application can override the default behavior.","Routes default to handling GET, along with HEAD. OPTIONS gets added automatically unless provide_automatic_options is turned off.",0.09615384615384616,0.08,0.10526315789473684,0.0909090909090909,0.0,0.0,0.0,0.04,0.05263157894736842,0.04545454545454545,0.8539815545082092,0.8467695713043213,0.8503602743148804,0.15677876770496368
"As a system, I want to use the current app's JSON serialization method if available, so that the application can override the default behavior.","A view's endpoint name comes from its function name unless you set one explicitly, and it automatically gets prefixed with the blueprint's name if it's registered through one.",0.1230769230769231,0.16,0.12903225806451613,0.14285714285714285,0.0,0.0,0.0,0.16,0.12903225806451613,0.14285714285714285,0.8736586570739746,0.8444728255271912,0.8588178157806396,0.03196544200181961
"As a system, I want to use the current app's JSON serialization method if available, so that the application can override the default behavior.","If a view function has a required_methods attribute, Flask will always include those methods on the route, even if you explicitly set different ones in the route() call.",0.16923076923076918,0.2,0.1724137931034483,0.1851851851851852,0.0,0.0,0.0,0.16,0.13793103448275862,0.14814814814814817,0.8746510148048401,0.861797571182251,0.8681767582893372,0.06362021714448929
"As a system, I want to ensure that the data serialized to a file must be written using UTF-8 encoding, so that it remains valid JSON.","request, session, g, and current_app are all proxies tied to a context. They only work while the right app or request context is active.",0.14703065134099616,0.1111111111111111,0.12,0.11538461538461538,0.038461538461538464,0.041666666666666664,0.04,0.07407407407407407,0.08,0.07692307692307691,0.8542962670326233,0.8350129723548889,0.844544529914856,-0.05724671483039856
"As a system, I want to ensure that the data serialized to a file must be written using UTF-8 encoding, so that it remains valid JSON.","Flask's session object doesn't notice when you mutate something in place, like appending to a list. You need to manually set session.modified = True when that happens.",0.11041009463722397,0.14814814814814814,0.13793103448275862,0.14285714285714285,0.038461538461538464,0.03571428571428571,0.03703703703703704,0.1111111111111111,0.10344827586206896,0.10714285714285715,0.8549413681030273,0.8478050827980042,0.8513582944869995,0.008180760778486729
"As a system, I want to ensure that the data serialized to a file must be written using UTF-8 encoding, so that it remains valid JSON.",Sessions are stored in a signed cookie that normally disappears when the browser closes. Setting permanent to True keeps it alive for as long as PERMANENT_SESSION_LIFETIME says.,0.1206896551724138,0.2222222222222222,0.20689655172413793,0.2142857142857143,0.0,0.0,0.0,0.18518518518518517,0.1724137931034483,0.17857142857142858,0.8500850796699524,0.810398519039154,0.8297675251960754,-0.044782236218452454
"As a system, I want to ensure that the data serialized to a file must be written using UTF-8 encoding, so that it remains valid JSON.","Trailing slashes matter for routing. A route defined with a trailing slash will redirect a request without one to the slash version, and a route without a trailing slash returns a 404 if someone requests it with one.",0.11306532663316582,0.18518518518518517,0.13157894736842105,0.15384615384615383,0.0,0.0,0.0,0.18518518518518517,0.13157894736842105,0.15384615384615383,0.8546055555343628,0.8304235339164734,0.8423410654067993,0.03806107118725777
"As a system, I want to ensure that the data serialized to a file must be written using UTF-8 encoding, so that it remains valid JSON.","If a route has a default value and also accepts POST, the version with the default should only handle GET, since a redirect can't carry form data along with it.",0.13432835820895522,0.18518518518518517,0.16129032258064516,0.17241379310344826,0.0,0.0,0.0,0.14814814814814814,0.12903225806451613,0.13793103448275862,0.8615591526031494,0.8480446934700012,0.8547484874725342,0.08111071586608887
"As a system, I want to ensure that the data serialized to a file must be written using UTF-8 encoding, so that it remains valid JSON.","Routes default to handling GET, along with HEAD. OPTIONS gets added automatically unless provide_automatic_options is turned off.",0.07177033492822966,0.037037037037037035,0.05263157894736842,0.043478260869565216,0.0,0.0,0.0,0.037037037037037035,0.05263157894736842,0.043478260869565216,0.8388299345970154,0.828836977481842,0.8338034749031067,0.014650726690888405
"As a system, I want to ensure that the data serialized to a file must be written using UTF-8 encoding, so that it remains valid JSON.","A view's endpoint name comes from its function name unless you set one explicitly, and it automatically gets prefixed with the blueprint's name if it's registered through one.",0.10736196319018404,0.1111111111111111,0.0967741935483871,0.10344827586206896,0.0,0.0,0.0,0.1111111111111111,0.0967741935483871,0.10344827586206896,0.8566170930862427,0.8298699855804443,0.8430314660072327,-0.12374459207057953
"As a system, I want to ensure that the data serialized to a file must be written using UTF-8 encoding, so that it remains valid JSON.","If a view function has a required_methods attribute, Flask will always include those methods on the route, even if you explicitly set different ones in the route() call.",0.1226993865030675,0.1111111111111111,0.10344827586206896,0.10714285714285715,0.0,0.0,0.0,0.07407407407407407,0.06896551724137931,0.07142857142857142,0.8562452793121338,0.8435325026512146,0.849841296672821,-0.014120177365839481
"As a system, I want to use the current app's JSON deserialization method if available, so that the application can override the default behavior.","request, session, g, and current_app are all proxies tied to a context. They only work while the right app or request context is active.",0.12110726643598617,0.2,0.2,0.20000000000000004,0.041666666666666664,0.041666666666666664,0.041666666666666664,0.12,0.12,0.12,0.8692632913589478,0.8528569340705872,0.8609818816184998,0.15260925889015198
"As a system, I want to use the current app's JSON deserialization method if available, so that the application can override the default behavior.","Flask's session object doesn't notice when you mutate something in place, like appending to a list. You need to manually set session.modified = True when that happens.",0.15176956858692844,0.16,0.13793103448275862,0.14814814814814817,0.0,0.0,0.0,0.12,0.10344827586206896,0.11111111111111112,0.8673583269119263,0.8581783175468445,0.8627439141273499,-0.047719284892082214
"As a system, I want to use the current app's JSON deserialization method if available, so that the application can override the default behavior.",Sessions are stored in a signed cookie that normally disappears when the browser closes. Setting permanent to True keeps it alive for as long as PERMANENT_SESSION_LIFETIME says.,0.10380622837370243,0.2,0.1724137931034483,0.1851851851851852,0.0,0.0,0.0,0.12,0.10344827586206896,0.11111111111111112,0.8519185781478882,0.8134877681732178,0.8322597742080688,-0.05612127482891083
"As a system, I want to use the current app's JSON deserialization method if available, so that the application can override the default behavior.","Trailing slashes matter for routing. A route defined with a trailing slash will redirect a request without one to the slash version, and a route without a trailing slash returns a 404 if someone requests it with one.",0.10075566750629723,0.16,0.10526315789473684,0.12698412698412698,0.0,0.0,0.0,0.16,0.10526315789473684,0.12698412698412698,0.862074077129364,0.8351337313652039,0.8483901023864746,0.023191729560494423
"As a system, I want to use the current app's JSON deserialization method if available, so that the application can override the default behavior.","If a route has a default value and also accepts POST, the version with the default should only handle GET, since a redirect can't carry form data along with it.",0.17483551415687143,0.24,0.1935483870967742,0.21428571428571427,0.041666666666666664,0.03333333333333333,0.037037037037037035,0.16,0.12903225806451613,0.14285714285714285,0.8730179071426392,0.859526515007019,0.866219699382782,0.1851131170988083
"As a system, I want to use the current app's JSON deserialization method if available, so that the application can override the default behavior.","Routes default to handling GET, along with HEAD. OPTIONS gets added automatically unless provide_automatic_options is turned off.",0.09615384615384616,0.08,0.10526315789473684,0.0909090909090909,0.0,0.0,0.0,0.04,0.05263157894736842,0.04545454545454545,0.8521023392677307,0.8467181921005249,0.8494017124176025,0.1145578920841217
"As a system, I want to use the current app's JSON deserialization method if available, so that the application can override the default behavior.","A view's endpoint name comes from its function name unless you set one explicitly, and it automatically gets prefixed with the blueprint's name if it's registered through one.",0.1230769230769231,0.16,0.12903225806451613,0.14285714285714285,0.0,0.0,0.0,0.16,0.12903225806451613,0.14285714285714285,0.871261715888977,0.844852089881897,0.8578536510467529,0.01563756912946701
"As a system, I want to use the current app's JSON deserialization method if available, so that the application can override the default behavior.","If a view function has a required_methods attribute, Flask will always include those methods on the route, even if you explicitly set different ones in the route() call.",0.16923076923076918,0.2,0.1724137931034483,0.1851851851851852,0.0,0.0,0.0,0.16,0.13793103448275862,0.14814814814814817,0.8723399639129639,0.8631504774093628,0.867720901966095,0.02987772971391678
"As a system, I want to ensure that the data deserialized from a file must be read in text mode or binary mode with UTF-8 bytes, so that it remains valid JSON.","request, session, g, and current_app are all proxies tied to a context. They only work while the right app or request context is active.",0.11824324324324326,0.12121212121212122,0.16,0.1379310344827586,0.0,0.0,0.0,0.09090909090909091,0.12,0.10344827586206896,0.8487138748168945,0.8410236835479736,0.8448512554168701,-0.012677518650889397
"As a system, I want to ensure that the data deserialized from a file must be read in text mode or binary mode with UTF-8 bytes, so that it remains valid JSON.","Flask's session object doesn't notice when you mutate something in place, like appending to a list. You need to manually set session.modified = True when that happens.",0.14848044480950276,0.12121212121212122,0.13793103448275862,0.12903225806451615,0.0,0.0,0.0,0.09090909090909091,0.10344827586206896,0.0967741935483871,0.8468301296234131,0.8480867147445679,0.8474579453468323,-0.03261653706431389
"As a system, I want to ensure that the data deserialized from a file must be read in text mode or binary mode with UTF-8 bytes, so that it remains valid JSON.",Sessions are stored in a signed cookie that normally disappears when the browser closes. Setting permanent to True keeps it alive for as long as PERMANENT_SESSION_LIFETIME says.,0.15202702702702706,0.21212121212121213,0.2413793103448276,0.22580645161290322,0.0,0.0,0.0,0.12121212121212122,0.13793103448275862,0.12903225806451615,0.8422898650169373,0.8119628429412842,0.8268483281135559,-0.04861145466566086
"As a system, I want to ensure that the data deserialized from a file must be read in text mode or binary mode with UTF-8 bytes, so that it remains valid JSON.","Trailing slashes matter for routing. A route defined with a trailing slash will redirect a request without one to the slash version, and a route without a trailing slash returns a 404 if someone requests it with one.",0.12376237623762376,0.18181818181818182,0.15789473684210525,0.16901408450704225,0.0,0.0,0.0,0.15151515151515152,0.13157894736842105,0.14084507042253522,0.8472616672515869,0.8342480063438416,0.8407044410705566,-0.012125352397561073
"As a system, I want to ensure that the data deserialized from a file must be read in text mode or binary mode with UTF-8 bytes, so that it remains valid JSON.","If a route has a default value and also accepts POST, the version with the default should only handle GET, since a redirect can't carry form data along with it.",0.1466275659824047,0.18181818181818182,0.1935483870967742,0.18750000000000003,0.0,0.0,0.0,0.15151515151515152,0.16129032258064516,0.15625,0.8518815040588379,0.8478826284408569,0.8498773574829102,0.06976554542779922
"As a system, I want to ensure that the data deserialized from a file must be read in text mode or binary mode with UTF-8 bytes, so that it remains valid JSON.","Routes default to handling GET, along with HEAD. OPTIONS gets added automatically unless provide_automatic_options is turned off.",0.09302325581395349,0.06060606060606061,0.10526315789473684,0.07692307692307693,0.0,0.0,0.0,0.06060606060606061,0.10526315789473684,0.07692307692307693,0.8350797295570374,0.8305238485336304,0.8327955007553101,-0.011586232110857964
"As a system, I want to ensure that the data deserialized from a file must be read in text mode or binary mode with UTF-8 bytes, so that it remains valid JSON.","A view's endpoint name comes from its function name unless you set one explicitly, and it automatically gets prefixed with the blueprint's name if it's registered through one.",0.12048192771084339,0.15151515151515152,0.16129032258064516,0.15625,0.0,0.0,0.0,0.12121212121212122,0.12903225806451613,0.125,0.8466523885726929,0.8302885293960571,0.8383906483650208,-0.12223498523235321
"As a system, I want to ensure that the data deserialized from a file must be read in text mode or binary mode with UTF-8 bytes, so that it remains valid JSON.","If a view function has a required_methods attribute, Flask will always include those methods on the route, even if you explicitly set different ones in the route() call.",0.12048192771084339,0.12121212121212122,0.13793103448275862,0.12903225806451615,0.0,0.0,0.0,0.09090909090909091,0.10344827586206896,0.0967741935483871,0.8451210260391235,0.8425788283348083,0.8438480496406555,-0.06270457059144974
"As a system, I want to return a JSON response with the applicationjson mimetype when serializing data, so that clients can correctly interpret the response format.","request, session, g, and current_app are all proxies tied to a context. They only work while the right app or request context is active.",0.10344827586206896,0.11538461538461539,0.12,0.11764705882352941,0.0,0.0,0.0,0.11538461538461539,0.12,0.11764705882352941,0.846642792224884,0.8444035053253174,0.8455216884613037,0.08672657608985901
"As a system, I want to return a JSON response with the applicationjson mimetype when serializing data, so that clients can correctly interpret the response format.","Flask's session object doesn't notice when you mutate something in place, like appending to a list. You need to manually set session.modified = True when that happens.",0.15129080023176464,0.15384615384615385,0.13793103448275862,0.14545454545454548,0.0,0.0,0.0,0.15384615384615385,0.13793103448275862,0.14545454545454548,0.8493944406509399,0.8547757863998413,0.8520765900611877,0.052927061915397644
"As a system, I want to return a JSON response with the applicationjson mimetype when serializing data, so that clients can correctly interpret the response format.",Sessions are stored in a signed cookie that normally disappears when the browser closes. Setting permanent to True keeps it alive for as long as PERMANENT_SESSION_LIFETIME says.,0.1206896551724138,0.23076923076923078,0.20689655172413793,0.21818181818181817,0.0,0.0,0.0,0.11538461538461539,0.10344827586206896,0.10909090909090909,0.8390704989433289,0.8128431439399719,0.82574862241745,-0.09692927449941635
"As a system, I want to return a JSON response with the applicationjson mimetype when serializing data, so that clients can correctly interpret the response format.","Trailing slashes matter for routing. A route defined with a trailing slash will redirect a request without one to the slash version, and a route without a trailing slash returns a 404 if someone requests it with one.",0.15967336683417085,0.23076923076923078,0.15789473684210525,0.18749999999999997,0.04,0.02702702702702703,0.03225806451612903,0.19230769230769232,0.13157894736842105,0.15625,0.8517529964447021,0.8384965658187866,0.8450728058815002,0.030705846846103668
"As a system, I want to return a JSON response with the applicationjson mimetype when serializing data, so that clients can correctly interpret the response format.","If a route has a default value and also accepts POST, the version with the default should only handle GET, since a redirect can't carry form data along with it.",0.1492537313432836,0.2692307692307692,0.22580645161290322,0.2456140350877193,0.04,0.03333333333333333,0.03636363636363636,0.19230769230769232,0.16129032258064516,0.17543859649122806,0.8548691868782043,0.8503648042678833,0.8526110053062439,0.08420798927545547
"As a system, I want to return a JSON response with the applicationjson mimetype when serializing data, so that clients can correctly interpret the response format.","Routes default to handling GET, along with HEAD. OPTIONS gets added automatically unless provide_automatic_options is turned off.",0.09569377990430622,0.07692307692307693,0.10526315789473684,0.08888888888888889,0.0,0.0,0.0,0.07692307692307693,0.10526315789473684,0.08888888888888889,0.8376713991165161,0.8307350873947144,0.8341888189315796,0.04278618469834328
"As a system, I want to return a JSON response with the applicationjson mimetype when serializing data, so that clients can correctly interpret the response format.","A view's endpoint name comes from its function name unless you set one explicitly, and it automatically gets prefixed with the blueprint's name if it's registered through one.",0.09202453987730061,0.11538461538461539,0.0967741935483871,0.10526315789473684,0.04,0.03333333333333333,0.03636363636363636,0.11538461538461539,0.0967741935483871,0.10526315789473684,0.8524813652038574,0.8324499130249023,0.8423465490341187,-0.006063489243388176
"As a system, I want to return a JSON response with the applicationjson mimetype when serializing data, so that clients can correctly interpret the response format.","If a view function has a required_methods attribute, Flask will always include those methods on the route, even if you explicitly set different ones in the route() call.",0.1226993865030675,0.15384615384615385,0.13793103448275862,0.14545454545454548,0.0,0.0,0.0,0.15384615384615385,0.13793103448275862,0.14545454545454548,0.8525344133377075,0.8451570868492126,0.8488297462463379,0.04709590971469879
"As a system, I want to format the JSON output with indentation in debug mode, so that it is easier to read during development.","request, session, g, and current_app are all proxies tied to a context. They only work while the right app or request context is active.",0.12152777777777778,0.16666666666666666,0.16,0.16326530612244897,0.0,0.0,0.0,0.125,0.12,0.12244897959183673,0.8563686609268188,0.8403630256652832,0.8482903838157654,-0.08266876637935638
"As a system, I want to format the JSON output with indentation in debug mode, so that it is easier to read during development.","Flask's session object doesn't notice when you mutate something in place, like appending to a list. You need to manually set session.modified = True when that happens.",0.126984126984127,0.20833333333333334,0.1724137931034483,0.18867924528301888,0.0,0.0,0.0,0.125,0.10344827586206896,0.11320754716981132,0.8594757914543152,0.854284405708313,0.8568722605705261,0.02269688993692398
"As a system, I want to format the JSON output with indentation in debug mode, so that it is easier to read during development.",Sessions are stored in a signed cookie that normally disappears when the browser closes. Setting permanent to True keeps it alive for as long as PERMANENT_SESSION_LIFETIME says.,0.15625,0.2916666666666667,0.2413793103448276,0.26415094339622647,0.0,0.0,0.0,0.125,0.10344827586206896,0.11320754716981132,0.8511638641357422,0.8129173517227173,0.831601083278656,-0.10193698108196259
"As a system, I want to format the JSON output with indentation in debug mode, so that it is easier to read during development.","Trailing slashes matter for routing. A route defined with a trailing slash will redirect a request without one to the slash version, and a route without a trailing slash returns a 404 if someone requests it with one.",0.11363636363636363,0.20833333333333334,0.13157894736842105,0.16129032258064516,0.0,0.0,0.0,0.16666666666666666,0.10526315789473684,0.12903225806451615,0.8588510751724243,0.8378469944000244,0.8482190370559692,0.02353588677942753
"As a system, I want to format the JSON output with indentation in debug mode, so that it is easier to read during development.","If a route has a default value and also accepts POST, the version with the default should only handle GET, since a redirect can't carry form data along with it.",0.13513513513513511,0.16666666666666666,0.12903225806451613,0.14545454545454548,0.0,0.0,0.0,0.16666666666666666,0.12903225806451613,0.14545454545454548,0.8597652316093445,0.8497343063354492,0.8547202944755554,-0.019697558134794235
"As a system, I want to format the JSON output with indentation in debug mode, so that it is easier to read during development.","Routes default to handling GET, along with HEAD. OPTIONS gets added automatically unless provide_automatic_options is turned off.",0.14492753623188406,0.125,0.15789473684210525,0.13953488372093023,0.0,0.0,0.0,0.125,0.15789473684210525,0.13953488372093023,0.8453230857849121,0.8371844291687012,0.841234028339386,0.011112203821539879
"As a system, I want to format the JSON output with indentation in debug mode, so that it is easier to read during development.","A view's endpoint name comes from its function name unless you set one explicitly, and it automatically gets prefixed with the blueprint's name if it's registered through one.",0.12345679012345678,0.16666666666666666,0.12903225806451613,0.14545454545454548,0.0,0.0,0.0,0.125,0.0967741935483871,0.10909090909090909,0.859673261642456,0.834984540939331,0.8471490740776062,0.03927319869399071
"As a system, I want to format the JSON output with indentation in debug mode, so that it is easier to read during development.","If a view function has a required_methods attribute, Flask will always include those methods on the route, even if you explicitly set different ones in the route() call.",0.12345679012345678,0.125,0.10344827586206896,0.11320754716981132,0.0,0.0,0.0,0.125,0.10344827586206896,0.11320754716981132,0.8614832162857056,0.8474848866462708,0.8544266819953918,-0.009672695770859718
"As a system, I want to ensure that either positional or keyword arguments can be given to the jsonify function, but not both, so that the input is clearly defined.","request, session, g, and current_app are all proxies tied to a context. They only work while the right app or request context is active.",0.16949152542372883,0.16666666666666666,0.2,0.1818181818181818,0.0,0.0,0.0,0.1,0.12,0.1090909090909091,0.854826033115387,0.843843936920166,0.8492994904518127,0.009573327377438545
"As a system, I want to ensure that either positional or keyword arguments can be given to the jsonify function, but not both, so that the input is clearly defined.","Flask's session object doesn't notice when you mutate something in place, like appending to a list. You need to manually set session.modified = True when that happens.",0.10869565217391304,0.13333333333333333,0.13793103448275862,0.13559322033898305,0.0,0.0,0.0,0.1,0.10344827586206896,0.10169491525423728,0.8583267331123352,0.8541891574859619,0.8562529683113098,0.011418923735618591
"As a system, I want to ensure that either positional or keyword arguments can be given to the jsonify function, but not both, so that the input is clearly defined.",Sessions are stored in a signed cookie that normally disappears when the browser closes. Setting permanent to True keeps it alive for as long as PERMANENT_SESSION_LIFETIME says.,0.10169491525423728,0.16666666666666666,0.1724137931034483,0.16949152542372883,0.0,0.0,0.0,0.1,0.10344827586206896,0.10169491525423728,0.8441060781478882,0.8085784912109375,0.8259603977203369,-0.10707063227891922
"As a system, I want to ensure that either positional or keyword arguments can be given to the jsonify function, but not both, so that the input is clearly defined.","Trailing slashes matter for routing. A route defined with a trailing slash will redirect a request without one to the slash version, and a route without a trailing slash returns a 404 if someone requests it with one.",0.11166253101736973,0.13333333333333333,0.10526315789473684,0.11764705882352941,0.034482758620689655,0.02702702702702703,0.030303030303030304,0.1,0.07894736842105263,0.08823529411764706,0.855991005897522,0.8325439691543579,0.8441046476364136,0.0013292990624904633
"As a system, I want to ensure that either positional or keyword arguments can be given to the jsonify function, but not both, so that the input is clearly defined.","If a route has a default value and also accepts POST, the version with the default should only handle GET, since a redirect can't carry form data along with it.",0.10294117647058823,0.13333333333333333,0.12903225806451613,0.13114754098360656,0.0,0.0,0.0,0.1,0.0967741935483871,0.09836065573770492,0.8605241775512695,0.8459606766700745,0.8531802892684937,0.07757481187582016
"As a system, I want to ensure that either positional or keyword arguments can be given to the jsonify function, but not both, so that the input is clearly defined.","Routes default to handling GET, along with HEAD. OPTIONS gets added automatically unless provide_automatic_options is turned off.",0.09345794392523364,0.06666666666666667,0.10526315789473684,0.0816326530612245,0.0,0.0,0.0,0.06666666666666667,0.10526315789473684,0.0816326530612245,0.8490402102470398,0.8349027633666992,0.8419120907783508,0.08007079362869263
"As a system, I want to ensure that either positional or keyword arguments can be given to the jsonify function, but not both, so that the input is clearly defined.","A view's endpoint name comes from its function name unless you set one explicitly, and it automatically gets prefixed with the blueprint's name if it's registered through one.",0.09063444108761329,0.1,0.0967741935483871,0.09836065573770492,0.0,0.0,0.0,0.1,0.0967741935483871,0.09836065573770492,0.8595201969146729,0.8359923362731934,0.8475930094718933,0.053346678614616394
"As a system, I want to ensure that either positional or keyword arguments can be given to the jsonify function, but not both, so that the input is clearly defined.","If a view function has a required_methods attribute, Flask will always include those methods on the route, even if you explicitly set different ones in the route() call.",0.13595166163141995,0.13333333333333333,0.13793103448275862,0.13559322033898305,0.0,0.0,0.0,0.1,0.10344827586206896,0.10169491525423728,0.8662922978401184,0.8575485944747925,0.8618982434272766,0.10406515747308731
"As a developer, I want to ensure that the 'static_folder' is set before serving static files, so that the application does not encounter runtime errors.","A Blueprint isn't an application on its own. It's really just a set of instructions that get applied once it's registered, and it can be registered more than once or under different prefixes.",0.11811023622047245,0.15384615384615385,0.1111111111111111,0.12903225806451615,0.0,0.0,0.0,0.11538461538461539,0.08333333333333333,0.0967741935483871,0.8549893498420715,0.8353759050369263,0.8450688123703003,0.053373467177152634
"As a developer, I want to ensure that the 'static_folder' is set before serving static files, so that the application does not encounter runtime errors.","Once a blueprint is registered on an app, there's no way to unregister it without tearing down the whole app object.",0.12195121951219512,0.15384615384615385,0.18181818181818182,0.16666666666666669,0.0,0.0,0.0,0.11538461538461539,0.13636363636363635,0.12499999999999997,0.8612730503082275,0.872839093208313,0.8670175075531006,0.11541448533535004
"As a developer, I want to ensure that the 'static_folder' is set before serving static files, so that the application does not encounter runtime errors.","Registering a blueprint adds its name as a prefix to each endpoint, separated by a dot. The blueprint's name changes the endpoint, not the URL itself.",0.14563106796116504,0.23076923076923078,0.2222222222222222,0.22641509433962265,0.04,0.038461538461538464,0.0392156862745098,0.23076923076923078,0.2222222222222222,0.22641509433962265,0.8564786314964294,0.8527840375900269,0.8546273708343506,0.06811190396547318
"As a developer, I want to ensure that the 'static_folder' is set before serving static files, so that the application does not encounter runtime errors.","A child blueprint inherits its parent's name prefix for endpoints, and its parent's URL prefix or subdomain too.",0.06578947368421052,0.038461538461538464,0.05,0.043478260869565216,0.0,0.0,0.0,0.038461538461538464,0.05,0.043478260869565216,0.8452036380767822,0.8356702923774719,0.8404099941253662,0.03289199247956276
"As a developer, I want to ensure that the 'static_folder' is set before serving static files, so that the application does not encounter runtime errors.","A blueprint's static folder only works if it has a url_prefix set. Without one, the app's own /static route wins out over it.",0.14184397163120566,0.23076923076923078,0.23076923076923078,0.23076923076923078,0.04,0.04,0.04,0.19230769230769232,0.19230769230769232,0.19230769230769232,0.88213050365448,0.8767331838607788,0.8794235587120056,0.4231123924255371
"As a developer, I want to ensure that the 'static_folder' is set before serving static files, so that the application does not encounter runtime errors.","Templates from blueprints rank below the app's own templates. If two blueprints happen to use the same template path, whichever one was registered first takes priority.",0.10000000000000002,0.11538461538461539,0.1111111111111111,0.11320754716981132,0.0,0.0,0.0,0.07692307692307693,0.07407407407407407,0.07547169811320754,0.8597688674926758,0.8498756885528564,0.8547936677932739,0.18939198553562164
"As a developer, I want to ensure that the 'static_folder' is set before serving static files, so that the application does not encounter runtime errors.","A blueprint's 404 or 405 error handlers only kick in when they're triggered by an explicit raise or abort() inside that blueprint's own views, not just from someone hitting a bad URL. That's because a blueprint doesn't actually own any URL space.",0.09036144578313252,0.19230769230769232,0.10638297872340426,0.136986301369863,0.0,0.0,0.0,0.11538461538461539,0.06382978723404255,0.0821917808219178,0.8594164848327637,0.8365615606307983,0.8478350043296814,0.11634169518947601
"As a developer, I want to ensure that the 'static_folder' is set before serving static files, so that the application does not encounter runtime errors.","Hooks like before_request and error handlers set on a parent blueprint carry over to its children. If a child doesn't have its own handler for something, Flask falls back to the parent's.",0.12396694214876035,0.23076923076923078,0.17142857142857143,0.19672131147540986,0.0,0.0,0.0,0.11538461538461539,0.08571428571428572,0.09836065573770493,0.8580511212348938,0.8404580354690552,0.8491634130477905,0.26764941215515137
"As a developer, I want to ensure that the 'static_folder' is set before serving static files, so that the application does not encounter runtime errors.","request, session, g, and current_app are all proxies tied to a context. They only work while the right app or request context is active.",0.12027491408934708,0.15384615384615385,0.16,0.1568627450980392,0.0,0.0,0.0,0.11538461538461539,0.12,0.11764705882352941,0.8638201355934143,0.8518744707107544,0.8578056693077087,0.0980907529592514
"As a developer, I want to ensure that the 'static_folder' is set before serving static files, so that the application does not encounter runtime errors.","Flask's session object doesn't notice when you mutate something in place, like appending to a list. You need to manually set session.modified = True when that happens.",0.16730542452830188,0.15384615384615385,0.13793103448275862,0.14545454545454548,0.0,0.0,0.0,0.15384615384615385,0.13793103448275862,0.14545454545454548,0.8708431720733643,0.8599528074264526,0.8653637170791626,0.1475871205329895
"As a developer, I want to ensure that the 'static_folder' is set before serving static files, so that the application does not encounter runtime errors.",Sessions are stored in a signed cookie that normally disappears when the browser closes. Setting permanent to True keeps it alive for as long as PERMANENT_SESSION_LIFETIME says.,0.12027491408934708,0.23076923076923078,0.20689655172413793,0.21818181818181817,0.0,0.0,0.0,0.15384615384615385,0.13793103448275862,0.14545454545454548,0.8593759536743164,0.8237423896789551,0.8411819934844971,0.1151067316532135
"As a developer, I want to ensure that the 'static_folder' is set before serving static files, so that the application does not encounter runtime errors.","Trailing slashes matter for routing. A route defined with a trailing slash will redirect a request without one to the slash version, and a route without a trailing slash returns a 404 if someone requests it with one.",0.08771929824561404,0.11538461538461539,0.07894736842105263,0.09374999999999999,0.0,0.0,0.0,0.11538461538461539,0.07894736842105263,0.09374999999999999,0.858089804649353,0.8345087766647339,0.8461350202560425,0.13950836658477783
"As a developer, I want to ensure that the 'static_folder' is set before serving static files, so that the application does not encounter runtime errors.","If a route has a default value and also accepts POST, the version with the default should only handle GET, since a redirect can't carry form data along with it.",0.11904761904761907,0.11538461538461539,0.0967741935483871,0.10526315789473684,0.0,0.0,0.0,0.11538461538461539,0.0967741935483871,0.10526315789473684,0.864579439163208,0.8454902172088623,0.8549282550811768,0.10401279479265213
"As a developer, I want to ensure that the 'static_folder' is set before serving static files, so that the application does not encounter runtime errors.","Routes default to handling GET, along with HEAD. OPTIONS gets added automatically unless provide_automatic_options is turned off.",0.11904761904761905,0.07692307692307693,0.10526315789473684,0.08888888888888889,0.0,0.0,0.0,0.07692307692307693,0.10526315789473684,0.08888888888888889,0.8514319658279419,0.8530899286270142,0.852260172367096,0.1855481117963791
"As a developer, I want to ensure that the 'static_folder' is set before serving static files, so that the application does not encounter runtime errors.","A view's endpoint name comes from its function name unless you set one explicitly, and it automatically gets prefixed with the blueprint's name if it's registered through one.",0.10703363914373087,0.11538461538461539,0.0967741935483871,0.10526315789473684,0.0,0.0,0.0,0.11538461538461539,0.0967741935483871,0.10526315789473684,0.8567438721656799,0.8310844898223877,0.8437191843986511,0.043119896203279495
"As a developer, I want to ensure that the 'static_folder' is set before serving static files, so that the application does not encounter runtime errors.","If a view function has a required_methods attribute, Flask will always include those methods on the route, even if you explicitly set different ones in the route() call.",0.13761467889908252,0.15384615384615385,0.13793103448275862,0.14545454545454548,0.0,0.0,0.0,0.15384615384615385,0.13793103448275862,0.14545454545454548,0.8760266304016113,0.8575955033302307,0.8667131066322327,0.21392178535461426
"As a developer, I want to validate that the mode used to open a resource file is either 'r', 'rt', or 'rb', so that the application only allows reading operations.","A Blueprint isn't an application on its own. It's really just a set of instructions that get applied once it's registered, and it can be registered more than once or under different prefixes.",0.11479591836734694,0.16666666666666666,0.1388888888888889,0.1515151515151515,0.0,0.0,0.0,0.1,0.08333333333333333,0.0909090909090909,0.8378472328186035,0.8324941396713257,0.8351621031761169,0.13080136477947235
"As a developer, I want to validate that the mode used to open a resource file is either 'r', 'rt', or 'rb', so that the application only allows reading operations.","Once a blueprint is registered on an app, there's no way to unregister it without tearing down the whole app object.",0.13618677042801555,0.13333333333333333,0.18181818181818182,0.15384615384615383,0.0,0.0,0.0,0.1,0.13636363636363635,0.11538461538461538,0.8419010043144226,0.8677034974098206,0.8546075224876404,0.08950755000114441
"As a developer, I want to validate that the mode used to open a resource file is either 'r', 'rt', or 'rb', so that the application only allows reading operations.","Registering a blueprint adds its name as a prefix to each endpoint, separated by a dot. The blueprint's name changes the endpoint, not the URL itself.",0.1824845679012346,0.2,0.2222222222222222,0.2105263157894737,0.034482758620689655,0.038461538461538464,0.03636363636363637,0.16666666666666666,0.18518518518518517,0.17543859649122806,0.838023841381073,0.852964460849762,0.8454281091690063,0.09102114289999008
"As a developer, I want to validate that the mode used to open a resource file is either 'r', 'rt', or 'rb', so that the application only allows reading operations.","A child blueprint inherits its parent's name prefix for endpoints, and its parent's URL prefix or subdomain too.",0.08368200836820083,0.06666666666666667,0.1,0.08,0.0,0.0,0.0,0.06666666666666667,0.1,0.08,0.8329207897186279,0.8379220962524414,0.835413932800293,0.07341324537992477
"As a developer, I want to validate that the mode used to open a resource file is either 'r', 'rt', or 'rb', so that the application only allows reading operations.","A blueprint's static folder only works if it has a url_prefix set. Without one, the app's own /static route wins out over it.",0.11945392491467577,0.13333333333333333,0.15384615384615385,0.14285714285714288,0.0,0.0,0.0,0.1,0.11538461538461539,0.10714285714285714,0.844512939453125,0.8522740602493286,0.8483757376670837,0.15051093697547913
"As a developer, I want to validate that the mode used to open a resource file is either 'r', 'rt', or 'rb', so that the application only allows reading operations.","Templates from blueprints rank below the app's own templates. If two blueprints happen to use the same template path, whichever one was registered first takes priority.",0.12861736334405144,0.13333333333333333,0.14814814814814814,0.14035087719298248,0.0,0.0,0.0,0.1,0.1111111111111111,0.10526315789473685,0.8402694463729858,0.8449211120605469,0.8425889015197754,0.08489898592233658
"As a developer, I want to validate that the mode used to open a resource file is either 'r', 'rt', or 'rb', so that the application only allows reading operations.","A blueprint's 404 or 405 error handlers only kick in when they're triggered by an explicit raise or abort() inside that blueprint's own views, not just from someone hitting a bad URL. That's because a blueprint doesn't actually own any URL space.",0.08840864440078584,0.2,0.1276595744680851,0.1558441558441558,0.0,0.0,0.0,0.13333333333333333,0.0851063829787234,0.10389610389610389,0.8421463966369629,0.8356112241744995,0.8388660550117493,0.05224579572677612
"As a developer, I want to validate that the mode used to open a resource file is either 'r', 'rt', or 'rb', so that the application only allows reading operations.","Hooks like before_request and error handlers set on a parent blueprint carry over to its children. If a child doesn't have its own handler for something, Flask falls back to the parent's.",0.09358288770053476,0.16666666666666666,0.14285714285714285,0.15384615384615383,0.0,0.0,0.0,0.13333333333333333,0.11428571428571428,0.12307692307692307,0.830094039440155,0.833789587020874,0.8319376707077026,0.10451610386371613
"As a developer, I want to validate that the mode used to open a resource file is either 'r', 'rt', or 'rb', so that the application only allows reading operations.","request, session, g, and current_app are all proxies tied to a context. They only work while the right app or request context is active.",0.16556291390728478,0.2,0.24,0.2181818181818182,0.0,0.0,0.0,0.1,0.12,0.1090909090909091,0.8509094715118408,0.8517951965332031,0.8513520956039429,0.18456830084323883
"As a developer, I want to validate that the mode used to open a resource file is either 'r', 'rt', or 'rb', so that the application only allows reading operations.","Flask's session object doesn't notice when you mutate something in place, like appending to a list. You need to manually set session.modified = True when that happens.",0.10638297872340426,0.13333333333333333,0.13793103448275862,0.13559322033898305,0.0,0.0,0.0,0.1,0.10344827586206896,0.10169491525423728,0.8395841121673584,0.8521124720573425,0.845801830291748,-0.06622041761875153
"As a developer, I want to validate that the mode used to open a resource file is either 'r', 'rt', or 'rb', so that the application only allows reading operations.",Sessions are stored in a signed cookie that normally disappears when the browser closes. Setting permanent to True keeps it alive for as long as PERMANENT_SESSION_LIFETIME says.,0.11589403973509935,0.16666666666666666,0.1724137931034483,0.16949152542372883,0.0,0.0,0.0,0.13333333333333333,0.13793103448275862,0.13559322033898305,0.832195520401001,0.8123866319656372,0.8221717476844788,0.01392781175673008
"As a developer, I want to validate that the mode used to open a resource file is either 'r', 'rt', or 'rb', so that the application only allows reading operations.","Trailing slashes matter for routing. A route defined with a trailing slash will redirect a request without one to the slash version, and a route without a trailing slash returns a 404 if someone requests it with one.",0.0975609756097561,0.13333333333333333,0.10526315789473684,0.11764705882352941,0.0,0.0,0.0,0.13333333333333333,0.10526315789473684,0.11764705882352941,0.8381882905960083,0.8300228118896484,0.8340855836868286,0.06936782598495483
"As a developer, I want to validate that the mode used to open a resource file is either 'r', 'rt', or 'rb', so that the application only allows reading operations.","If a route has a default value and also accepts POST, the version with the default should only handle GET, since a redirect can't carry form data along with it.",0.14409221902017288,0.16666666666666666,0.16129032258064516,0.16393442622950818,0.0,0.0,0.0,0.13333333333333333,0.12903225806451613,0.13114754098360656,0.8469304442405701,0.8480658531188965,0.8474977016448975,0.09596292674541473
"As a developer, I want to validate that the mode used to open a resource file is either 'r', 'rt', or 'rb', so that the application only allows reading operations.","Routes default to handling GET, along with HEAD. OPTIONS gets added automatically unless provide_automatic_options is turned off.",0.11312217194570134,0.06666666666666667,0.10526315789473684,0.0816326530612245,0.0,0.0,0.0,0.06666666666666667,0.10526315789473684,0.0816326530612245,0.833114743232727,0.8329248428344727,0.8330197930335999,0.14350256323814392
"As a developer, I want to validate that the mode used to open a resource file is either 'r', 'rt', or 'rb', so that the application only allows reading operations.","A view's endpoint name comes from its function name unless you set one explicitly, and it automatically gets prefixed with the blueprint's name if it's registered through one.",0.10355029585798815,0.06666666666666667,0.06451612903225806,0.06557377049180328,0.0,0.0,0.0,0.06666666666666667,0.06451612903225806,0.06557377049180328,0.8392474055290222,0.8259209394454956,0.8325308561325073,0.07176447659730911
"As a developer, I want to validate that the mode used to open a resource file is either 'r', 'rt', or 'rb', so that the application only allows reading operations.","If a view function has a required_methods attribute, Flask will always include those methods on the route, even if you explicitly set different ones in the route() call.",0.1331360946745562,0.13333333333333333,0.13793103448275862,0.13559322033898305,0.0,0.0,0.0,0.1,0.10344827586206896,0.10169491525423728,0.8475972414016724,0.8472691178321838,0.8474331498146057,0.04662410914897919
"As a developer, I want to use the 'SEND_FILE_MAX_AGE_DEFAULT' configuration value to determine the cache duration for static files, so that I can control how long browsers cache these files.","A Blueprint isn't an application on its own. It's really just a set of instructions that get applied once it's registered, and it can be registered more than once or under different prefixes.",0.09067357512953368,0.08823529411764706,0.08333333333333333,0.08571428571428572,0.0,0.0,0.0,0.08823529411764706,0.08333333333333333,0.08571428571428572,0.8320850729942322,0.8342628479003906,0.8331725597381592,0.02757333405315876
"As a developer, I want to use the 'SEND_FILE_MAX_AGE_DEFAULT' configuration value to determine the cache duration for static files, so that I can control how long browsers cache these files.","Once a blueprint is registered on an app, there's no way to unregister it without tearing down the whole app object.",0.09960159362549802,0.08823529411764706,0.13636363636363635,0.10714285714285714,0.0,0.0,0.0,0.08823529411764706,0.13636363636363635,0.10714285714285714,0.8357823491096497,0.8611029386520386,0.8482536673545837,0.01705225557088852
"As a developer, I want to use the 'SEND_FILE_MAX_AGE_DEFAULT' configuration value to determine the cache duration for static files, so that I can control how long browsers cache these files.","Registering a blueprint adds its name as a prefix to each endpoint, separated by a dot. The blueprint's name changes the endpoint, not the URL itself.",0.12738853503184713,0.14705882352941177,0.18518518518518517,0.1639344262295082,0.030303030303030304,0.038461538461538464,0.03389830508474576,0.14705882352941177,0.18518518518518517,0.1639344262295082,0.8364772200584412,0.8530842065811157,0.8446991443634033,0.09827772527933121
"As a developer, I want to use the 'SEND_FILE_MAX_AGE_DEFAULT' configuration value to determine the cache duration for static files, so that I can control how long browsers cache these files.","A child blueprint inherits its parent's name prefix for endpoints, and its parent's URL prefix or subdomain too.",0.08583690987124465,0.058823529411764705,0.1,0.07407407407407408,0.0,0.0,0.0,0.058823529411764705,0.1,0.07407407407407408,0.8287786245346069,0.8356760740280151,0.8322130441665649,0.0620356947183609
"As a developer, I want to use the 'SEND_FILE_MAX_AGE_DEFAULT' configuration value to determine the cache duration for static files, so that I can control how long browsers cache these files.","A blueprint's static folder only works if it has a url_prefix set. Without one, the app's own /static route wins out over it.",0.12195121951219512,0.08823529411764706,0.11538461538461539,0.10000000000000002,0.0,0.0,0.0,0.08823529411764706,0.11538461538461539,0.10000000000000002,0.8528955578804016,0.8579949140548706,0.8554376363754272,0.12403129041194916
"As a developer, I want to use the 'SEND_FILE_MAX_AGE_DEFAULT' configuration value to determine the cache duration for static files, so that I can control how long browsers cache these files.","Templates from blueprints rank below the app's own templates. If two blueprints happen to use the same template path, whichever one was registered first takes priority.",0.11475409836065574,0.11764705882352941,0.14814814814814814,0.13114754098360654,0.06060606060606061,0.07692307692307693,0.06779661016949153,0.08823529411764706,0.1111111111111111,0.09836065573770492,0.8334595561027527,0.8467997908592224,0.8400766849517822,0.08838760852813721
"As a developer, I want to use the 'SEND_FILE_MAX_AGE_DEFAULT' configuration value to determine the cache duration for static files, so that I can control how long browsers cache these files.","A blueprint's 404 or 405 error handlers only kick in when they're triggered by an explicit raise or abort() inside that blueprint's own views, not just from someone hitting a bad URL. That's because a blueprint doesn't actually own any URL space.",0.04970178926441352,0.058823529411764705,0.0425531914893617,0.04938271604938272,0.0,0.0,0.0,0.058823529411764705,0.0425531914893617,0.04938271604938272,0.8335691094398499,0.8327616453170776,0.833165168762207,0.06200795993208885
"As a developer, I want to use the 'SEND_FILE_MAX_AGE_DEFAULT' configuration value to determine the cache duration for static files, so that I can control how long browsers cache these files.","Hooks like before_request and error handlers set on a parent blueprint carry over to its children. If a child doesn't have its own handler for something, Flask falls back to the parent's.",0.10869565217391304,0.14705882352941177,0.14285714285714285,0.14492753623188406,0.0,0.0,0.0,0.11764705882352941,0.11428571428571428,0.11594202898550723,0.8435598015785217,0.8359963893890381,0.8397610783576965,0.17759232223033905
"As a developer, I want to use the 'SEND_FILE_MAX_AGE_DEFAULT' configuration value to determine the cache duration for static files, so that I can control how long browsers cache these files.","request, session, g, and current_app are all proxies tied to a context. They only work while the right app or request context is active.",0.10135135135135136,0.08823529411764706,0.12,0.10169491525423728,0.0,0.0,0.0,0.058823529411764705,0.08,0.06779661016949153,0.8471083641052246,0.8461710810661316,0.8466394543647766,0.15723025798797607
"As a developer, I want to use the 'SEND_FILE_MAX_AGE_DEFAULT' configuration value to determine the cache duration for static files, so that I can control how long browsers cache these files.","Flask's session object doesn't notice when you mutate something in place, like appending to a list. You need to manually set session.modified = True when that happens.",0.10835913312693499,0.11764705882352941,0.13793103448275862,0.126984126984127,0.0,0.0,0.0,0.08823529411764706,0.10344827586206896,0.09523809523809523,0.8458356857299805,0.8548847436904907,0.8503361344337463,0.18318739533424377
"As a developer, I want to use the 'SEND_FILE_MAX_AGE_DEFAULT' configuration value to determine the cache duration for static files, so that I can control how long browsers cache these files.",Sessions are stored in a signed cookie that normally disappears when the browser closes. Setting permanent to True keeps it alive for as long as PERMANENT_SESSION_LIFETIME says.,0.15202702702702706,0.23529411764705882,0.27586206896551724,0.253968253968254,0.0,0.0,0.0,0.14705882352941177,0.1724137931034483,0.15873015873015872,0.8635702729225159,0.8407174944877625,0.8519906401634216,0.2531866431236267
"As a developer, I want to use the 'SEND_FILE_MAX_AGE_DEFAULT' configuration value to determine the cache duration for static files, so that I can control how long browsers cache these files.","Trailing slashes matter for routing. A route defined with a trailing slash will redirect a request without one to the slash version, and a route without a trailing slash returns a 404 if someone requests it with one.",0.11138613861386139,0.11764705882352941,0.10526315789473684,0.1111111111111111,0.0,0.0,0.0,0.08823529411764706,0.07894736842105263,0.08333333333333334,0.8344316482543945,0.8331325054168701,0.8337815999984741,0.012843083590269089
"As a developer, I want to use the 'SEND_FILE_MAX_AGE_DEFAULT' configuration value to determine the cache duration for static files, so that I can control how long browsers cache these files.","If a route has a default value and also accepts POST, the version with the default should only handle GET, since a redirect can't carry form data along with it.",0.13196480938416424,0.17647058823529413,0.1935483870967742,0.18461538461538463,0.0,0.0,0.0,0.14705882352941177,0.16129032258064516,0.15384615384615385,0.8420069217681885,0.8475661873817444,0.8447774648666382,0.14339563250541687
"As a developer, I want to use the 'SEND_FILE_MAX_AGE_DEFAULT' configuration value to determine the cache duration for static files, so that I can control how long browsers cache these files.","Routes default to handling GET, along with HEAD. OPTIONS gets added automatically unless provide_automatic_options is turned off.",0.09302325581395349,0.058823529411764705,0.10526315789473684,0.07547169811320754,0.0,0.0,0.0,0.058823529411764705,0.10526315789473684,0.07547169811320754,0.8421529531478882,0.8502038717269897,0.8461592197418213,0.18550561368465424
"As a developer, I want to use the 'SEND_FILE_MAX_AGE_DEFAULT' configuration value to determine the cache duration for static files, so that I can control how long browsers cache these files.","A view's endpoint name comes from its function name unless you set one explicitly, and it automatically gets prefixed with the blueprint's name if it's registered through one.",0.12048192771084339,0.058823529411764705,0.06451612903225806,0.061538461538461535,0.0,0.0,0.0,0.058823529411764705,0.06451612903225806,0.061538461538461535,0.8374950885772705,0.8291569352149963,0.8333051800727844,0.028186719864606857
"As a developer, I want to use the 'SEND_FILE_MAX_AGE_DEFAULT' configuration value to determine the cache duration for static files, so that I can control how long browsers cache these files.","If a view function has a required_methods attribute, Flask will always include those methods on the route, even if you explicitly set different ones in the route() call.",0.1355421686746988,0.08823529411764706,0.10344827586206896,0.09523809523809523,0.0,0.0,0.0,0.08823529411764706,0.10344827586206896,0.09523809523809523,0.8578073978424072,0.8525516986846924,0.8551714420318604,0.09525492787361145
"As a developer, I want to ensure that if 'SEND_FILE_MAX_AGE_DEFAULT' is None, the application will not set a cache duration, so that browsers use conditional requests instead.","A Blueprint isn't an application on its own. It's really just a set of instructions that get applied once it's registered, and it can be registered more than once or under different prefixes.",0.11718749999999999,0.16129032258064516,0.1388888888888889,0.14925373134328357,0.0,0.0,0.0,0.12903225806451613,0.1111111111111111,0.11940298507462685,0.8280518651008606,0.8330426216125488,0.8305397629737854,-0.015615945681929588
"As a developer, I want to ensure that if 'SEND_FILE_MAX_AGE_DEFAULT' is None, the application will not set a cache duration, so that browsers use conditional requests instead.","Once a blueprint is registered on an app, there's no way to unregister it without tearing down the whole app object.",0.12048192771084339,0.12903225806451613,0.18181818181818182,0.1509433962264151,0.0,0.0,0.0,0.0967741935483871,0.13636363636363635,0.11320754716981131,0.8336915969848633,0.8640259504318237,0.8485878109931946,0.05208354443311691
"As a developer, I want to ensure that if 'SEND_FILE_MAX_AGE_DEFAULT' is None, the application will not set a cache duration, so that browsers use conditional requests instead.","Registering a blueprint adds its name as a prefix to each endpoint, separated by a dot. The blueprint's name changes the endpoint, not the URL itself.",0.18716365938588164,0.1935483870967742,0.2222222222222222,0.20689655172413793,0.03333333333333333,0.038461538461538464,0.03571428571428572,0.16129032258064516,0.18518518518518517,0.17241379310344826,0.8288251161575317,0.846769392490387,0.8377010822296143,0.04676804691553116
"As a developer, I want to ensure that if 'SEND_FILE_MAX_AGE_DEFAULT' is None, the application will not set a cache duration, so that browsers use conditional requests instead.","A child blueprint inherits its parent's name prefix for endpoints, and its parent's URL prefix or subdomain too.",0.06493506493506493,0.03225806451612903,0.05,0.0392156862745098,0.0,0.0,0.0,0.03225806451612903,0.05,0.0392156862745098,0.8239543437957764,0.8327722549438477,0.8283398747444153,0.003963015973567963
"As a developer, I want to ensure that if 'SEND_FILE_MAX_AGE_DEFAULT' is None, the application will not set a cache duration, so that browsers use conditional requests instead.","A blueprint's static folder only works if it has a url_prefix set. Without one, the app's own /static route wins out over it.",0.14035087719298245,0.16129032258064516,0.19230769230769232,0.17543859649122806,0.0,0.0,0.0,0.0967741935483871,0.11538461538461539,0.10526315789473684,0.8516252636909485,0.8591189980506897,0.8553556799888611,0.10289527475833893
"As a developer, I want to ensure that if 'SEND_FILE_MAX_AGE_DEFAULT' is None, the application will not set a cache duration, so that browsers use conditional requests instead.","Templates from blueprints rank below the app's own templates. If two blueprints happen to use the same template path, whichever one was registered first takes priority.",0.11551155115511552,0.12903225806451613,0.14814814814814814,0.13793103448275862,0.0,0.0,0.0,0.06451612903225806,0.07407407407407407,0.06896551724137931,0.8326059579849243,0.8410760164260864,0.8368195295333862,0.11271271854639053
"As a developer, I want to ensure that if 'SEND_FILE_MAX_AGE_DEFAULT' is None, the application will not set a cache duration, so that browsers use conditional requests instead.","A blueprint's 404 or 405 error handlers only kick in when they're triggered by an explicit raise or abort() inside that blueprint's own views, not just from someone hitting a bad URL. That's because a blueprint doesn't actually own any URL space.",0.07984031936127745,0.16129032258064516,0.10638297872340426,0.1282051282051282,0.0,0.0,0.0,0.16129032258064516,0.10638297872340426,0.1282051282051282,0.8321965336799622,0.8325887322425842,0.8323926329612732,0.1458730846643448
"As a developer, I want to ensure that if 'SEND_FILE_MAX_AGE_DEFAULT' is None, the application will not set a cache duration, so that browsers use conditional requests instead.","Hooks like before_request and error handlers set on a parent blueprint carry over to its children. If a child doesn't have its own handler for something, Flask falls back to the parent's.",0.1092896174863388,0.22580645161290322,0.2,0.21212121212121215,0.0,0.0,0.0,0.12903225806451613,0.11428571428571428,0.12121212121212123,0.8487465977668762,0.8399612903594971,0.8443311452865601,0.2940272390842438
"As a developer, I want to ensure that if 'SEND_FILE_MAX_AGE_DEFAULT' is None, the application will not set a cache duration, so that browsers use conditional requests instead.","request, session, g, and current_app are all proxies tied to a context. They only work while the right app or request context is active.",0.15306122448979592,0.16129032258064516,0.2,0.17857142857142855,0.0,0.0,0.0,0.0967741935483871,0.12,0.10714285714285714,0.8469569683074951,0.8505731821060181,0.848761260509491,0.20297805964946747
"As a developer, I want to ensure that if 'SEND_FILE_MAX_AGE_DEFAULT' is None, the application will not set a cache duration, so that browsers use conditional requests instead.","Flask's session object doesn't notice when you mutate something in place, like appending to a list. You need to manually set session.modified = True when that happens.",0.14940555661516944,0.12903225806451613,0.13793103448275862,0.13333333333333333,0.0,0.0,0.0,0.12903225806451613,0.13793103448275862,0.13333333333333333,0.8469555377960205,0.8568844795227051,0.8518911004066467,0.1905585527420044
"As a developer, I want to ensure that if 'SEND_FILE_MAX_AGE_DEFAULT' is None, the application will not set a cache duration, so that browsers use conditional requests instead.",Sessions are stored in a signed cookie that normally disappears when the browser closes. Setting permanent to True keeps it alive for as long as PERMANENT_SESSION_LIFETIME says.,0.1360544217687075,0.22580645161290322,0.2413793103448276,0.23333333333333334,0.0,0.0,0.0,0.12903225806451613,0.13793103448275862,0.13333333333333333,0.8573381304740906,0.8359419703483582,0.8465048670768738,0.3083692193031311
"As a developer, I want to ensure that if 'SEND_FILE_MAX_AGE_DEFAULT' is None, the application will not set a cache duration, so that browsers use conditional requests instead.","Trailing slashes matter for routing. A route defined with a trailing slash will redirect a request without one to the slash version, and a route without a trailing slash returns a 404 if someone requests it with one.",0.13681592039800997,0.22580645161290322,0.18421052631578946,0.20289855072463767,0.0,0.0,0.0,0.16129032258064516,0.13157894736842105,0.14492753623188406,0.8340395092964172,0.8387900590896606,0.8364080190658569,0.0935242623090744
"As a developer, I want to ensure that if 'SEND_FILE_MAX_AGE_DEFAULT' is None, the application will not set a cache duration, so that browsers use conditional requests instead.","If a route has a default value and also accepts POST, the version with the default should only handle GET, since a redirect can't carry form data along with it.",0.13274336283185842,0.16129032258064516,0.16129032258064516,0.16129032258064516,0.0,0.0,0.0,0.12903225806451613,0.12903225806451613,0.12903225806451613,0.8422766923904419,0.8528141379356384,0.8475126624107361,0.2721090316772461
"As a developer, I want to ensure that if 'SEND_FILE_MAX_AGE_DEFAULT' is None, the application will not set a cache duration, so that browsers use conditional requests instead.","Routes default to handling GET, along with HEAD. OPTIONS gets added automatically unless provide_automatic_options is turned off.",0.11737089201877934,0.0967741935483871,0.15789473684210525,0.12000000000000001,0.0,0.0,0.0,0.06451612903225806,0.10526315789473684,0.07999999999999999,0.8420515656471252,0.849385142326355,0.8457024693489075,0.28116270899772644
"As a developer, I want to ensure that if 'SEND_FILE_MAX_AGE_DEFAULT' is None, the application will not set a cache duration, so that browsers use conditional requests instead.","A view's endpoint name comes from its function name unless you set one explicitly, and it automatically gets prefixed with the blueprint's name if it's registered through one.",0.13636363636363635,0.12903225806451613,0.12903225806451613,0.12903225806451613,0.0,0.0,0.0,0.06451612903225806,0.06451612903225806,0.06451612903225806,0.833588182926178,0.830744743347168,0.8321640491485596,-0.04094833880662918
"As a developer, I want to ensure that if 'SEND_FILE_MAX_AGE_DEFAULT' is None, the application will not set a cache duration, so that browsers use conditional requests instead.","If a view function has a required_methods attribute, Flask will always include those methods on the route, even if you explicitly set different ones in the route() call.",0.16666666666666666,0.1935483870967742,0.20689655172413793,0.19999999999999998,0.0,0.0,0.0,0.0967741935483871,0.10344827586206896,0.09999999999999999,0.8618109226226807,0.8585145473480225,0.8601595759391785,0.15631406009197235
"As a developer, I want to specify the Flask application or factory function to load using the '--app' option, so that I can run the application from the command line.","request, session, g, and current_app are all proxies tied to a context. They only work while the right app or request context is active.",0.15151515151515152,0.16666666666666666,0.2,0.1818181818181818,0.0,0.0,0.0,0.1,0.12,0.1090909090909091,0.8555480241775513,0.8538921475410461,0.8547192811965942,0.281159371137619
"As a developer, I want to specify the Flask application or factory function to load using the '--app' option, so that I can run the application from the command line.","Flask's session object doesn't notice when you mutate something in place, like appending to a list. You need to manually set session.modified = True when that happens.",0.1234567901234568,0.16666666666666666,0.1724137931034483,0.16949152542372883,0.0,0.0,0.0,0.1,0.10344827586206896,0.10169491525423728,0.8573608994483948,0.858368992805481,0.8578646183013916,0.24396216869354248
"As a developer, I want to specify the Flask application or factory function to load using the '--app' option, so that I can run the application from the command line.",Sessions are stored in a signed cookie that normally disappears when the browser closes. Setting permanent to True keeps it alive for as long as PERMANENT_SESSION_LIFETIME says.,0.10101010101010102,0.16666666666666666,0.1724137931034483,0.16949152542372883,0.0,0.0,0.0,0.1,0.10344827586206896,0.10169491525423728,0.8454689383506775,0.8130081295967102,0.828920841217041,0.010843534953892231
"As a developer, I want to specify the Flask application or factory function to load using the '--app' option, so that I can run the application from the command line.","Trailing slashes matter for routing. A route defined with a trailing slash will redirect a request without one to the slash version, and a route without a trailing slash returns a 404 if someone requests it with one.",0.09876543209876544,0.1,0.07894736842105263,0.08823529411764706,0.0,0.0,0.0,0.1,0.07894736842105263,0.08823529411764706,0.8455796837806702,0.8349613547325134,0.840237021446228,0.062198035418987274
"As a developer, I want to specify the Flask application or factory function to load using the '--app' option, so that I can run the application from the command line.","If a route has a default value and also accepts POST, the version with the default should only handle GET, since a redirect can't carry form data along with it.",0.11695906432748537,0.13333333333333333,0.12903225806451613,0.13114754098360656,0.0,0.0,0.0,0.13333333333333333,0.12903225806451613,0.13114754098360656,0.8514446020126343,0.844531238079071,0.8479738831520081,0.0837688222527504
"As a developer, I want to specify the Flask application or factory function to load using the '--app' option, so that I can run the application from the command line.","Routes default to handling GET, along with HEAD. OPTIONS gets added automatically unless provide_automatic_options is turned off.",0.11574074074074076,0.06666666666666667,0.10526315789473684,0.0816326530612245,0.0,0.0,0.0,0.06666666666666667,0.10526315789473684,0.0816326530612245,0.8370746970176697,0.8395757675170898,0.8383233547210693,0.2265196442604065
"As a developer, I want to specify the Flask application or factory function to load using the '--app' option, so that I can run the application from the command line.","A view's endpoint name comes from its function name unless you set one explicitly, and it automatically gets prefixed with the blueprint's name if it's registered through one.",0.13513513513513514,0.13333333333333333,0.12903225806451613,0.13114754098360656,0.0,0.0,0.0,0.1,0.0967741935483871,0.09836065573770492,0.8514926433563232,0.8396505117416382,0.845530092716217,0.11400894075632095
"As a developer, I want to specify the Flask application or factory function to load using the '--app' option, so that I can run the application from the command line.","If a view function has a required_methods attribute, Flask will always include those methods on the route, even if you explicitly set different ones in the route() call.",0.15015015015015018,0.16666666666666666,0.1724137931034483,0.16949152542372883,0.0,0.0,0.0,0.13333333333333333,0.13793103448275862,0.13559322033898305,0.8720777034759521,0.8677444458007812,0.8699056506156921,0.3728826344013214
"As a developer, I want to load environment variables from a specified file using the '--env-file' option, so that I can configure my application with environment-specific settings.","request, session, g, and current_app are all proxies tied to a context. They only work while the right app or request context is active.",0.10204081632653063,0.10344827586206896,0.12,0.11111111111111112,0.0,0.0,0.0,0.10344827586206896,0.12,0.11111111111111112,0.8547698259353638,0.8505826592445374,0.8526710867881775,0.18634459376335144
"As a developer, I want to load environment variables from a specified file using the '--env-file' option, so that I can configure my application with environment-specific settings.","Flask's session object doesn't notice when you mutate something in place, like appending to a list. You need to manually set session.modified = True when that happens.",0.14940555661516944,0.13793103448275862,0.13793103448275862,0.13793103448275862,0.0,0.0,0.0,0.10344827586206896,0.10344827586206896,0.10344827586206896,0.8617091178894043,0.8585014343261719,0.8601022958755493,-0.023404765874147415
"As a developer, I want to load environment variables from a specified file using the '--env-file' option, so that I can configure my application with environment-specific settings.",Sessions are stored in a signed cookie that normally disappears when the browser closes. Setting permanent to True keeps it alive for as long as PERMANENT_SESSION_LIFETIME says.,0.11904761904761905,0.20689655172413793,0.20689655172413793,0.20689655172413793,0.0,0.0,0.0,0.10344827586206896,0.10344827586206896,0.10344827586206896,0.8529406785964966,0.8204435110092163,0.8363765478134155,0.028018295764923096
"As a developer, I want to load environment variables from a specified file using the '--env-file' option, so that I can configure my application with environment-specific settings.","Trailing slashes matter for routing. A route defined with a trailing slash will redirect a request without one to the slash version, and a route without a trailing slash returns a 404 if someone requests it with one.",0.12437810945273632,0.1724137931034483,0.13157894736842105,0.1492537313432836,0.0,0.0,0.0,0.13793103448275862,0.10526315789473684,0.11940298507462686,0.8481769561767578,0.8369167447090149,0.8425092101097107,-0.06989875435829163
"As a developer, I want to load environment variables from a specified file using the '--env-file' option, so that I can configure my application with environment-specific settings.","If a route has a default value and also accepts POST, the version with the default should only handle GET, since a redirect can't carry form data along with it.",0.13274336283185842,0.1724137931034483,0.16129032258064516,0.16666666666666669,0.0,0.0,0.0,0.1724137931034483,0.16129032258064516,0.16666666666666669,0.8520499467849731,0.8450416326522827,0.8485313057899475,0.04325098171830177
"As a developer, I want to load environment variables from a specified file using the '--env-file' option, so that I can configure my application with environment-specific settings.","Routes default to handling GET, along with HEAD. OPTIONS gets added automatically unless provide_automatic_options is turned off.",0.14084507042253522,0.10344827586206896,0.15789473684210525,0.125,0.0,0.0,0.0,0.06896551724137931,0.10526315789473684,0.08333333333333333,0.8487064242362976,0.8491951823234558,0.8489507436752319,0.15566802024841309
"As a developer, I want to load environment variables from a specified file using the '--env-file' option, so that I can configure my application with environment-specific settings.","A view's endpoint name comes from its function name unless you set one explicitly, and it automatically gets prefixed with the blueprint's name if it's registered through one.",0.16666666666666666,0.1724137931034483,0.16129032258064516,0.16666666666666669,0.0,0.0,0.0,0.10344827586206896,0.0967741935483871,0.09999999999999999,0.853934645652771,0.8376644849777222,0.8457213640213013,0.06216564029455185
"As a developer, I want to load environment variables from a specified file using the '--env-file' option, so that I can configure my application with environment-specific settings.","If a view function has a required_methods attribute, Flask will always include those methods on the route, even if you explicitly set different ones in the route() call.",0.13636363636363635,0.13793103448275862,0.13793103448275862,0.13793103448275862,0.0,0.0,0.0,0.13793103448275862,0.13793103448275862,0.13793103448275862,0.8681022524833679,0.8574091792106628,0.8627225756645203,0.004782666452229023
"As a developer, I want to set the debug mode using the '--debug' option, so that I can enable or disable debugging features in my application.","request, session, g, and current_app are all proxies tied to a context. They only work while the right app or request context is active.",0.11945392491467578,0.15384615384615385,0.16,0.1568627450980392,0.0,0.0,0.0,0.11538461538461539,0.12,0.11764705882352941,0.8541553020477295,0.8452895879745483,0.8496993184089661,0.005105148069560528
"As a developer, I want to set the debug mode using the '--debug' option, so that I can enable or disable debugging features in my application.","Flask's session object doesn't notice when you mutate something in place, like appending to a list. You need to manually set session.modified = True when that happens.",0.166259765625,0.19230769230769232,0.1724137931034483,0.18181818181818185,0.0,0.0,0.0,0.15384615384615385,0.13793103448275862,0.14545454545454548,0.8615944385528564,0.8591016530990601,0.8603461980819702,-0.09349702298641205
"As a developer, I want to set the debug mode using the '--debug' option, so that I can enable or disable debugging features in my application.",Sessions are stored in a signed cookie that normally disappears when the browser closes. Setting permanent to True keeps it alive for as long as PERMANENT_SESSION_LIFETIME says.,0.13651877133105803,0.2692307692307692,0.2413793103448276,0.2545454545454545,0.0,0.0,0.0,0.07692307692307693,0.06896551724137931,0.07272727272727274,0.8526734113693237,0.8175595998764038,0.8347473740577698,0.0006856424733996391
"As a developer, I want to set the debug mode using the '--debug' option, so that I can enable or disable debugging features in my application.","Trailing slashes matter for routing. A route defined with a trailing slash will redirect a request without one to the slash version, and a route without a trailing slash returns a 404 if someone requests it with one.",0.09975062344139651,0.11538461538461539,0.07894736842105263,0.09374999999999999,0.0,0.0,0.0,0.11538461538461539,0.07894736842105263,0.09374999999999999,0.853602409362793,0.8360085487365723,0.8447139263153076,-0.06202618032693863
"As a developer, I want to set the debug mode using the '--debug' option, so that I can enable or disable debugging features in my application.","If a route has a default value and also accepts POST, the version with the default should only handle GET, since a redirect can't carry form data along with it.",0.11834319526627218,0.15384615384615385,0.12903225806451613,0.14035087719298245,0.0,0.0,0.0,0.15384615384615385,0.12903225806451613,0.14035087719298245,0.8540872931480408,0.8441286087036133,0.8490787744522095,0.0015787295997142792
"As a developer, I want to set the debug mode using the '--debug' option, so that I can enable or disable debugging features in my application.","Routes default to handling GET, along with HEAD. OPTIONS gets added automatically unless provide_automatic_options is turned off.",0.1179245283018868,0.07692307692307693,0.10526315789473684,0.08888888888888889,0.0,0.0,0.0,0.07692307692307693,0.10526315789473684,0.08888888888888889,0.8493549823760986,0.8447580337524414,0.8470502495765686,0.13191716372966766
"As a developer, I want to set the debug mode using the '--debug' option, so that I can enable or disable debugging features in my application.","A view's endpoint name comes from its function name unless you set one explicitly, and it automatically gets prefixed with the blueprint's name if it's registered through one.",0.13677811550151975,0.11538461538461539,0.0967741935483871,0.10526315789473684,0.0,0.0,0.0,0.11538461538461539,0.0967741935483871,0.10526315789473684,0.8553023934364319,0.8350924849510193,0.8450766205787659,0.11175969243049622
"As a developer, I want to set the debug mode using the '--debug' option, so that I can enable or disable debugging features in my application.","If a view function has a required_methods attribute, Flask will always include those methods on the route, even if you explicitly set different ones in the route() call.",0.16717325227963525,0.19230769230769232,0.1724137931034483,0.18181818181818185,0.0,0.0,0.0,0.11538461538461539,0.10344827586206896,0.10909090909090909,0.8697049021720886,0.8591656684875488,0.8644031286239624,0.0023979507386684418
"As a developer, I want to run a local development server with specified host and port, so that I can test my application in a controlled environment.","request, session, g, and current_app are all proxies tied to a context. They only work while the right app or request context is active.",0.12027491408934708,0.1111111111111111,0.12,0.11538461538461538,0.0,0.0,0.0,0.07407407407407407,0.08,0.07692307692307691,0.8492132425308228,0.8429710865020752,0.8460806608200073,0.04930274933576584
"As a developer, I want to run a local development server with specified host and port, so that I can test my application in a controlled environment.","Flask's session object doesn't notice when you mutate something in place, like appending to a list. You need to manually set session.modified = True when that happens.",0.1508150429983314,0.14814814814814814,0.13793103448275862,0.14285714285714285,0.0,0.0,0.0,0.1111111111111111,0.10344827586206896,0.10714285714285715,0.8511075973510742,0.8442223072052002,0.8476510047912598,-0.11056208610534668
"As a developer, I want to run a local development server with specified host and port, so that I can test my application in a controlled environment.",Sessions are stored in a signed cookie that normally disappears when the browser closes. Setting permanent to True keeps it alive for as long as PERMANENT_SESSION_LIFETIME says.,0.14652539137075218,0.18518518518518517,0.1724137931034483,0.17857142857142858,0.038461538461538464,0.03571428571428571,0.03703703703703704,0.07407407407407407,0.06896551724137931,0.07142857142857142,0.8451237082481384,0.8072203993797302,0.8257372975349426,-0.1113298088312149
"As a developer, I want to run a local development server with specified host and port, so that I can test my application in a controlled environment.","Trailing slashes matter for routing. A route defined with a trailing slash will redirect a request without one to the slash version, and a route without a trailing slash returns a 404 if someone requests it with one.",0.13784461152882205,0.2222222222222222,0.15789473684210525,0.18461538461538463,0.0,0.0,0.0,0.14814814814814814,0.10526315789473684,0.12307692307692308,0.8530063629150391,0.8281282186508179,0.8403832316398621,0.02698184922337532
"As a developer, I want to run a local development server with specified host and port, so that I can test my application in a controlled environment.","If a route has a default value and also accepts POST, the version with the default should only handle GET, since a redirect can't carry form data along with it.",0.1339285714285714,0.2222222222222222,0.1935483870967742,0.20689655172413793,0.0,0.0,0.0,0.14814814814814814,0.12903225806451613,0.13793103448275862,0.8565857410430908,0.841133177280426,0.8487891554832458,-0.01629907265305519
"As a developer, I want to run a local development server with specified host and port, so that I can test my application in a controlled environment.","Routes default to handling GET, along with HEAD. OPTIONS gets added automatically unless provide_automatic_options is turned off.",0.14285714285714285,0.07407407407407407,0.10526315789473684,0.08695652173913043,0.0,0.0,0.0,0.07407407407407407,0.10526315789473684,0.08695652173913043,0.8370500802993774,0.8256106972694397,0.8312909603118896,-0.04696246236562729
"As a developer, I want to run a local development server with specified host and port, so that I can test my application in a controlled environment.","A view's endpoint name comes from its function name unless you set one explicitly, and it automatically gets prefixed with the blueprint's name if it's registered through one.",0.13761467889908252,0.1111111111111111,0.0967741935483871,0.10344827586206896,0.0,0.0,0.0,0.07407407407407407,0.06451612903225806,0.06896551724137931,0.8539830446243286,0.8237509727478027,0.8385946154594421,-0.061313044279813766
"As a developer, I want to run a local development server with specified host and port, so that I can test my application in a controlled environment.","If a view function has a required_methods attribute, Flask will always include those methods on the route, even if you explicitly set different ones in the route() call.",0.12232415902140674,0.1111111111111111,0.10344827586206896,0.10714285714285715,0.0,0.0,0.0,0.1111111111111111,0.10344827586206896,0.10714285714285715,0.8571214079856873,0.8396775722503662,0.8483098149299622,-0.0988893210887909
"As a developer, I want to enable or disable the reloader and debugger based on the debug mode, so that I can have a responsive development experience.","request, session, g, and current_app are all proxies tied to a context. They only work while the right app or request context is active.",0.13745704467353953,0.18518518518518517,0.2,0.1923076923076923,0.0,0.0,0.0,0.07407407407407407,0.08,0.07692307692307691,0.8574914932250977,0.8461892008781433,0.8518028259277344,0.03620580956339836
"As a developer, I want to enable or disable the reloader and debugger based on the debug mode, so that I can have a responsive development experience.","Flask's session object doesn't notice when you mutate something in place, like appending to a list. You need to manually set session.modified = True when that happens.",0.13408455625436758,0.1111111111111111,0.10344827586206896,0.10714285714285715,0.0,0.0,0.0,0.1111111111111111,0.10344827586206896,0.10714285714285715,0.8599520921707153,0.8552982211112976,0.8576188683509827,-0.08646270632743835
"As a developer, I want to enable or disable the reloader and debugger based on the debug mode, so that I can have a responsive development experience.",Sessions are stored in a signed cookie that normally disappears when the browser closes. Setting permanent to True keeps it alive for as long as PERMANENT_SESSION_LIFETIME says.,0.10309278350515463,0.18518518518518517,0.1724137931034483,0.17857142857142858,0.0,0.0,0.0,0.07407407407407407,0.06896551724137931,0.07142857142857142,0.8527982234954834,0.8131846189498901,0.8325204849243164,0.004093185067176819
"As a developer, I want to enable or disable the reloader and debugger based on the debug mode, so that I can have a responsive development experience.","Trailing slashes matter for routing. A route defined with a trailing slash will redirect a request without one to the slash version, and a route without a trailing slash returns a 404 if someone requests it with one.",0.12531328320802007,0.18518518518518517,0.13157894736842105,0.15384615384615383,0.0,0.0,0.0,0.18518518518518517,0.13157894736842105,0.15384615384615383,0.8579790592193604,0.8360099792480469,0.8468520641326904,-0.10376804322004318
"As a developer, I want to enable or disable the reloader and debugger based on the debug mode, so that I can have a responsive development experience.","If a route has a default value and also accepts POST, the version with the default should only handle GET, since a redirect can't carry form data along with it.",0.1785714285714286,0.2222222222222222,0.1935483870967742,0.20689655172413793,0.0,0.0,0.0,0.14814814814814814,0.12903225806451613,0.13793103448275862,0.8599533438682556,0.8450673222541809,0.8524453639984131,-0.03794122114777565
"As a developer, I want to enable or disable the reloader and debugger based on the debug mode, so that I can have a responsive development experience.","Routes default to handling GET, along with HEAD. OPTIONS gets added automatically unless provide_automatic_options is turned off.",0.14285714285714285,0.037037037037037035,0.05263157894736842,0.043478260869565216,0.0,0.0,0.0,0.037037037037037035,0.05263157894736842,0.043478260869565216,0.844854474067688,0.841383159160614,0.8431152701377869,0.028160879388451576
"As a developer, I want to enable or disable the reloader and debugger based on the debug mode, so that I can have a responsive development experience.","A view's endpoint name comes from its function name unless you set one explicitly, and it automatically gets prefixed with the blueprint's name if it's registered through one.",0.12232415902140674,0.1111111111111111,0.0967741935483871,0.10344827586206896,0.0,0.0,0.0,0.1111111111111111,0.0967741935483871,0.10344827586206896,0.8587609529495239,0.8282747268676758,0.8432424068450928,0.08742566406726837
"As a developer, I want to enable or disable the reloader and debugger based on the debug mode, so that I can have a responsive development experience.","If a view function has a required_methods attribute, Flask will always include those methods on the route, even if you explicitly set different ones in the route() call.",0.13761467889908252,0.18518518518518517,0.1724137931034483,0.17857142857142858,0.038461538461538464,0.03571428571428571,0.03703703703703704,0.1111111111111111,0.10344827586206896,0.10714285714285715,0.86232990026474,0.8463183045387268,0.854249119758606,-0.0032089799642562866
"As a developer, I want to specify extra files that trigger a reload on change, so that I can automatically refresh the server when those files are modified.","request, session, g, and current_app are all proxies tied to a context. They only work while the right app or request context is active.",0.11986301369863016,0.14285714285714285,0.16,0.15094339622641512,0.0,0.0,0.0,0.10714285714285714,0.12,0.1132075471698113,0.8554894328117371,0.8385552167892456,0.8469376564025879,0.06978178024291992
"As a developer, I want to specify extra files that trigger a reload on change, so that I can automatically refresh the server when those files are modified.","Flask's session object doesn't notice when you mutate something in place, like appending to a list. You need to manually set session.modified = True when that happens.",0.15034226856886954,0.17857142857142858,0.1724137931034483,0.17543859649122806,0.0,0.0,0.0,0.10714285714285714,0.10344827586206896,0.10526315789473684,0.8685240149497986,0.8588746786117554,0.8636723756790161,0.17614048719406128
"As a developer, I want to specify extra files that trigger a reload on change, so that I can automatically refresh the server when those files are modified.",Sessions are stored in a signed cookie that normally disappears when the browser closes. Setting permanent to True keeps it alive for as long as PERMANENT_SESSION_LIFETIME says.,0.13698630136986303,0.25,0.2413793103448276,0.24561403508771928,0.0,0.0,0.0,0.10714285714285714,0.10344827586206896,0.10526315789473684,0.854346513748169,0.8148829936981201,0.8341482877731323,0.1147022396326065
"As a developer, I want to specify extra files that trigger a reload on change, so that I can automatically refresh the server when those files are modified.","Trailing slashes matter for routing. A route defined with a trailing slash will redirect a request without one to the slash version, and a route without a trailing slash returns a 404 if someone requests it with one.",0.1125,0.14285714285714285,0.10526315789473684,0.12121212121212122,0.0,0.0,0.0,0.10714285714285714,0.07894736842105263,0.09090909090909091,0.8641155958175659,0.8417220115661621,0.8527718186378479,-0.05714603140950203
"As a developer, I want to specify extra files that trigger a reload on change, so that I can automatically refresh the server when those files are modified.","If a route has a default value and also accepts POST, the version with the default should only handle GET, since a redirect can't carry form data along with it.",0.13353115727002968,0.14285714285714285,0.12903225806451613,0.13559322033898305,0.0,0.0,0.0,0.10714285714285714,0.0967741935483871,0.10169491525423728,0.85884690284729,0.8463335037231445,0.8525442481040955,0.023227518424391747
"As a developer, I want to specify extra files that trigger a reload on change, so that I can automatically refresh the server when those files are modified.","Routes default to handling GET, along with HEAD. OPTIONS gets added automatically unless provide_automatic_options is turned off.",0.14218009478672985,0.07142857142857142,0.10526315789473684,0.0851063829787234,0.0,0.0,0.0,0.07142857142857142,0.10526315789473684,0.0851063829787234,0.8431476950645447,0.8372735977172852,0.8402003645896912,0.07622532546520233
"As a developer, I want to specify extra files that trigger a reload on change, so that I can automatically refresh the server when those files are modified.","A view's endpoint name comes from its function name unless you set one explicitly, and it automatically gets prefixed with the blueprint's name if it's registered through one.",0.1219512195121951,0.10714285714285714,0.0967741935483871,0.10169491525423728,0.0,0.0,0.0,0.10714285714285714,0.0967741935483871,0.10169491525423728,0.8600844740867615,0.8347489237785339,0.8472273349761963,0.000422467477619648
"As a developer, I want to specify extra files that trigger a reload on change, so that I can automatically refresh the server when those files are modified.","If a view function has a required_methods attribute, Flask will always include those methods on the route, even if you explicitly set different ones in the route() call.",0.1371951219512195,0.17857142857142858,0.1724137931034483,0.17543859649122806,0.0,0.0,0.0,0.14285714285714285,0.13793103448275862,0.14035087719298248,0.869713544845581,0.8541405200958252,0.8618566989898682,0.040436264127492905
"As a developer, I want to specify patterns for files that should not trigger a reload on change, so that I can control which files affect the server's behavior.","request, session, g, and current_app are all proxies tied to a context. They only work while the right app or request context is active.",0.10204081632653063,0.1,0.12,0.1090909090909091,0.0,0.0,0.0,0.1,0.12,0.1090909090909091,0.8577562570571899,0.8380054831504822,0.8477658629417419,0.10518909990787506
"As a developer, I want to specify patterns for files that should not trigger a reload on change, so that I can control which files affect the server's behavior.","Flask's session object doesn't notice when you mutate something in place, like appending to a list. You need to manually set session.modified = True when that happens.",0.14940555661516944,0.13333333333333333,0.13793103448275862,0.13559322033898305,0.0,0.0,0.0,0.1,0.10344827586206896,0.10169491525423728,0.8657249212265015,0.8556256890296936,0.8606456518173218,0.09717990458011627
"As a developer, I want to specify patterns for files that should not trigger a reload on change, so that I can control which files affect the server's behavior.",Sessions are stored in a signed cookie that normally disappears when the browser closes. Setting permanent to True keeps it alive for as long as PERMANENT_SESSION_LIFETIME says.,0.1360544217687075,0.2,0.20689655172413793,0.20338983050847456,0.0,0.0,0.0,0.1,0.10344827586206896,0.10169491525423728,0.8526490926742554,0.8105992078781128,0.8310925960540771,0.033819571137428284
"As a developer, I want to specify patterns for files that should not trigger a reload on change, so that I can control which files affect the server's behavior.","Trailing slashes matter for routing. A route defined with a trailing slash will redirect a request without one to the slash version, and a route without a trailing slash returns a 404 if someone requests it with one.",0.12437810945273632,0.16666666666666666,0.13157894736842105,0.14705882352941177,0.0,0.0,0.0,0.1,0.07894736842105263,0.08823529411764706,0.8624134063720703,0.8376555442810059,0.8498542308807373,-0.013535061851143837
"As a developer, I want to specify patterns for files that should not trigger a reload on change, so that I can control which files affect the server's behavior.","If a route has a default value and also accepts POST, the version with the default should only handle GET, since a redirect can't carry form data along with it.",0.16224188790560473,0.16666666666666666,0.16129032258064516,0.16393442622950818,0.0,0.0,0.0,0.13333333333333333,0.12903225806451613,0.13114754098360656,0.8662107586860657,0.8488932251930237,0.8574645519256592,0.09486760199069977
"As a developer, I want to specify patterns for files that should not trigger a reload on change, so that I can control which files affect the server's behavior.","Routes default to handling GET, along with HEAD. OPTIONS gets added automatically unless provide_automatic_options is turned off.",0.11737089201877934,0.03333333333333333,0.05263157894736842,0.04081632653061225,0.0,0.0,0.0,0.03333333333333333,0.05263157894736842,0.04081632653061225,0.8428622484207153,0.8317028284072876,0.8372454047203064,0.11896280944347382
"As a developer, I want to specify patterns for files that should not trigger a reload on change, so that I can control which files affect the server's behavior.","A view's endpoint name comes from its function name unless you set one explicitly, and it automatically gets prefixed with the blueprint's name if it's registered through one.",0.13636363636363635,0.1,0.0967741935483871,0.09836065573770492,0.0,0.0,0.0,0.1,0.0967741935483871,0.09836065573770492,0.8574493527412415,0.831524670124054,0.8442880511283875,0.023278851062059402
"As a developer, I want to specify patterns for files that should not trigger a reload on change, so that I can control which files affect the server's behavior.","If a view function has a required_methods attribute, Flask will always include those methods on the route, even if you explicitly set different ones in the route() call.",0.12121212121212122,0.13333333333333333,0.13793103448275862,0.13559322033898305,0.0,0.0,0.0,0.13333333333333333,0.13793103448275862,0.13559322033898305,0.8673985004425049,0.8504372835159302,0.8588341474533081,0.07595328986644745
"As a developer, I want to show the routes for the app using the 'routes' command, so that I can see all registered routes and their methods.","request, session, g, and current_app are all proxies tied to a context. They only work while the right app or request context is active.",0.15358361774744028,0.2222222222222222,0.24,0.23076923076923075,0.0,0.0,0.0,0.1111111111111111,0.12,0.11538461538461538,0.8561661243438721,0.8517919778823853,0.8539735078811646,0.21590623259544373
"As a developer, I want to show the routes for the app using the 'routes' command, so that I can see all registered routes and their methods.","Flask's session object doesn't notice when you mutate something in place, like appending to a list. You need to manually set session.modified = True when that happens.",0.1332465277777778,0.1111111111111111,0.10344827586206896,0.10714285714285715,0.0,0.0,0.0,0.1111111111111111,0.10344827586206896,0.10714285714285715,0.8572976589202881,0.8529474139213562,0.8551170229911804,-0.016566772013902664
"As a developer, I want to show the routes for the app using the 'routes' command, so that I can see all registered routes and their methods.",Sessions are stored in a signed cookie that normally disappears when the browser closes. Setting permanent to True keeps it alive for as long as PERMANENT_SESSION_LIFETIME says.,0.11945392491467578,0.2222222222222222,0.20689655172413793,0.2142857142857143,0.0,0.0,0.0,0.1111111111111111,0.10344827586206896,0.10714285714285715,0.8520750403404236,0.8139257431030273,0.832563579082489,0.022982634603977203
"As a developer, I want to show the routes for the app using the 'routes' command, so that I can see all registered routes and their methods.","Trailing slashes matter for routing. A route defined with a trailing slash will redirect a request without one to the slash version, and a route without a trailing slash returns a 404 if someone requests it with one.",0.16209476309226933,0.2962962962962963,0.21052631578947367,0.24615384615384617,0.0,0.0,0.0,0.14814814814814814,0.10526315789473684,0.12307692307692308,0.8660383224487305,0.8405795693397522,0.8531190752983093,0.3443782329559326
"As a developer, I want to show the routes for the app using the 'routes' command, so that I can see all registered routes and their methods.","If a route has a default value and also accepts POST, the version with the default should only handle GET, since a redirect can't carry form data along with it.",0.14792899408284024,0.2222222222222222,0.1935483870967742,0.20689655172413793,0.0,0.0,0.0,0.18518518518518517,0.16129032258064516,0.17241379310344826,0.867222249507904,0.8479679822921753,0.8574870824813843,0.263225793838501
"As a developer, I want to show the routes for the app using the 'routes' command, so that I can see all registered routes and their methods.","Routes default to handling GET, along with HEAD. OPTIONS gets added automatically unless provide_automatic_options is turned off.",0.1179245283018868,0.07407407407407407,0.10526315789473684,0.08695652173913043,0.0,0.0,0.0,0.037037037037037035,0.05263157894736842,0.043478260869565216,0.8486413955688477,0.8410898447036743,0.8448487520217896,0.3813644051551819
"As a developer, I want to show the routes for the app using the 'routes' command, so that I can see all registered routes and their methods.","A view's endpoint name comes from its function name unless you set one explicitly, and it automatically gets prefixed with the blueprint's name if it's registered through one.",0.16717325227963525,0.14814814814814814,0.12903225806451613,0.13793103448275862,0.0,0.0,0.0,0.1111111111111111,0.0967741935483871,0.10344827586206896,0.8650267124176025,0.8365170955657959,0.8505330681800842,0.22187678515911102
"As a developer, I want to show the routes for the app using the 'routes' command, so that I can see all registered routes and their methods.","If a view function has a required_methods attribute, Flask will always include those methods on the route, even if you explicitly set different ones in the route() call.",0.19756838905775076,0.2222222222222222,0.20689655172413793,0.2142857142857143,0.07692307692307693,0.07142857142857142,0.07407407407407408,0.18518518518518517,0.1724137931034483,0.17857142857142858,0.8795431852340698,0.8680387735366821,0.8737530708312988,0.3394990861415863
"As a developer, I want to sort the displayed routes by different criteria, so that I can easily find the routes I am interested in.","request, session, g, and current_app are all proxies tied to a context. They only work while the right app or request context is active.",0.10380622837370243,0.12,0.12,0.12,0.0,0.0,0.0,0.08,0.08,0.08,0.8548250198364258,0.8423739075660706,0.8485538363456726,0.034825000911951065
"As a developer, I want to sort the displayed routes by different criteria, so that I can easily find the routes I am interested in.","Flask's session object doesn't notice when you mutate something in place, like appending to a list. You need to manually set session.modified = True when that happens.",0.16836431962025314,0.16,0.13793103448275862,0.14814814814814817,0.0,0.0,0.0,0.12,0.10344827586206896,0.11111111111111112,0.8565995693206787,0.8494284152984619,0.8529989123344421,-0.0337531603872776
"As a developer, I want to sort the displayed routes by different criteria, so that I can easily find the routes I am interested in.",Sessions are stored in a signed cookie that normally disappears when the browser closes. Setting permanent to True keeps it alive for as long as PERMANENT_SESSION_LIFETIME says.,0.12110726643598617,0.24,0.20689655172413793,0.22222222222222224,0.0,0.0,0.0,0.12,0.10344827586206896,0.11111111111111112,0.8499860763549805,0.80695641040802,0.8279125094413757,-0.04293373227119446
"As a developer, I want to sort the displayed routes by different criteria, so that I can easily find the routes I am interested in.","Trailing slashes matter for routing. A route defined with a trailing slash will redirect a request without one to the slash version, and a route without a trailing slash returns a 404 if someone requests it with one.",0.12594458438287154,0.2,0.13157894736842105,0.1587301587301587,0.0,0.0,0.0,0.16,0.10526315789473684,0.12698412698412698,0.8662897944450378,0.8367875814437866,0.8512831926345825,0.24901162087917328
"As a developer, I want to sort the displayed routes by different criteria, so that I can easily find the routes I am interested in.","If a route has a default value and also accepts POST, the version with the default should only handle GET, since a redirect can't carry form data along with it.",0.1497005988023952,0.2,0.16129032258064516,0.17857142857142855,0.0,0.0,0.0,0.12,0.0967741935483871,0.10714285714285714,0.8673664331436157,0.8449862599372864,0.8560300469398499,0.2863892614841461
"As a developer, I want to sort the displayed routes by different criteria, so that I can easily find the routes I am interested in.","Routes default to handling GET, along with HEAD. OPTIONS gets added automatically unless provide_automatic_options is turned off.",0.14423076923076922,0.08,0.10526315789473684,0.0909090909090909,0.0,0.0,0.0,0.04,0.05263157894736842,0.04545454545454545,0.8445039987564087,0.8337940573692322,0.8391148447990417,0.37135323882102966
"As a developer, I want to sort the displayed routes by different criteria, so that I can easily find the routes I am interested in.","A view's endpoint name comes from its function name unless you set one explicitly, and it automatically gets prefixed with the blueprint's name if it's registered through one.",0.1076923076923077,0.08,0.06451612903225806,0.07142857142857142,0.0,0.0,0.0,0.08,0.06451612903225806,0.07142857142857142,0.8603044748306274,0.8293631076812744,0.8445504903793335,0.11996743828058243
"As a developer, I want to sort the displayed routes by different criteria, so that I can easily find the routes I am interested in.","If a view function has a required_methods attribute, Flask will always include those methods on the route, even if you explicitly set different ones in the route() call.",0.22702991452991456,0.28,0.2413793103448276,0.25925925925925924,0.041666666666666664,0.03571428571428571,0.03846153846153846,0.24,0.20689655172413793,0.22222222222222224,0.8700852394104004,0.8529982566833496,0.8614569902420044,0.29900482296943665
"As a developer, I want to run an interactive Python shell in the context of my Flask application, so that I can execute code snippets with access to the app's context.","request, session, g, and current_app are all proxies tied to a context. They only work while the right app or request context is active.",0.16891891891891894,0.1875,0.24,0.21052631578947367,0.0,0.0,0.0,0.15625,0.2,0.17543859649122806,0.8585274815559387,0.8479379415512085,0.85319983959198,0.3078133165836334
"As a developer, I want to run an interactive Python shell in the context of my Flask application, so that I can execute code snippets with access to the app's context.","Flask's session object doesn't notice when you mutate something in place, like appending to a list. You need to manually set session.modified = True when that happens.",0.1547987616099071,0.21875,0.2413793103448276,0.22950819672131145,0.0,0.0,0.0,0.09375,0.10344827586206896,0.09836065573770493,0.8565035462379456,0.8493752479553223,0.8529245257377625,0.38814985752105713
"As a developer, I want to run an interactive Python shell in the context of my Flask application, so that I can execute code snippets with access to the app's context.",Sessions are stored in a signed cookie that normally disappears when the browser closes. Setting permanent to True keeps it alive for as long as PERMANENT_SESSION_LIFETIME says.,0.11824324324324326,0.1875,0.20689655172413793,0.19672131147540986,0.0,0.0,0.0,0.09375,0.10344827586206896,0.09836065573770493,0.8418013453483582,0.8053438067436218,0.8231690526008606,0.02273768000304699
"As a developer, I want to run an interactive Python shell in the context of my Flask application, so that I can execute code snippets with access to the app's context.","Trailing slashes matter for routing. A route defined with a trailing slash will redirect a request without one to the slash version, and a route without a trailing slash returns a 404 if someone requests it with one.",0.1445422320009779,0.125,0.10526315789473684,0.11428571428571428,0.03225806451612903,0.02702702702702703,0.029411764705882353,0.125,0.10526315789473684,0.11428571428571428,0.8476996421813965,0.8302678465843201,0.8388931751251221,0.004693303257226944
"As a developer, I want to run an interactive Python shell in the context of my Flask application, so that I can execute code snippets with access to the app's context.","If a route has a default value and also accepts POST, the version with the default should only handle GET, since a redirect can't carry form data along with it.",0.13196480938416424,0.15625,0.16129032258064516,0.15873015873015875,0.0,0.0,0.0,0.125,0.12903225806451613,0.12698412698412698,0.8550928831100464,0.8410342931747437,0.8480053544044495,-0.028281278908252716
"As a developer, I want to run an interactive Python shell in the context of my Flask application, so that I can execute code snippets with access to the app's context.","Routes default to handling GET, along with HEAD. OPTIONS gets added automatically unless provide_automatic_options is turned off.",0.11627906976744187,0.0625,0.10526315789473684,0.0784313725490196,0.0,0.0,0.0,0.0625,0.10526315789473684,0.0784313725490196,0.833006739616394,0.8263139724731445,0.82964688539505,0.0879393219947815
"As a developer, I want to run an interactive Python shell in the context of my Flask application, so that I can execute code snippets with access to the app's context.","A view's endpoint name comes from its function name unless you set one explicitly, and it automatically gets prefixed with the blueprint's name if it's registered through one.",0.15060240963855423,0.125,0.12903225806451613,0.12698412698412698,0.0,0.0,0.0,0.125,0.12903225806451613,0.12698412698412698,0.8504889607429504,0.8279850482940674,0.8390861749649048,0.03163686394691467
"As a developer, I want to run an interactive Python shell in the context of my Flask application, so that I can execute code snippets with access to the app's context.","If a view function has a required_methods attribute, Flask will always include those methods on the route, even if you explicitly set different ones in the route() call.",0.16566265060240962,0.15625,0.1724137931034483,0.1639344262295082,0.03225806451612903,0.03571428571428571,0.03389830508474576,0.09375,0.10344827586206896,0.09836065573770493,0.8631042838096619,0.847559928894043,0.855261504650116,0.3129461407661438
"As a developer, I want to load the Flask application only once and reuse it, so that I can avoid unnecessary overhead when running commands.","request, session, g, and current_app are all proxies tied to a context. They only work while the right app or request context is active.",0.15570934256055363,0.2,0.2,0.20000000000000004,0.0,0.0,0.0,0.08,0.08,0.08,0.8651697635650635,0.8454394340515137,0.8551908135414124,0.24723827838897705
"As a developer, I want to load the Flask application only once and reuse it, so that I can avoid unnecessary overhead when running commands.","Flask's session object doesn't notice when you mutate something in place, like appending to a list. You need to manually set session.modified = True when that happens.",0.16836431962025314,0.2,0.1724137931034483,0.1851851851851852,0.0,0.0,0.0,0.12,0.10344827586206896,0.11111111111111112,0.8691654801368713,0.8567985892295837,0.8629377484321594,0.3776629567146301
"As a developer, I want to load the Flask application only once and reuse it, so that I can avoid unnecessary overhead when running commands.",Sessions are stored in a signed cookie that normally disappears when the browser closes. Setting permanent to True keeps it alive for as long as PERMANENT_SESSION_LIFETIME says.,0.1384083044982699,0.28,0.2413793103448276,0.25925925925925924,0.0,0.0,0.0,0.12,0.10344827586206896,0.11111111111111112,0.859915018081665,0.8124460577964783,0.835506796836853,0.21500298380851746
"As a developer, I want to load the Flask application only once and reuse it, so that I can avoid unnecessary overhead when running commands.","Trailing slashes matter for routing. A route defined with a trailing slash will redirect a request without one to the slash version, and a route without a trailing slash returns a 404 if someone requests it with one.",0.12594458438287154,0.2,0.13157894736842105,0.1587301587301587,0.0,0.0,0.0,0.2,0.13157894736842105,0.1587301587301587,0.8663588762283325,0.8367827534675598,0.8513140082359314,0.03675217181444168
"As a developer, I want to load the Flask application only once and reuse it, so that I can avoid unnecessary overhead when running commands.","If a route has a default value and also accepts POST, the version with the default should only handle GET, since a redirect can't carry form data along with it.",0.1497005988023952,0.24,0.1935483870967742,0.21428571428571427,0.0,0.0,0.0,0.16,0.12903225806451613,0.14285714285714285,0.8730815649032593,0.8498215675354004,0.8612945675849915,0.08693194389343262
"As a developer, I want to load the Flask application only once and reuse it, so that I can avoid unnecessary overhead when running commands.","Routes default to handling GET, along with HEAD. OPTIONS gets added automatically unless provide_automatic_options is turned off.",0.09615384615384616,0.04,0.05263157894736842,0.04545454545454545,0.0,0.0,0.0,0.04,0.05263157894736842,0.04545454545454545,0.8500624895095825,0.8344546556472778,0.8421862721443176,0.16337411105632782
"As a developer, I want to load the Flask application only once and reuse it, so that I can avoid unnecessary overhead when running commands.","A view's endpoint name comes from its function name unless you set one explicitly, and it automatically gets prefixed with the blueprint's name if it's registered through one.",0.15384615384615385,0.16,0.12903225806451613,0.14285714285714285,0.0,0.0,0.0,0.12,0.0967741935483871,0.10714285714285714,0.8643094301223755,0.8311079740524292,0.8473835587501526,0.030635081231594086
"As a developer, I want to load the Flask application only once and reuse it, so that I can avoid unnecessary overhead when running commands.","If a view function has a required_methods attribute, Flask will always include those methods on the route, even if you explicitly set different ones in the route() call.",0.13846153846153844,0.12,0.10344827586206896,0.11111111111111112,0.0,0.0,0.0,0.08,0.06896551724137931,0.07407407407407408,0.8737223744392395,0.85433030128479,0.8639175891876221,0.39778682589530945
"As a developer, I want to handle errors during the loading of the Flask application gracefully, so that I can receive informative error messages without crashing the server.","request, session, g, and current_app are all proxies tied to a context. They only work while the right app or request context is active.",0.10273972602739727,0.10714285714285714,0.12,0.1132075471698113,0.0,0.0,0.0,0.07142857142857142,0.08,0.07547169811320756,0.852199912071228,0.8368958830833435,0.8444786071777344,0.19607606530189514
"As a developer, I want to handle errors during the loading of the Flask application gracefully, so that I can receive informative error messages without crashing the server.","Flask's session object doesn't notice when you mutate something in place, like appending to a list. You need to manually set session.modified = True when that happens.",0.15034226856886954,0.14285714285714285,0.13793103448275862,0.14035087719298248,0.0,0.0,0.0,0.10714285714285714,0.10344827586206896,0.10526315789473684,0.8598562479019165,0.8513916730880737,0.855603039264679,0.4261239171028137
"As a developer, I want to handle errors during the loading of the Flask application gracefully, so that I can receive informative error messages without crashing the server.",Sessions are stored in a signed cookie that normally disappears when the browser closes. Setting permanent to True keeps it alive for as long as PERMANENT_SESSION_LIFETIME says.,0.10273972602739727,0.17857142857142858,0.1724137931034483,0.17543859649122806,0.0,0.0,0.0,0.10714285714285714,0.10344827586206896,0.10526315789473684,0.8490700721740723,0.8051196336746216,0.8265109658241272,0.13933004438877106
"As a developer, I want to handle errors during the loading of the Flask application gracefully, so that I can receive informative error messages without crashing the server.","Trailing slashes matter for routing. A route defined with a trailing slash will redirect a request without one to the slash version, and a route without a trailing slash returns a 404 if someone requests it with one.",0.1125,0.14285714285714285,0.10526315789473684,0.12121212121212122,0.0,0.0,0.0,0.14285714285714285,0.10526315789473684,0.12121212121212122,0.8582785129547119,0.8304016590118408,0.8441100120544434,0.04468922317028046
"As a developer, I want to handle errors during the loading of the Flask application gracefully, so that I can receive informative error messages without crashing the server.","If a route has a default value and also accepts POST, the version with the default should only handle GET, since a redirect can't carry form data along with it.",0.13353115727002968,0.17857142857142858,0.16129032258064516,0.1694915254237288,0.0,0.0,0.0,0.14285714285714285,0.12903225806451613,0.13559322033898305,0.8639684915542603,0.8436301946640015,0.8536782264709473,0.07699596881866455
"As a developer, I want to handle errors during the loading of the Flask application gracefully, so that I can receive informative error messages without crashing the server.","Routes default to handling GET, along with HEAD. OPTIONS gets added automatically unless provide_automatic_options is turned off.",0.176303317535545,0.07142857142857142,0.10526315789473684,0.0851063829787234,0.037037037037037035,0.05555555555555555,0.04444444444444444,0.07142857142857142,0.10526315789473684,0.0851063829787234,0.8424569368362427,0.8344612717628479,0.8384400010108948,0.11936599761247635
"As a developer, I want to handle errors during the loading of the Flask application gracefully, so that I can receive informative error messages without crashing the server.","A view's endpoint name comes from its function name unless you set one explicitly, and it automatically gets prefixed with the blueprint's name if it's registered through one.",0.10670731707317073,0.07142857142857142,0.06451612903225806,0.06779661016949153,0.0,0.0,0.0,0.07142857142857142,0.06451612903225806,0.06779661016949153,0.8543696403503418,0.8222030997276306,0.8379777669906616,-0.006477773189544678
"As a developer, I want to handle errors during the loading of the Flask application gracefully, so that I can receive informative error messages without crashing the server.","If a view function has a required_methods attribute, Flask will always include those methods on the route, even if you explicitly set different ones in the route() call.",0.1371951219512195,0.14285714285714285,0.13793103448275862,0.14035087719298248,0.0,0.0,0.0,0.10714285714285714,0.10344827586206896,0.10526315789473684,0.8659462332725525,0.8446531891822815,0.8551672101020813,0.4094831943511963
"As a developer, I want to ensure that the application context is available when running commands, so that I can access the current application state.","request, session, g, and current_app are all proxies tied to a context. They only work while the right app or request context is active.",0.20205903712247428,0.24,0.24,0.24,0.041666666666666664,0.041666666666666664,0.041666666666666664,0.16,0.16,0.16,0.8747267127037048,0.8582519292831421,0.866411030292511,0.4634770452976227
"As a developer, I want to ensure that the application context is available when running commands, so that I can access the current application state.","Flask's session object doesn't notice when you mutate something in place, like appending to a list. You need to manually set session.modified = True when that happens.",0.15176956858692844,0.16,0.13793103448275862,0.14814814814814817,0.0,0.0,0.0,0.16,0.13793103448275862,0.14814814814814817,0.8696717023849487,0.85499107837677,0.8622689247131348,0.06811147183179855
"As a developer, I want to ensure that the application context is available when running commands, so that I can access the current application state.",Sessions are stored in a signed cookie that normally disappears when the browser closes. Setting permanent to True keeps it alive for as long as PERMANENT_SESSION_LIFETIME says.,0.1840938581314879,0.24,0.20689655172413793,0.22222222222222224,0.0,0.0,0.0,0.16,0.13793103448275862,0.14814814814814817,0.8638314008712769,0.8130587339401245,0.8376764059066772,0.16110503673553467
"As a developer, I want to ensure that the application context is available when running commands, so that I can access the current application state.","Trailing slashes matter for routing. A route defined with a trailing slash will redirect a request without one to the slash version, and a route without a trailing slash returns a 404 if someone requests it with one.",0.10075566750629723,0.12,0.07894736842105263,0.09523809523809523,0.0,0.0,0.0,0.12,0.07894736842105263,0.09523809523809523,0.8671005964279175,0.8318521976470947,0.8491107225418091,-0.003110121935606003
"As a developer, I want to ensure that the application context is available when running commands, so that I can access the current application state.","If a route has a default value and also accepts POST, the version with the default should only handle GET, since a redirect can't carry form data along with it.",0.11976047904191618,0.16,0.12903225806451613,0.14285714285714285,0.0,0.0,0.0,0.12,0.0967741935483871,0.10714285714285714,0.8684850931167603,0.8394092917442322,0.8536997437477112,-0.0032450398430228233
"As a developer, I want to ensure that the application context is available when running commands, so that I can access the current application state.","Routes default to handling GET, along with HEAD. OPTIONS gets added automatically unless provide_automatic_options is turned off.",0.1201923076923077,0.08,0.10526315789473684,0.0909090909090909,0.0,0.0,0.0,0.08,0.10526315789473684,0.0909090909090909,0.8497366309165955,0.8303061127662659,0.8399089574813843,0.10212207585573196
"As a developer, I want to ensure that the application context is available when running commands, so that I can access the current application state.","A view's endpoint name comes from its function name unless you set one explicitly, and it automatically gets prefixed with the blueprint's name if it's registered through one.",0.1230769230769231,0.08,0.06451612903225806,0.07142857142857142,0.0,0.0,0.0,0.08,0.06451612903225806,0.07142857142857142,0.8674736618995667,0.828858494758606,0.8477265238761902,0.09868884086608887
"As a developer, I want to ensure that the application context is available when running commands, so that I can access the current application state.","If a view function has a required_methods attribute, Flask will always include those methods on the route, even if you explicitly set different ones in the route() call.",0.13846153846153844,0.12,0.10344827586206896,0.11111111111111112,0.0,0.0,0.0,0.12,0.10344827586206896,0.11111111111111112,0.8712605834007263,0.8465903997421265,0.8587483763694763,0.057248421013355255
"As a developer, I want the application to have a default session lifetime of 31 days, so that user sessions remain active for a reasonable duration.","request, session, g, and current_app are all proxies tied to a context. They only work while the right app or request context is active.",0.13793103448275862,0.19230769230769232,0.2,0.19607843137254902,0.0,0.0,0.0,0.11538461538461539,0.12,0.11764705882352941,0.8654084205627441,0.8460627794265747,0.8556262254714966,0.23974677920341492
"As a developer, I want the application to have a default session lifetime of 31 days, so that user sessions remain active for a reasonable duration.","Flask's session object doesn't notice when you mutate something in place, like appending to a list. You need to manually set session.modified = True when that happens.",0.11041009463722397,0.19230769230769232,0.1724137931034483,0.18181818181818185,0.0,0.0,0.0,0.15384615384615385,0.13793103448275862,0.14545454545454548,0.8603711128234863,0.84879469871521,0.8545436859130859,0.23518988490104675
"As a developer, I want the application to have a default session lifetime of 31 days, so that user sessions remain active for a reasonable duration.",Sessions are stored in a signed cookie that normally disappears when the browser closes. Setting permanent to True keeps it alive for as long as PERMANENT_SESSION_LIFETIME says.,0.13793103448275862,0.34615384615384615,0.3103448275862069,0.32727272727272727,0.04,0.03571428571428571,0.03773584905660378,0.19230769230769232,0.1724137931034483,0.18181818181818185,0.8727386593818665,0.8293226957321167,0.8504769802093506,0.5794593691825867
"As a developer, I want the application to have a default session lifetime of 31 days, so that user sessions remain active for a reasonable duration.","Trailing slashes matter for routing. A route defined with a trailing slash will redirect a request without one to the slash version, and a route without a trailing slash returns a 404 if someone requests it with one.",0.1256281407035176,0.23076923076923078,0.15789473684210525,0.18749999999999997,0.0,0.0,0.0,0.15384615384615385,0.10526315789473684,0.125,0.8578411936759949,0.828689694404602,0.8430135250091553,-0.033494893461465836
"As a developer, I want the application to have a default session lifetime of 31 days, so that user sessions remain active for a reasonable duration.","If a route has a default value and also accepts POST, the version with the default should only handle GET, since a redirect can't carry form data along with it.",0.13432835820895522,0.19230769230769232,0.16129032258064516,0.17543859649122806,0.04,0.03333333333333333,0.03636363636363636,0.15384615384615385,0.12903225806451613,0.14035087719298245,0.8670413494110107,0.8480021357536316,0.857416033744812,0.08553741872310638
"As a developer, I want the application to have a default session lifetime of 31 days, so that user sessions remain active for a reasonable duration.","Routes default to handling GET, along with HEAD. OPTIONS gets added automatically unless provide_automatic_options is turned off.",0.14354066985645933,0.07692307692307693,0.10526315789473684,0.08888888888888889,0.0,0.0,0.0,0.038461538461538464,0.05263157894736842,0.044444444444444446,0.8489015102386475,0.8329219818115234,0.8408358693122864,0.11197052150964737
"As a developer, I want the application to have a default session lifetime of 31 days, so that user sessions remain active for a reasonable duration.","A view's endpoint name comes from its function name unless you set one explicitly, and it automatically gets prefixed with the blueprint's name if it's registered through one.",0.09202453987730061,0.07692307692307693,0.06451612903225806,0.07017543859649122,0.0,0.0,0.0,0.07692307692307693,0.06451612903225806,0.07017543859649122,0.8586952686309814,0.8262791633605957,0.8421754240989685,0.011669601313769817
"As a developer, I want the application to have a default session lifetime of 31 days, so that user sessions remain active for a reasonable duration.","If a view function has a required_methods attribute, Flask will always include those methods on the route, even if you explicitly set different ones in the route() call.",0.10736196319018404,0.11538461538461539,0.10344827586206896,0.10909090909090909,0.0,0.0,0.0,0.07692307692307693,0.06896551724137931,0.07272727272727274,0.8596205711364746,0.8411497473716736,0.8502848148345947,0.039214760065078735
"As a developer, I want the application to have a maximum form memory size of 500,000 bytes, so that it can handle large form submissions without crashing.","request, session, g, and current_app are all proxies tied to a context. They only work while the right app or request context is active.",0.12027491408934708,0.10714285714285714,0.12,0.1132075471698113,0.0,0.0,0.0,0.07142857142857142,0.08,0.07547169811320756,0.8549028635025024,0.8366094827651978,0.8456572890281677,0.06594539433717728
"As a developer, I want the application to have a maximum form memory size of 500,000 bytes, so that it can handle large form submissions without crashing.","Flask's session object doesn't notice when you mutate something in place, like appending to a list. You need to manually set session.modified = True when that happens.",0.09433962264150944,0.10714285714285714,0.10344827586206896,0.10526315789473684,0.0,0.0,0.0,0.10714285714285714,0.10344827586206896,0.10526315789473684,0.8527902364730835,0.8439055681228638,0.8483245968818665,-0.019799813628196716
"As a developer, I want the application to have a maximum form memory size of 500,000 bytes, so that it can handle large form submissions without crashing.",Sessions are stored in a signed cookie that normally disappears when the browser closes. Setting permanent to True keeps it alive for as long as PERMANENT_SESSION_LIFETIME says.,0.12027491408934708,0.21428571428571427,0.20689655172413793,0.21052631578947367,0.0,0.0,0.0,0.14285714285714285,0.13793103448275862,0.14035087719298248,0.8527822494506836,0.8088879585266113,0.8302553296089172,0.12895271182060242
"As a developer, I want the application to have a maximum form memory size of 500,000 bytes, so that it can handle large form submissions without crashing.","Trailing slashes matter for routing. A route defined with a trailing slash will redirect a request without one to the slash version, and a route without a trailing slash returns a 404 if someone requests it with one.",0.12531328320802007,0.21428571428571427,0.15789473684210525,0.18181818181818182,0.0,0.0,0.0,0.14285714285714285,0.10526315789473684,0.12121212121212122,0.8572617769241333,0.8325068354606628,0.8447030186653137,-0.07610224187374115
"As a developer, I want the application to have a maximum form memory size of 500,000 bytes, so that it can handle large form submissions without crashing.","If a route has a default value and also accepts POST, the version with the default should only handle GET, since a redirect can't carry form data along with it.",0.1636904761904762,0.25,0.22580645161290322,0.23728813559322032,0.0,0.0,0.0,0.17857142857142858,0.16129032258064516,0.1694915254237288,0.8698363304138184,0.8545346260070801,0.86211758852005,0.05804092437028885
"As a developer, I want the application to have a maximum form memory size of 500,000 bytes, so that it can handle large form submissions without crashing.","Routes default to handling GET, along with HEAD. OPTIONS gets added automatically unless provide_automatic_options is turned off.",0.14285714285714285,0.07142857142857142,0.10526315789473684,0.0851063829787234,0.0,0.0,0.0,0.07142857142857142,0.10526315789473684,0.0851063829787234,0.8421362638473511,0.8309893608093262,0.8365256786346436,-0.02269759029150009
"As a developer, I want the application to have a maximum form memory size of 500,000 bytes, so that it can handle large form submissions without crashing.","A view's endpoint name comes from its function name unless you set one explicitly, and it automatically gets prefixed with the blueprint's name if it's registered through one.",0.10703363914373087,0.10714285714285714,0.0967741935483871,0.10169491525423728,0.0,0.0,0.0,0.10714285714285714,0.0967741935483871,0.10169491525423728,0.8554269671440125,0.8271462321281433,0.8410489559173584,-0.02227810025215149
"As a developer, I want the application to have a maximum form memory size of 500,000 bytes, so that it can handle large form submissions without crashing.","If a view function has a required_methods attribute, Flask will always include those methods on the route, even if you explicitly set different ones in the route() call.",0.10703363914373087,0.10714285714285714,0.10344827586206896,0.10526315789473684,0.0,0.0,0.0,0.07142857142857142,0.06896551724137931,0.07017543859649124,0.8578022122383118,0.840725302696228,0.849177896976471,-0.01654743403196335
"As a developer, I want the application to allow a maximum of 1,000 form parts, so that it can limit the complexity of form submissions.","request, session, g, and current_app are all proxies tied to a context. They only work while the right app or request context is active.",0.12110726643598617,0.11538461538461539,0.12,0.11764705882352941,0.0,0.0,0.0,0.11538461538461539,0.12,0.11764705882352941,0.8588370680809021,0.8357840776443481,0.8471537828445435,0.04440829157829285
"As a developer, I want the application to allow a maximum of 1,000 form parts, so that it can limit the complexity of form submissions.","Flask's session object doesn't notice when you mutate something in place, like appending to a list. You need to manually set session.modified = True when that happens.",0.11075949367088607,0.11538461538461539,0.10344827586206896,0.10909090909090909,0.0,0.0,0.0,0.11538461538461539,0.10344827586206896,0.10909090909090909,0.857445240020752,0.8452628254890442,0.8513104915618896,-0.02834598906338215
"As a developer, I want the application to allow a maximum of 1,000 form parts, so that it can limit the complexity of form submissions.",Sessions are stored in a signed cookie that normally disappears when the browser closes. Setting permanent to True keeps it alive for as long as PERMANENT_SESSION_LIFETIME says.,0.1384083044982699,0.23076923076923078,0.20689655172413793,0.21818181818181817,0.0,0.0,0.0,0.15384615384615385,0.13793103448275862,0.14545454545454548,0.8563374876976013,0.8071919083595276,0.8310387134552002,0.013622289523482323
"As a developer, I want the application to allow a maximum of 1,000 form parts, so that it can limit the complexity of form submissions.","Trailing slashes matter for routing. A route defined with a trailing slash will redirect a request without one to the slash version, and a route without a trailing slash returns a 404 if someone requests it with one.",0.11335012594458437,0.19230769230769232,0.13157894736842105,0.15625,0.0,0.0,0.0,0.15384615384615385,0.10526315789473684,0.125,0.862535834312439,0.8323151469230652,0.8471561074256897,-0.05348992347717285
"As a developer, I want the application to allow a maximum of 1,000 form parts, so that it can limit the complexity of form submissions.","If a route has a default value and also accepts POST, the version with the default should only handle GET, since a redirect can't carry form data along with it.",0.16467065868263472,0.2692307692307692,0.22580645161290322,0.2456140350877193,0.0,0.0,0.0,0.19230769230769232,0.16129032258064516,0.17543859649122806,0.8757255673408508,0.8522992730140686,0.8638536334037781,0.05321472883224487
"As a developer, I want the application to allow a maximum of 1,000 form parts, so that it can limit the complexity of form submissions.","Routes default to handling GET, along with HEAD. OPTIONS gets added automatically unless provide_automatic_options is turned off.",0.09615384615384616,0.038461538461538464,0.05263157894736842,0.044444444444444446,0.0,0.0,0.0,0.038461538461538464,0.05263157894736842,0.044444444444444446,0.8450601100921631,0.8312416076660156,0.8380939364433289,0.009545444510877132
"As a developer, I want the application to allow a maximum of 1,000 form parts, so that it can limit the complexity of form submissions.","A view's endpoint name comes from its function name unless you set one explicitly, and it automatically gets prefixed with the blueprint's name if it's registered through one.",0.13846153846153844,0.11538461538461539,0.0967741935483871,0.10526315789473684,0.0,0.0,0.0,0.11538461538461539,0.0967741935483871,0.10526315789473684,0.8584523797035217,0.8244067430496216,0.8410851359367371,-0.019308559596538544
"As a developer, I want the application to allow a maximum of 1,000 form parts, so that it can limit the complexity of form submissions.","If a view function has a required_methods attribute, Flask will always include those methods on the route, even if you explicitly set different ones in the route() call.",0.15384615384615385,0.15384615384615385,0.13793103448275862,0.14545454545454548,0.0,0.0,0.0,0.11538461538461539,0.10344827586206896,0.10909090909090909,0.8619844913482666,0.8419600129127502,0.8518546223640442,0.044755104929208755
"As a developer, I want the application to have a maximum cookie size of 4093 bytes, so that it complies with browser limitations on cookie sizes.","request, session, g, and current_app are all proxies tied to a context. They only work while the right app or request context is active.",0.10344827586206896,0.11538461538461539,0.12,0.11764705882352941,0.0,0.0,0.0,0.07692307692307693,0.08,0.0784313725490196,0.849545419216156,0.8388921022415161,0.8441851735115051,0.18525785207748413
"As a developer, I want the application to have a maximum cookie size of 4093 bytes, so that it complies with browser limitations on cookie sizes.","Flask's session object doesn't notice when you mutate something in place, like appending to a list. You need to manually set session.modified = True when that happens.",0.11041009463722397,0.11538461538461539,0.10344827586206896,0.10909090909090909,0.0,0.0,0.0,0.11538461538461539,0.10344827586206896,0.10909090909090909,0.8485080003738403,0.8457950949668884,0.8471493721008301,0.11467859148979187
"As a developer, I want the application to have a maximum cookie size of 4093 bytes, so that it complies with browser limitations on cookie sizes.",Sessions are stored in a signed cookie that normally disappears when the browser closes. Setting permanent to True keeps it alive for as long as PERMANENT_SESSION_LIFETIME says.,0.1724137931034483,0.3076923076923077,0.27586206896551724,0.29090909090909095,0.0,0.0,0.0,0.15384615384615385,0.13793103448275862,0.14545454545454548,0.8555026054382324,0.8213345408439636,0.8380703926086426,0.26831066608428955
"As a developer, I want the application to have a maximum cookie size of 4093 bytes, so that it complies with browser limitations on cookie sizes.","Trailing slashes matter for routing. A route defined with a trailing slash will redirect a request without one to the slash version, and a route without a trailing slash returns a 404 if someone requests it with one.",0.1256281407035176,0.23076923076923078,0.15789473684210525,0.18749999999999997,0.0,0.0,0.0,0.19230769230769232,0.13157894736842105,0.15625,0.8485451936721802,0.8310816287994385,0.8397226333618164,-0.056243546307086945
"As a developer, I want the application to have a maximum cookie size of 4093 bytes, so that it complies with browser limitations on cookie sizes.","If a route has a default value and also accepts POST, the version with the default should only handle GET, since a redirect can't carry form data along with it.",0.16417910447761194,0.19230769230769232,0.16129032258064516,0.17543859649122806,0.0,0.0,0.0,0.15384615384615385,0.12903225806451613,0.14035087719298245,0.8564772009849548,0.8469282388687134,0.8516759276390076,0.0351366326212883
"As a developer, I want the application to have a maximum cookie size of 4093 bytes, so that it complies with browser limitations on cookie sizes.","Routes default to handling GET, along with HEAD. OPTIONS gets added automatically unless provide_automatic_options is turned off.",0.16746411483253587,0.07692307692307693,0.10526315789473684,0.08888888888888889,0.0,0.0,0.0,0.07692307692307693,0.10526315789473684,0.08888888888888889,0.8369566798210144,0.8296127915382385,0.8332685232162476,0.05888814479112625
"As a developer, I want the application to have a maximum cookie size of 4093 bytes, so that it complies with browser limitations on cookie sizes.","A view's endpoint name comes from its function name unless you set one explicitly, and it automatically gets prefixed with the blueprint's name if it's registered through one.",0.1380368098159509,0.15384615384615385,0.12903225806451613,0.14035087719298245,0.0,0.0,0.0,0.11538461538461539,0.0967741935483871,0.10526315789473684,0.8498254418373108,0.8314338326454163,0.8405290246009827,-0.03550608083605766
"As a developer, I want the application to have a maximum cookie size of 4093 bytes, so that it complies with browser limitations on cookie sizes.","If a view function has a required_methods attribute, Flask will always include those methods on the route, even if you explicitly set different ones in the route() call.",0.1380368098159509,0.15384615384615385,0.13793103448275862,0.14545454545454548,0.0,0.0,0.0,0.11538461538461539,0.10344827586206896,0.10909090909090909,0.8511227369308472,0.8424813747406006,0.8467800617218018,0.015940560027956963
"As a developer, I want the application to raise a RuntimeError if the 'static_folder' is not set when trying to serve static files, so that it prevents misconfiguration.","request, session, g, and current_app are all proxies tied to a context. They only work while the right app or request context is active.",0.11904761904761905,0.13793103448275862,0.16,0.14814814814814817,0.0,0.0,0.0,0.13793103448275862,0.16,0.14814814814814817,0.8485827445983887,0.8493896722793579,0.8489859700202942,0.10216554999351501
"As a developer, I want the application to raise a RuntimeError if the 'static_folder' is not set when trying to serve static files, so that it prevents misconfiguration.","Flask's session object doesn't notice when you mutate something in place, like appending to a list. You need to manually set session.modified = True when that happens.",0.14018691588785046,0.20689655172413793,0.20689655172413793,0.20689655172413793,0.0,0.0,0.0,0.1724137931034483,0.1724137931034483,0.1724137931034483,0.8586553335189819,0.8607631921768188,0.8597079515457153,0.1566687524318695
"As a developer, I want the application to raise a RuntimeError if the 'static_folder' is not set when trying to serve static files, so that it prevents misconfiguration.",Sessions are stored in a signed cookie that normally disappears when the browser closes. Setting permanent to True keeps it alive for as long as PERMANENT_SESSION_LIFETIME says.,0.17006802721088435,0.27586206896551724,0.27586206896551724,0.27586206896551724,0.0,0.0,0.0,0.1724137931034483,0.1724137931034483,0.1724137931034483,0.8450488448143005,0.8225250244140625,0.8336347937583923,0.02222919464111328
"As a developer, I want the application to raise a RuntimeError if the 'static_folder' is not set when trying to serve static files, so that it prevents misconfiguration.","Trailing slashes matter for routing. A route defined with a trailing slash will redirect a request without one to the slash version, and a route without a trailing slash returns a 404 if someone requests it with one.",0.12437810945273632,0.20689655172413793,0.15789473684210525,0.17910447761194026,0.0,0.0,0.0,0.1724137931034483,0.13157894736842105,0.1492537313432836,0.8506180644035339,0.8401530981063843,0.8453531861305237,0.09439484775066376
"As a developer, I want the application to raise a RuntimeError if the 'static_folder' is not set when trying to serve static files, so that it prevents misconfiguration.","If a route has a default value and also accepts POST, the version with the default should only handle GET, since a redirect can't carry form data along with it.",0.16224188790560473,0.20689655172413793,0.1935483870967742,0.19999999999999998,0.0,0.0,0.0,0.13793103448275862,0.12903225806451613,0.13333333333333333,0.8514646291732788,0.8456331491470337,0.848538875579834,0.06530804932117462
"As a developer, I want the application to raise a RuntimeError if the 'static_folder' is not set when trying to serve static files, so that it prevents misconfiguration.","Routes default to handling GET, along with HEAD. OPTIONS gets added automatically unless provide_automatic_options is turned off.",0.11737089201877934,0.06896551724137931,0.10526315789473684,0.08333333333333333,0.0,0.0,0.0,0.06896551724137931,0.10526315789473684,0.08333333333333333,0.838218092918396,0.8531304597854614,0.8456085324287415,0.11701668798923492
"As a developer, I want the application to raise a RuntimeError if the 'static_folder' is not set when trying to serve static files, so that it prevents misconfiguration.","A view's endpoint name comes from its function name unless you set one explicitly, and it automatically gets prefixed with the blueprint's name if it's registered through one.",0.13636363636363635,0.1724137931034483,0.16129032258064516,0.16666666666666669,0.0,0.0,0.0,0.13793103448275862,0.12903225806451613,0.13333333333333333,0.8465054631233215,0.8343498110771179,0.8403836488723755,-0.001384614035487175
"As a developer, I want the application to raise a RuntimeError if the 'static_folder' is not set when trying to serve static files, so that it prevents misconfiguration.","If a view function has a required_methods attribute, Flask will always include those methods on the route, even if you explicitly set different ones in the route() call.",0.15151515151515152,0.20689655172413793,0.20689655172413793,0.20689655172413793,0.0,0.0,0.0,0.13793103448275862,0.13793103448275862,0.13793103448275862,0.8650344610214233,0.8605244159698486,0.8627735376358032,0.2183188945055008
"As a developer, I want the application to return a ValueError if the mode for opening a resource is not 'r', 'rt', or 'rb', so that it enforces valid file access modes.","request, session, g, and current_app are all proxies tied to a context. They only work while the right app or request context is active.",0.14802631578947367,0.15625,0.2,0.17543859649122806,0.0,0.0,0.0,0.125,0.16,0.14035087719298245,0.839417040348053,0.8494876623153687,0.8444223403930664,0.17272643744945526
"As a developer, I want the application to return a ValueError if the mode for opening a resource is not 'r', 'rt', or 'rb', so that it enforces valid file access modes.","Flask's session object doesn't notice when you mutate something in place, like appending to a list. You need to manually set session.modified = True when that happens.",0.09063444108761329,0.09375,0.10344827586206896,0.09836065573770493,0.0,0.0,0.0,0.09375,0.10344827586206896,0.09836065573770493,0.8369582891464233,0.85651034116745,0.8466215133666992,0.08588917553424835
"As a developer, I want the application to return a ValueError if the mode for opening a resource is not 'r', 'rt', or 'rb', so that it enforces valid file access modes.",Sessions are stored in a signed cookie that normally disappears when the browser closes. Setting permanent to True keeps it alive for as long as PERMANENT_SESSION_LIFETIME says.,0.13157894736842105,0.21875,0.2413793103448276,0.22950819672131145,0.0,0.0,0.0,0.125,0.13793103448275862,0.13114754098360656,0.8260373473167419,0.8110030889511108,0.8184512257575989,-0.023280687630176544
"As a developer, I want the application to return a ValueError if the mode for opening a resource is not 'r', 'rt', or 'rb', so that it enforces valid file access modes.","Trailing slashes matter for routing. A route defined with a trailing slash will redirect a request without one to the slash version, and a route without a trailing slash returns a 404 if someone requests it with one.",0.15776699029126212,0.28125,0.23684210526315788,0.2571428571428571,0.03225806451612903,0.02702702702702703,0.029411764705882353,0.1875,0.15789473684210525,0.17142857142857143,0.8394845128059387,0.8394702076911926,0.8394773602485657,0.07142458856105804
"As a developer, I want the application to return a ValueError if the mode for opening a resource is not 'r', 'rt', or 'rb', so that it enforces valid file access modes.","If a route has a default value and also accepts POST, the version with the default should only handle GET, since a redirect can't carry form data along with it.",0.15759312320916904,0.21875,0.22580645161290322,0.2222222222222222,0.0,0.0,0.0,0.15625,0.16129032258064516,0.15873015873015875,0.8394304513931274,0.8458821773529053,0.8426439762115479,0.1456681787967682
"As a developer, I want the application to return a ValueError if the mode for opening a resource is not 'r', 'rt', or 'rb', so that it enforces valid file access modes.","Routes default to handling GET, along with HEAD. OPTIONS gets added automatically unless provide_automatic_options is turned off.",0.11210762331838565,0.0625,0.10526315789473684,0.0784313725490196,0.0,0.0,0.0,0.0625,0.10526315789473684,0.0784313725490196,0.8252445459365845,0.8356948494911194,0.8304368257522583,0.18729329109191895
"As a developer, I want the application to return a ValueError if the mode for opening a resource is not 'r', 'rt', or 'rb', so that it enforces valid file access modes.","A view's endpoint name comes from its function name unless you set one explicitly, and it automatically gets prefixed with the blueprint's name if it's registered through one.",0.11764705882352942,0.125,0.12903225806451613,0.12698412698412698,0.0,0.0,0.0,0.125,0.12903225806451613,0.12698412698412698,0.8333753347396851,0.830155611038208,0.8317623734474182,0.04475006088614464
"As a developer, I want the application to return a ValueError if the mode for opening a resource is not 'r', 'rt', or 'rb', so that it enforces valid file access modes.","If a view function has a required_methods attribute, Flask will always include those methods on the route, even if you explicitly set different ones in the route() call.",0.1323529411764706,0.15625,0.1724137931034483,0.1639344262295082,0.0,0.0,0.0,0.125,0.13793103448275862,0.13114754098360656,0.8439921140670776,0.8478245735168457,0.8459040522575378,0.16056115925312042
"As a developer, I want the application to require that the return value from a view function is not None, so that it ensures a valid response is always sent.","request, session, g, and current_app are all proxies tied to a context. They only work while the right app or request context is active.",0.1360544217687075,0.13333333333333333,0.16,0.14545454545454545,0.0,0.0,0.0,0.1,0.12,0.1090909090909091,0.8569390177726746,0.846194863319397,0.8515331149101257,0.057796888053417206
"As a developer, I want the application to require that the return value from a view function is not None, so that it ensures a valid response is always sent.","Flask's session object doesn't notice when you mutate something in place, like appending to a list. You need to manually set session.modified = True when that happens.",0.10903426791277258,0.1,0.10344827586206896,0.10169491525423728,0.0,0.0,0.0,0.1,0.10344827586206896,0.10169491525423728,0.8609038591384888,0.8590747714042664,0.8599883913993835,0.07101431488990784
"As a developer, I want the application to require that the return value from a view function is not None, so that it ensures a valid response is always sent.",Sessions are stored in a signed cookie that normally disappears when the browser closes. Setting permanent to True keeps it alive for as long as PERMANENT_SESSION_LIFETIME says.,0.11904761904761905,0.2,0.20689655172413793,0.20338983050847456,0.0,0.0,0.0,0.13333333333333333,0.13793103448275862,0.13559322033898305,0.8528124690055847,0.8135886192321777,0.8327389359474182,0.12741179764270782
"As a developer, I want the application to require that the return value from a view function is not None, so that it ensures a valid response is always sent.","Trailing slashes matter for routing. A route defined with a trailing slash will redirect a request without one to the slash version, and a route without a trailing slash returns a 404 if someone requests it with one.",0.13681592039800997,0.23333333333333334,0.18421052631578946,0.20588235294117646,0.0,0.0,0.0,0.2,0.15789473684210525,0.17647058823529413,0.8602069020271301,0.8380550742149353,0.8489865064620972,0.17354939877986908
"As a developer, I want the application to require that the return value from a view function is not None, so that it ensures a valid response is always sent.","If a route has a default value and also accepts POST, the version with the default should only handle GET, since a redirect can't carry form data along with it.",0.1769911504424779,0.23333333333333334,0.22580645161290322,0.22950819672131148,0.0,0.0,0.0,0.16666666666666666,0.16129032258064516,0.16393442622950818,0.8665988445281982,0.8518352508544922,0.859153687953949,0.320784330368042
"As a developer, I want the application to require that the return value from a view function is not None, so that it ensures a valid response is always sent.","Routes default to handling GET, along with HEAD. OPTIONS gets added automatically unless provide_automatic_options is turned off.",0.11737089201877934,0.06666666666666667,0.10526315789473684,0.0816326530612245,0.0,0.0,0.0,0.06666666666666667,0.10526315789473684,0.0816326530612245,0.8428428173065186,0.8383520841598511,0.8405914902687073,0.20846013724803925
"As a developer, I want the application to require that the return value from a view function is not None, so that it ensures a valid response is always sent.","A view's endpoint name comes from its function name unless you set one explicitly, and it automatically gets prefixed with the blueprint's name if it's registered through one.",0.15151515151515152,0.2,0.1935483870967742,0.19672131147540983,0.034482758620689655,0.03333333333333333,0.03389830508474576,0.13333333333333333,0.12903225806451613,0.13114754098360656,0.8653092384338379,0.8411789536476135,0.8530735373497009,0.22875359654426575
"As a developer, I want the application to require that the return value from a view function is not None, so that it ensures a valid response is always sent.","If a view function has a required_methods attribute, Flask will always include those methods on the route, even if you explicitly set different ones in the route() call.",0.2420485850237916,0.26666666666666666,0.27586206896551724,0.2711864406779661,0.06896551724137931,0.07142857142857142,0.07017543859649124,0.16666666666666666,0.1724137931034483,0.16949152542372883,0.8751941323280334,0.868448793888092,0.8718084096908569,0.37012192606925964
"As a developer, I want the application to log exceptions when they occur during request processing, so that I can diagnose issues effectively.","request, session, g, and current_app are all proxies tied to a context. They only work while the right app or request context is active.",0.156794425087108,0.21739130434782608,0.2,0.20833333333333331,0.0,0.0,0.0,0.13043478260869565,0.12,0.12499999999999997,0.8609749674797058,0.8465027809143066,0.85367751121521,0.1852218210697174
"As a developer, I want the application to log exceptions when they occur during request processing, so that I can diagnose issues effectively.","Flask's session object doesn't notice when you mutate something in place, like appending to a list. You need to manually set session.modified = True when that happens.",0.12738853503184713,0.17391304347826086,0.13793103448275862,0.15384615384615385,0.0,0.0,0.0,0.17391304347826086,0.13793103448275862,0.15384615384615385,0.865453839302063,0.8570073843002319,0.8612099289894104,0.012100767344236374
"As a developer, I want the application to log exceptions when they occur during request processing, so that I can diagnose issues effectively.",Sessions are stored in a signed cookie that normally disappears when the browser closes. Setting permanent to True keeps it alive for as long as PERMANENT_SESSION_LIFETIME says.,0.1219512195121951,0.2608695652173913,0.20689655172413793,0.23076923076923075,0.0,0.0,0.0,0.13043478260869565,0.10344827586206896,0.11538461538461538,0.8555365800857544,0.8124353289604187,0.8334290981292725,-0.010850861668586731
"As a developer, I want the application to log exceptions when they occur during request processing, so that I can diagnose issues effectively.","Trailing slashes matter for routing. A route defined with a trailing slash will redirect a request without one to the slash version, and a route without a trailing slash returns a 404 if someone requests it with one.",0.11392405063291138,0.17391304347826086,0.10526315789473684,0.13114754098360656,0.0,0.0,0.0,0.13043478260869565,0.07894736842105263,0.09836065573770492,0.8648550510406494,0.8378032445907593,0.8511142730712891,0.05493360757827759
"As a developer, I want the application to log exceptions when they occur during request processing, so that I can diagnose issues effectively.","If a route has a default value and also accepts POST, the version with the default should only handle GET, since a redirect can't carry form data along with it.",0.10542168674698794,0.13043478260869565,0.0967741935483871,0.1111111111111111,0.0,0.0,0.0,0.13043478260869565,0.0967741935483871,0.1111111111111111,0.865317702293396,0.8476818799972534,0.8564090132713318,0.043549325317144394
"As a developer, I want the application to log exceptions when they occur during request processing, so that I can diagnose issues effectively.","Routes default to handling GET, along with HEAD. OPTIONS gets added automatically unless provide_automatic_options is turned off.",0.09708737864077671,0.043478260869565216,0.05263157894736842,0.04761904761904762,0.0,0.0,0.0,0.043478260869565216,0.05263157894736842,0.04761904761904762,0.8460425138473511,0.8367289304733276,0.8413599729537964,0.07391474395990372
"As a developer, I want the application to log exceptions when they occur during request processing, so that I can diagnose issues effectively.","A view's endpoint name comes from its function name unless you set one explicitly, and it automatically gets prefixed with the blueprint's name if it's registered through one.",0.1238390092879257,0.08695652173913043,0.06451612903225806,0.07407407407407407,0.0,0.0,0.0,0.08695652173913043,0.06451612903225806,0.07407407407407407,0.860926628112793,0.8296178579330444,0.844982385635376,0.05303753912448883
"As a developer, I want the application to log exceptions when they occur during request processing, so that I can diagnose issues effectively.","If a view function has a required_methods attribute, Flask will always include those methods on the route, even if you explicitly set different ones in the route() call.",0.10835913312693499,0.08695652173913043,0.06896551724137931,0.07692307692307693,0.0,0.0,0.0,0.08695652173913043,0.06896551724137931,0.07692307692307693,0.8655805587768555,0.8492735624313354,0.8573495149612427,0.06589487940073013
"As a developer, I want the application to allow the 'debug' flag to control whether the server automatically reloads for code changes, so that I can develop more efficiently.","request, session, g, and current_app are all proxies tied to a context. They only work while the right app or request context is active.",0.10169491525423728,0.10344827586206896,0.12,0.11111111111111112,0.0,0.0,0.0,0.06896551724137931,0.08,0.07407407407407408,0.8521322011947632,0.8444903492927551,0.8482940196990967,0.11343102902173996
"As a developer, I want the application to allow the 'debug' flag to control whether the server automatically reloads for code changes, so that I can develop more efficiently.","Flask's session object doesn't notice when you mutate something in place, like appending to a list. You need to manually set session.modified = True when that happens.",0.10869565217391304,0.13793103448275862,0.13793103448275862,0.13793103448275862,0.0,0.0,0.0,0.10344827586206896,0.10344827586206896,0.10344827586206896,0.8623454570770264,0.8582783937454224,0.8603070974349976,0.05337292328476906
"As a developer, I want the application to allow the 'debug' flag to control whether the server automatically reloads for code changes, so that I can develop more efficiently.",Sessions are stored in a signed cookie that normally disappears when the browser closes. Setting permanent to True keeps it alive for as long as PERMANENT_SESSION_LIFETIME says.,0.11864406779661017,0.20689655172413793,0.20689655172413793,0.20689655172413793,0.0,0.0,0.0,0.13793103448275862,0.13793103448275862,0.13793103448275862,0.8513780832290649,0.8145297765731812,0.8325464129447937,0.1384151428937912
"As a developer, I want the application to allow the 'debug' flag to control whether the server automatically reloads for code changes, so that I can develop more efficiently.","Trailing slashes matter for routing. A route defined with a trailing slash will redirect a request without one to the slash version, and a route without a trailing slash returns a 404 if someone requests it with one.",0.11166253101736973,0.13793103448275862,0.10526315789473684,0.11940298507462686,0.0,0.0,0.0,0.10344827586206896,0.07894736842105263,0.08955223880597013,0.8537412881851196,0.8347440958023071,0.8441358208656311,-0.06544874608516693
"As a developer, I want the application to allow the 'debug' flag to control whether the server automatically reloads for code changes, so that I can develop more efficiently.","If a route has a default value and also accepts POST, the version with the default should only handle GET, since a redirect can't carry form data along with it.",0.11764705882352941,0.13793103448275862,0.12903225806451613,0.13333333333333333,0.0,0.0,0.0,0.13793103448275862,0.12903225806451613,0.13333333333333333,0.8594727516174316,0.8455256819725037,0.8524421453475952,0.03577737510204315
"As a developer, I want the application to allow the 'debug' flag to control whether the server automatically reloads for code changes, so that I can develop more efficiently.","Routes default to handling GET, along with HEAD. OPTIONS gets added automatically unless provide_automatic_options is turned off.",0.14018691588785046,0.06896551724137931,0.10526315789473684,0.08333333333333333,0.0,0.0,0.0,0.06896551724137931,0.10526315789473684,0.08333333333333333,0.8445478677749634,0.847891628742218,0.8462164402008057,0.12858057022094727
"As a developer, I want the application to allow the 'debug' flag to control whether the server automatically reloads for code changes, so that I can develop more efficiently.","A view's endpoint name comes from its function name unless you set one explicitly, and it automatically gets prefixed with the blueprint's name if it's registered through one.",0.12084592145015108,0.10344827586206896,0.0967741935483871,0.09999999999999999,0.0,0.0,0.0,0.06896551724137931,0.06451612903225806,0.06666666666666667,0.8540723323822021,0.8288578987121582,0.841276228427887,0.0378589890897274
"As a developer, I want the application to allow the 'debug' flag to control whether the server automatically reloads for code changes, so that I can develop more efficiently.","If a view function has a required_methods attribute, Flask will always include those methods on the route, even if you explicitly set different ones in the route() call.",0.12084592145015108,0.10344827586206896,0.10344827586206896,0.10344827586206896,0.0,0.0,0.0,0.10344827586206896,0.10344827586206896,0.10344827586206896,0.8644118309020996,0.851276695728302,0.8577940464019775,0.002188321202993393
"As a developer, I want the application to allow the 'load_dotenv' parameter to control loading of environment variables, so that I can manage configuration easily.","request, session, g, and current_app are all proxies tied to a context. They only work while the right app or request context is active.",0.10309278350515463,0.11538461538461539,0.12,0.11764705882352941,0.0,0.0,0.0,0.07692307692307693,0.08,0.0784313725490196,0.854443371295929,0.8544102311134338,0.8544268012046814,0.2609449625015259
"As a developer, I want the application to allow the 'load_dotenv' parameter to control loading of environment variables, so that I can manage configuration easily.","Flask's session object doesn't notice when you mutate something in place, like appending to a list. You need to manually set session.modified = True when that happens.",0.110062893081761,0.15384615384615385,0.13793103448275862,0.14545454545454548,0.0,0.0,0.0,0.11538461538461539,0.10344827586206896,0.10909090909090909,0.8561884164810181,0.8606284260749817,0.858402669429779,-0.012451929971575737
"As a developer, I want the application to allow the 'load_dotenv' parameter to control loading of environment variables, so that I can manage configuration easily.",Sessions are stored in a signed cookie that normally disappears when the browser closes. Setting permanent to True keeps it alive for as long as PERMANENT_SESSION_LIFETIME says.,0.10309278350515463,0.19230769230769232,0.1724137931034483,0.18181818181818185,0.0,0.0,0.0,0.11538461538461539,0.10344827586206896,0.10909090909090909,0.8488948941230774,0.8208810091018677,0.8346529603004456,0.03903064504265785
"As a developer, I want the application to allow the 'load_dotenv' parameter to control loading of environment variables, so that I can manage configuration easily.","Trailing slashes matter for routing. A route defined with a trailing slash will redirect a request without one to the slash version, and a route without a trailing slash returns a 404 if someone requests it with one.",0.10025062656641603,0.11538461538461539,0.07894736842105263,0.09374999999999999,0.0,0.0,0.0,0.11538461538461539,0.07894736842105263,0.09374999999999999,0.8450793027877808,0.8359049558639526,0.840467095375061,-0.0634588748216629
"As a developer, I want the application to allow the 'load_dotenv' parameter to control loading of environment variables, so that I can manage configuration easily.","If a route has a default value and also accepts POST, the version with the default should only handle GET, since a redirect can't carry form data along with it.",0.11904761904761907,0.15384615384615385,0.12903225806451613,0.14035087719298245,0.0,0.0,0.0,0.15384615384615385,0.12903225806451613,0.14035087719298245,0.8528746962547302,0.8500080108642578,0.8514388799667358,0.07353111356496811
"As a developer, I want the application to allow the 'load_dotenv' parameter to control loading of environment variables, so that I can manage configuration easily.","Routes default to handling GET, along with HEAD. OPTIONS gets added automatically unless provide_automatic_options is turned off.",0.09523809523809526,0.038461538461538464,0.05263157894736842,0.044444444444444446,0.0,0.0,0.0,0.038461538461538464,0.05263157894736842,0.044444444444444446,0.8481450080871582,0.8554885387420654,0.8518009185791016,0.21973079442977905
"As a developer, I want the application to allow the 'load_dotenv' parameter to control loading of environment variables, so that I can manage configuration easily.","A view's endpoint name comes from its function name unless you set one explicitly, and it automatically gets prefixed with the blueprint's name if it's registered through one.",0.10703363914373087,0.07692307692307693,0.06451612903225806,0.07017543859649122,0.0,0.0,0.0,0.07692307692307693,0.06451612903225806,0.07017543859649122,0.8472620844841003,0.8343045711517334,0.8407333493232727,0.08881352841854095
"As a developer, I want the application to allow the 'load_dotenv' parameter to control loading of environment variables, so that I can manage configuration easily.","If a view function has a required_methods attribute, Flask will always include those methods on the route, even if you explicitly set different ones in the route() call.",0.12232415902140674,0.11538461538461539,0.10344827586206896,0.10909090909090909,0.0,0.0,0.0,0.11538461538461539,0.10344827586206896,0.10909090909090909,0.8654357194900513,0.8634841442108154,0.8644587993621826,0.08436264097690582
"As a developer, I want the application to send a 'got_request_exception' signal whenever an exception occurs, so that I can hook into error handling processes.","request, session, g, and current_app are all proxies tied to a context. They only work while the right app or request context is active.",0.12027491408934708,0.14814814814814814,0.16,0.15384615384615383,0.0,0.0,0.0,0.1111111111111111,0.12,0.11538461538461538,0.8606610894203186,0.8585831522941589,0.8596208691596985,0.22936928272247314
"As a developer, I want the application to send a 'got_request_exception' signal whenever an exception occurs, so that I can hook into error handling processes.","Flask's session object doesn't notice when you mutate something in place, like appending to a list. You need to manually set session.modified = True when that happens.",0.12578616352201258,0.1111111111111111,0.10344827586206896,0.10714285714285715,0.0,0.0,0.0,0.1111111111111111,0.10344827586206896,0.10714285714285715,0.8578132390975952,0.8602302074432373,0.8590200543403625,0.05902855098247528
"As a developer, I want the application to send a 'got_request_exception' signal whenever an exception occurs, so that I can hook into error handling processes.",Sessions are stored in a signed cookie that normally disappears when the browser closes. Setting permanent to True keeps it alive for as long as PERMANENT_SESSION_LIFETIME says.,0.12027491408934708,0.18518518518518517,0.1724137931034483,0.17857142857142858,0.0,0.0,0.0,0.1111111111111111,0.10344827586206896,0.10714285714285715,0.8525172472000122,0.8261020183563232,0.8391017317771912,-0.011459525674581528
"As a developer, I want the application to send a 'got_request_exception' signal whenever an exception occurs, so that I can hook into error handling processes.","Trailing slashes matter for routing. A route defined with a trailing slash will redirect a request without one to the slash version, and a route without a trailing slash returns a 404 if someone requests it with one.",0.11278195488721804,0.18518518518518517,0.13157894736842105,0.15384615384615383,0.0,0.0,0.0,0.14814814814814814,0.10526315789473684,0.12307692307692308,0.8467814922332764,0.8402649164199829,0.843510627746582,-0.0065305642783641815
"As a developer, I want the application to send a 'got_request_exception' signal whenever an exception occurs, so that I can hook into error handling processes.","If a route has a default value and also accepts POST, the version with the default should only handle GET, since a redirect can't carry form data along with it.",0.1488095238095238,0.18518518518518517,0.16129032258064516,0.17241379310344826,0.0,0.0,0.0,0.14814814814814814,0.12903225806451613,0.13793103448275862,0.8475627899169922,0.8458606004714966,0.8467108011245728,0.1108287125825882
"As a developer, I want the application to send a 'got_request_exception' signal whenever an exception occurs, so that I can hook into error handling processes.","Routes default to handling GET, along with HEAD. OPTIONS gets added automatically unless provide_automatic_options is turned off.",0.11904761904761905,0.07407407407407407,0.10526315789473684,0.08695652173913043,0.0,0.0,0.0,0.07407407407407407,0.10526315789473684,0.08695652173913043,0.8491429090499878,0.8524414300918579,0.850788950920105,0.1870630979537964
"As a developer, I want the application to send a 'got_request_exception' signal whenever an exception occurs, so that I can hook into error handling processes.","A view's endpoint name comes from its function name unless you set one explicitly, and it automatically gets prefixed with the blueprint's name if it's registered through one.",0.12232415902140674,0.07407407407407407,0.06451612903225806,0.06896551724137931,0.0,0.0,0.0,0.07407407407407407,0.06451612903225806,0.06896551724137931,0.8462005853652954,0.8317126631736755,0.8388940691947937,0.004715301096439362
"As a developer, I want the application to send a 'got_request_exception' signal whenever an exception occurs, so that I can hook into error handling processes.","If a view function has a required_methods attribute, Flask will always include those methods on the route, even if you explicitly set different ones in the route() call.",0.10703363914373087,0.1111111111111111,0.10344827586206896,0.10714285714285715,0.0,0.0,0.0,0.07407407407407407,0.06896551724137931,0.07142857142857142,0.8659359216690063,0.8565315008163452,0.8612080812454224,0.09780159592628479
"As a system, I want to ensure that 'after_this_request' can only be used when a request context is active, so that it prevents runtime errors when the context is not available.","request, session, g, and current_app are all proxies tied to a context. They only work while the right app or request context is active.",0.24843340815563042,0.30303030303030304,0.4,0.3448275862068965,0.09375,0.125,0.10714285714285714,0.18181818181818182,0.24,0.20689655172413793,0.8869016766548157,0.8792742490768433,0.8830714821815491,0.42760950326919556
"As a system, I want to ensure that 'after_this_request' can only be used when a request context is active, so that it prevents runtime errors when the context is not available.","Flask's session object doesn't notice when you mutate something in place, like appending to a list. You need to manually set session.modified = True when that happens.",0.16420717592592593,0.15151515151515152,0.1724137931034483,0.16129032258064518,0.0,0.0,0.0,0.12121212121212122,0.13793103448275862,0.12903225806451615,0.8612923622131348,0.8580061793327332,0.8596461415290833,0.21660631895065308
"As a system, I want to ensure that 'after_this_request' can only be used when a request context is active, so that it prevents runtime errors when the context is not available.",Sessions are stored in a signed cookie that normally disappears when the browser closes. Setting permanent to True keeps it alive for as long as PERMANENT_SESSION_LIFETIME says.,0.19661636945587566,0.21212121212121213,0.2413793103448276,0.22580645161290322,0.03125,0.03571428571428571,0.03333333333333333,0.12121212121212122,0.13793103448275862,0.12903225806451615,0.8598104119300842,0.8250057101249695,0.8420485854148865,0.22102579474449158
"As a system, I want to ensure that 'after_this_request' can only be used when a request context is active, so that it prevents runtime errors when the context is not available.","Trailing slashes matter for routing. A route defined with a trailing slash will redirect a request without one to the slash version, and a route without a trailing slash returns a 404 if someone requests it with one.",0.1234567901234568,0.21212121212121213,0.18421052631578946,0.1971830985915493,0.03125,0.02702702702702703,0.028985507246376812,0.15151515151515152,0.13157894736842105,0.14084507042253522,0.8617749810218811,0.8458288908004761,0.8537274599075317,0.06449460238218307
"As a system, I want to ensure that 'after_this_request' can only be used when a request context is active, so that it prevents runtime errors when the context is not available.","If a route has a default value and also accepts POST, the version with the default should only handle GET, since a redirect can't carry form data along with it.",0.13157894736842105,0.18181818181818182,0.1935483870967742,0.18750000000000003,0.0,0.0,0.0,0.12121212121212122,0.12903225806451613,0.125,0.8594536781311035,0.8499288558959961,0.8546647429466248,0.23640266060829163
"As a system, I want to ensure that 'after_this_request' can only be used when a request context is active, so that it prevents runtime errors when the context is not available.","Routes default to handling GET, along with HEAD. OPTIONS gets added automatically unless provide_automatic_options is turned off.",0.0925925925925926,0.06060606060606061,0.10526315789473684,0.07692307692307693,0.0,0.0,0.0,0.06060606060606061,0.10526315789473684,0.07692307692307693,0.8506101369857788,0.8509873747825623,0.8507987260818481,0.32410478591918945
"As a system, I want to ensure that 'after_this_request' can only be used when a request context is active, so that it prevents runtime errors when the context is not available.","A view's endpoint name comes from its function name unless you set one explicitly, and it automatically gets prefixed with the blueprint's name if it's registered through one.",0.1051051051051051,0.09090909090909091,0.0967741935483871,0.09375000000000001,0.0,0.0,0.0,0.09090909090909091,0.0967741935483871,0.09375000000000001,0.8542494177818298,0.8334769606590271,0.8437353372573853,0.07893383502960205
"As a system, I want to ensure that 'after_this_request' can only be used when a request context is active, so that it prevents runtime errors when the context is not available.","If a view function has a required_methods attribute, Flask will always include those methods on the route, even if you explicitly set different ones in the route() call.",0.12012012012012013,0.09090909090909091,0.10344827586206896,0.0967741935483871,0.0,0.0,0.0,0.09090909090909091,0.10344827586206896,0.0967741935483871,0.868922770023346,0.8555716276168823,0.8621954917907715,0.28115180134773254
"As a system, I want to ensure that 'copy_current_request_context' can only be used when a request context is active, so that it prevents runtime errors when the context is not available.","request, session, g, and current_app are all proxies tied to a context. They only work while the right app or request context is active.",0.24843340815563042,0.3235294117647059,0.44,0.3728813559322034,0.09090909090909091,0.125,0.10526315789473685,0.20588235294117646,0.28,0.23728813559322035,0.8900314569473267,0.882309079170227,0.8861534595489502,0.4137011766433716
"As a system, I want to ensure that 'copy_current_request_context' can only be used when a request context is active, so that it prevents runtime errors when the context is not available.","Flask's session object doesn't notice when you mutate something in place, like appending to a list. You need to manually set session.modified = True when that happens.",0.16420717592592593,0.14705882352941177,0.1724137931034483,0.15873015873015872,0.0,0.0,0.0,0.11764705882352941,0.13793103448275862,0.126984126984127,0.8597346544265747,0.8569722771644592,0.8583512306213379,0.12828892469406128
"As a system, I want to ensure that 'copy_current_request_context' can only be used when a request context is active, so that it prevents runtime errors when the context is not available.",Sessions are stored in a signed cookie that normally disappears when the browser closes. Setting permanent to True keeps it alive for as long as PERMANENT_SESSION_LIFETIME says.,0.19661636945587566,0.20588235294117646,0.2413793103448276,0.22222222222222224,0.030303030303030304,0.03571428571428571,0.03278688524590164,0.11764705882352941,0.13793103448275862,0.126984126984127,0.8615307211875916,0.8262006044387817,0.8434958457946777,0.13851410150527954
"As a system, I want to ensure that 'copy_current_request_context' can only be used when a request context is active, so that it prevents runtime errors when the context is not available.","Trailing slashes matter for routing. A route defined with a trailing slash will redirect a request without one to the slash version, and a route without a trailing slash returns a 404 if someone requests it with one.",0.1234567901234568,0.20588235294117646,0.18421052631578946,0.19444444444444445,0.030303030303030304,0.02702702702702703,0.02857142857142857,0.14705882352941177,0.13157894736842105,0.13888888888888887,0.8568040728569031,0.846166729927063,0.8514522314071655,0.03777536749839783
"As a system, I want to ensure that 'copy_current_request_context' can only be used when a request context is active, so that it prevents runtime errors when the context is not available.","If a route has a default value and also accepts POST, the version with the default should only handle GET, since a redirect can't carry form data along with it.",0.13157894736842105,0.17647058823529413,0.1935483870967742,0.18461538461538463,0.0,0.0,0.0,0.11764705882352941,0.12903225806451613,0.12307692307692307,0.8551043272018433,0.8500916957855225,0.8525906205177307,0.16320505738258362
"As a system, I want to ensure that 'copy_current_request_context' can only be used when a request context is active, so that it prevents runtime errors when the context is not available.","Routes default to handling GET, along with HEAD. OPTIONS gets added automatically unless provide_automatic_options is turned off.",0.0925925925925926,0.058823529411764705,0.10526315789473684,0.07547169811320754,0.0,0.0,0.0,0.058823529411764705,0.10526315789473684,0.07547169811320754,0.8537135124206543,0.8534342050552368,0.8535737991333008,0.18577024340629578
"As a system, I want to ensure that 'copy_current_request_context' can only be used when a request context is active, so that it prevents runtime errors when the context is not available.","A view's endpoint name comes from its function name unless you set one explicitly, and it automatically gets prefixed with the blueprint's name if it's registered through one.",0.1051051051051051,0.08823529411764706,0.0967741935483871,0.09230769230769231,0.0,0.0,0.0,0.08823529411764706,0.0967741935483871,0.09230769230769231,0.8517851233482361,0.8338255882263184,0.8427096605300903,0.04816116392612457
"As a system, I want to ensure that 'copy_current_request_context' can only be used when a request context is active, so that it prevents runtime errors when the context is not available.","If a view function has a required_methods attribute, Flask will always include those methods on the route, even if you explicitly set different ones in the route() call.",0.12012012012012013,0.08823529411764706,0.10344827586206896,0.09523809523809523,0.0,0.0,0.0,0.08823529411764706,0.10344827586206896,0.09523809523809523,0.8695167303085327,0.8559395670890808,0.8626747131347656,0.18843670189380646
"As a system, I want to ensure that accessing the 'request' property raises a RuntimeError if there is no request in the context, so that it enforces proper context usage.","request, session, g, and current_app are all proxies tied to a context. They only work while the right app or request context is active.",0.20270270270270271,0.26666666666666666,0.32,0.2909090909090909,0.0,0.0,0.0,0.13333333333333333,0.16,0.14545454545454545,0.864793062210083,0.8655370473861694,0.8651648759841919,0.39070048928260803
"As a system, I want to ensure that accessing the 'request' property raises a RuntimeError if there is no request in the context, so that it enforces proper context usage.","Flask's session object doesn't notice when you mutate something in place, like appending to a list. You need to manually set session.modified = True when that happens.",0.14848044480950276,0.13333333333333333,0.13793103448275862,0.13559322033898305,0.0,0.0,0.0,0.1,0.10344827586206896,0.10169491525423728,0.8583931922912598,0.8614371418952942,0.8599125146865845,0.16529998183250427
"As a system, I want to ensure that accessing the 'request' property raises a RuntimeError if there is no request in the context, so that it enforces proper context usage.",Sessions are stored in a signed cookie that normally disappears when the browser closes. Setting permanent to True keeps it alive for as long as PERMANENT_SESSION_LIFETIME says.,0.13513513513513511,0.23333333333333334,0.2413793103448276,0.23728813559322037,0.0,0.0,0.0,0.13333333333333333,0.13793103448275862,0.13559322033898305,0.8502798080444336,0.8147815465927124,0.832152247428894,0.044771626591682434
"As a system, I want to ensure that accessing the 'request' property raises a RuntimeError if there is no request in the context, so that it enforces proper context usage.","Trailing slashes matter for routing. A route defined with a trailing slash will redirect a request without one to the slash version, and a route without a trailing slash returns a 404 if someone requests it with one.",0.1485148514851485,0.26666666666666666,0.21052631578947367,0.23529411764705882,0.0,0.0,0.0,0.23333333333333334,0.18421052631578946,0.20588235294117646,0.8647656440734863,0.8478142023086548,0.8562060594558716,0.11687726527452469
"As a system, I want to ensure that accessing the 'request' property raises a RuntimeError if there is no request in the context, so that it enforces proper context usage.","If a route has a default value and also accepts POST, the version with the default should only handle GET, since a redirect can't carry form data along with it.",0.1466275659824047,0.2,0.1935483870967742,0.19672131147540983,0.0,0.0,0.0,0.13333333333333333,0.12903225806451613,0.13114754098360656,0.856714129447937,0.8467288613319397,0.8516921997070312,0.23223266005516052
"As a system, I want to ensure that accessing the 'request' property raises a RuntimeError if there is no request in the context, so that it enforces proper context usage.","Routes default to handling GET, along with HEAD. OPTIONS gets added automatically unless provide_automatic_options is turned off.",0.09302325581395349,0.06666666666666667,0.10526315789473684,0.0816326530612245,0.0,0.0,0.0,0.06666666666666667,0.10526315789473684,0.0816326530612245,0.8411533832550049,0.8383318185806274,0.8397402167320251,0.23977813124656677
"As a system, I want to ensure that accessing the 'request' property raises a RuntimeError if there is no request in the context, so that it enforces proper context usage.","A view's endpoint name comes from its function name unless you set one explicitly, and it automatically gets prefixed with the blueprint's name if it's registered through one.",0.10542168674698794,0.13333333333333333,0.12903225806451613,0.13114754098360656,0.0,0.0,0.0,0.13333333333333333,0.12903225806451613,0.13114754098360656,0.8550678491592407,0.8328665494918823,0.8438212275505066,0.09119133651256561
"As a system, I want to ensure that accessing the 'request' property raises a RuntimeError if there is no request in the context, so that it enforces proper context usage.","If a view function has a required_methods attribute, Flask will always include those methods on the route, even if you explicitly set different ones in the route() call.",0.19141566265060242,0.2,0.20689655172413793,0.20338983050847456,0.034482758620689655,0.03571428571428571,0.03508771929824562,0.16666666666666666,0.1724137931034483,0.16949152542372883,0.8618040084838867,0.8595994710922241,0.8607003688812256,0.28120648860931396
"As a system, I want to ensure that accessing the 'session' property raises a RuntimeError if there is no request in the context, so that it enforces proper context usage.","request, session, g, and current_app are all proxies tied to a context. They only work while the right app or request context is active.",0.20270270270270271,0.26666666666666666,0.32,0.2909090909090909,0.0,0.0,0.0,0.13333333333333333,0.16,0.14545454545454545,0.8646376132965088,0.8657829761505127,0.8652098774909973,0.4554615020751953
"As a system, I want to ensure that accessing the 'session' property raises a RuntimeError if there is no request in the context, so that it enforces proper context usage.","Flask's session object doesn't notice when you mutate something in place, like appending to a list. You need to manually set session.modified = True when that happens.",0.1647155572755418,0.16666666666666666,0.1724137931034483,0.16949152542372883,0.0,0.0,0.0,0.13333333333333333,0.13793103448275862,0.13559322033898305,0.8604763746261597,0.8658666014671326,0.8631631135940552,0.36766961216926575
"As a system, I want to ensure that accessing the 'session' property raises a RuntimeError if there is no request in the context, so that it enforces proper context usage.",Sessions are stored in a signed cookie that normally disappears when the browser closes. Setting permanent to True keeps it alive for as long as PERMANENT_SESSION_LIFETIME says.,0.15202702702702706,0.26666666666666666,0.27586206896551724,0.2711864406779661,0.0,0.0,0.0,0.13333333333333333,0.13793103448275862,0.13559322033898305,0.8518387079238892,0.8207467794418335,0.8360037803649902,0.31425920128822327
"As a system, I want to ensure that accessing the 'session' property raises a RuntimeError if there is no request in the context, so that it enforces proper context usage.","Trailing slashes matter for routing. A route defined with a trailing slash will redirect a request without one to the slash version, and a route without a trailing slash returns a 404 if someone requests it with one.",0.13613861386138618,0.23333333333333334,0.18421052631578946,0.20588235294117646,0.0,0.0,0.0,0.23333333333333334,0.18421052631578946,0.20588235294117646,0.8628824353218079,0.8480114936828613,0.8553823828697205,0.0434756763279438
"As a system, I want to ensure that accessing the 'session' property raises a RuntimeError if there is no request in the context, so that it enforces proper context usage.","If a route has a default value and also accepts POST, the version with the default should only handle GET, since a redirect can't carry form data along with it.",0.1466275659824047,0.2,0.1935483870967742,0.19672131147540983,0.0,0.0,0.0,0.13333333333333333,0.12903225806451613,0.13114754098360656,0.8557671308517456,0.8466868996620178,0.8512027859687805,0.18854603171348572
"As a system, I want to ensure that accessing the 'session' property raises a RuntimeError if there is no request in the context, so that it enforces proper context usage.","Routes default to handling GET, along with HEAD. OPTIONS gets added automatically unless provide_automatic_options is turned off.",0.09302325581395349,0.06666666666666667,0.10526315789473684,0.0816326530612245,0.0,0.0,0.0,0.06666666666666667,0.10526315789473684,0.0816326530612245,0.8396303057670593,0.8396880030632019,0.8396592140197754,0.1981237232685089
"As a system, I want to ensure that accessing the 'session' property raises a RuntimeError if there is no request in the context, so that it enforces proper context usage.","A view's endpoint name comes from its function name unless you set one explicitly, and it automatically gets prefixed with the blueprint's name if it's registered through one.",0.10542168674698794,0.13333333333333333,0.12903225806451613,0.13114754098360656,0.0,0.0,0.0,0.13333333333333333,0.12903225806451613,0.13114754098360656,0.8537912964820862,0.8331713080406189,0.8433552980422974,0.08056730777025223
"As a system, I want to ensure that accessing the 'session' property raises a RuntimeError if there is no request in the context, so that it enforces proper context usage.","If a view function has a required_methods attribute, Flask will always include those methods on the route, even if you explicitly set different ones in the route() call.",0.19141566265060242,0.2,0.20689655172413793,0.20338983050847456,0.034482758620689655,0.03571428571428571,0.03508771929824562,0.16666666666666666,0.1724137931034483,0.16949152542372883,0.860059916973114,0.8578611016273499,0.8589590787887573,0.2243901491165161
"As a system, I want to ensure that the context can only be popped if it is the active context, so that it prevents runtime errors and maintains context integrity.","request, session, g, and current_app are all proxies tied to a context. They only work while the right app or request context is active.",0.20408163265306126,0.3,0.36,0.3272727272727273,0.0,0.0,0.0,0.16666666666666666,0.2,0.1818181818181818,0.8681870698928833,0.8596349358558655,0.8638898134231567,0.28504374623298645
"As a system, I want to ensure that the context can only be popped if it is the active context, so that it prevents runtime errors and maintains context integrity.","Flask's session object doesn't notice when you mutate something in place, like appending to a list. You need to manually set session.modified = True when that happens.",0.1328314295604015,0.1,0.10344827586206896,0.10169491525423728,0.0,0.0,0.0,0.1,0.10344827586206896,0.10169491525423728,0.8539019823074341,0.8536275625228882,0.8537647128105164,0.11054256558418274
"As a system, I want to ensure that the context can only be popped if it is the active context, so that it prevents runtime errors and maintains context integrity.",Sessions are stored in a signed cookie that normally disappears when the browser closes. Setting permanent to True keeps it alive for as long as PERMANENT_SESSION_LIFETIME says.,0.1360544217687075,0.2,0.20689655172413793,0.20338983050847456,0.0,0.0,0.0,0.13333333333333333,0.13793103448275862,0.13559322033898305,0.8565515279769897,0.8127642273902893,0.8340835571289062,0.14516282081604004
"As a system, I want to ensure that the context can only be popped if it is the active context, so that it prevents runtime errors and maintains context integrity.","Trailing slashes matter for routing. A route defined with a trailing slash will redirect a request without one to the slash version, and a route without a trailing slash returns a 404 if someone requests it with one.",0.12437810945273632,0.2,0.15789473684210525,0.17647058823529413,0.0,0.0,0.0,0.16666666666666666,0.13157894736842105,0.14705882352941177,0.8607017397880554,0.8357123732566833,0.848022997379303,-0.12773071229457855
"As a system, I want to ensure that the context can only be popped if it is the active context, so that it prevents runtime errors and maintains context integrity.","If a route has a default value and also accepts POST, the version with the default should only handle GET, since a redirect can't carry form data along with it.",0.16224188790560473,0.26666666666666666,0.25806451612903225,0.26229508196721313,0.0,0.0,0.0,0.13333333333333333,0.12903225806451613,0.13114754098360656,0.8666716814041138,0.8494847416877747,0.8579921126365662,0.043289974331855774
"As a system, I want to ensure that the context can only be popped if it is the active context, so that it prevents runtime errors and maintains context integrity.","Routes default to handling GET, along with HEAD. OPTIONS gets added automatically unless provide_automatic_options is turned off.",0.09389671361502348,0.06666666666666667,0.10526315789473684,0.0816326530612245,0.0,0.0,0.0,0.06666666666666667,0.10526315789473684,0.0816326530612245,0.8386234641075134,0.8319370746612549,0.8352668881416321,0.08137720823287964
"As a system, I want to ensure that the context can only be popped if it is the active context, so that it prevents runtime errors and maintains context integrity.","A view's endpoint name comes from its function name unless you set one explicitly, and it automatically gets prefixed with the blueprint's name if it's registered through one.",0.13636363636363635,0.2,0.1935483870967742,0.19672131147540983,0.034482758620689655,0.03333333333333333,0.03389830508474576,0.13333333333333333,0.12903225806451613,0.13114754098360656,0.8595949411392212,0.8324921727180481,0.8458264470100403,0.08134540170431137
"As a system, I want to ensure that the context can only be popped if it is the active context, so that it prevents runtime errors and maintains context integrity.","If a view function has a required_methods attribute, Flask will always include those methods on the route, even if you explicitly set different ones in the route() call.",0.13636363636363635,0.13333333333333333,0.13793103448275862,0.13559322033898305,0.0,0.0,0.0,0.13333333333333333,0.13793103448275862,0.13559322033898305,0.8602780103683472,0.845718502998352,0.8529360890388489,0.09067760407924652
"As a system, I want to ensure that the context teardown functions are called when the context is popped, so that resources are properly cleaned up.","request, session, g, and current_app are all proxies tied to a context. They only work while the right app or request context is active.",0.23681960672556282,0.2692307692307692,0.28,0.27450980392156865,0.04,0.041666666666666664,0.04081632653061224,0.19230769230769232,0.2,0.19607843137254902,0.8702881336212158,0.856106162071228,0.8631388545036316,0.26920607686042786
"As a system, I want to ensure that the context teardown functions are called when the context is popped, so that resources are properly cleaned up.","Flask's session object doesn't notice when you mutate something in place, like appending to a list. You need to manually set session.modified = True when that happens.",0.15129080023176464,0.15384615384615385,0.13793103448275862,0.14545454545454548,0.0,0.0,0.0,0.15384615384615385,0.13793103448275862,0.14545454545454548,0.8655864000320435,0.8598685264587402,0.8627180457115173,0.09221453219652176
"As a system, I want to ensure that the context teardown functions are called when the context is popped, so that resources are properly cleaned up.",Sessions are stored in a signed cookie that normally disappears when the browser closes. Setting permanent to True keeps it alive for as long as PERMANENT_SESSION_LIFETIME says.,0.18345905172413793,0.2692307692307692,0.2413793103448276,0.2545454545454545,0.04,0.03571428571428571,0.03773584905660378,0.15384615384615385,0.13793103448275862,0.14545454545454548,0.8641287088394165,0.8207507133483887,0.841881275177002,0.11419534683227539
"As a system, I want to ensure that the context teardown functions are called when the context is popped, so that resources are properly cleaned up.","Trailing slashes matter for routing. A route defined with a trailing slash will redirect a request without one to the slash version, and a route without a trailing slash returns a 404 if someone requests it with one.",0.08793969849246233,0.11538461538461539,0.07894736842105263,0.09374999999999999,0.0,0.0,0.0,0.11538461538461539,0.07894736842105263,0.09374999999999999,0.8632251620292664,0.8368162512779236,0.8498156070709229,-0.08194195479154587
"As a system, I want to ensure that the context teardown functions are called when the context is popped, so that resources are properly cleaned up.","If a route has a default value and also accepts POST, the version with the default should only handle GET, since a redirect can't carry form data along with it.",0.1044776119402985,0.11538461538461539,0.0967741935483871,0.10526315789473684,0.0,0.0,0.0,0.11538461538461539,0.0967741935483871,0.10526315789473684,0.8618278503417969,0.8415632247924805,0.8515749573707581,-0.08559177070856094
"As a system, I want to ensure that the context teardown functions are called when the context is popped, so that resources are properly cleaned up.","Routes default to handling GET, along with HEAD. OPTIONS gets added automatically unless provide_automatic_options is turned off.",0.09569377990430622,0.07692307692307693,0.10526315789473684,0.08888888888888889,0.0,0.0,0.0,0.07692307692307693,0.10526315789473684,0.08888888888888889,0.8500688672065735,0.8373521566390991,0.8436625599861145,0.0832936018705368
"As a system, I want to ensure that the context teardown functions are called when the context is popped, so that resources are properly cleaned up.","A view's endpoint name comes from its function name unless you set one explicitly, and it automatically gets prefixed with the blueprint's name if it's registered through one.",0.10736196319018404,0.11538461538461539,0.0967741935483871,0.10526315789473684,0.0,0.0,0.0,0.11538461538461539,0.0967741935483871,0.10526315789473684,0.8669774532318115,0.8348302841186523,0.8506002426147461,0.16811345517635345
"As a system, I want to ensure that the context teardown functions are called when the context is popped, so that resources are properly cleaned up.","If a view function has a required_methods attribute, Flask will always include those methods on the route, even if you explicitly set different ones in the route() call.",0.1533742331288344,0.19230769230769232,0.1724137931034483,0.18181818181818185,0.0,0.0,0.0,0.11538461538461539,0.10344827586206896,0.10909090909090909,0.8678826093673706,0.8557468056678772,0.8617719411849976,0.11405251920223236
"As a developer, I want to ensure that either 'base_url' is provided or both 'subdomain' and 'url_scheme' are provided, so that the environment is correctly configured without conflicting parameters.","request, session, g, and current_app are all proxies tied to a context. They only work while the right app or request context is active.",0.16722408026755856,0.22580645161290322,0.28,0.25,0.0,0.0,0.0,0.12903225806451613,0.16,0.14285714285714285,0.8521461486816406,0.8522319793701172,0.8521890640258789,0.20148023962974548
"As a developer, I want to ensure that either 'base_url' is provided or both 'subdomain' and 'url_scheme' are provided, so that the environment is correctly configured without conflicting parameters.","Flask's session object doesn't notice when you mutate something in place, like appending to a list. You need to manually set session.modified = True when that happens.",0.13079413769597817,0.0967741935483871,0.10344827586206896,0.09999999999999999,0.0,0.0,0.0,0.0967741935483871,0.10344827586206896,0.09999999999999999,0.8459283113479614,0.8493240475654602,0.8476227521896362,-0.03592556715011597
"As a developer, I want to ensure that either 'base_url' is provided or both 'subdomain' and 'url_scheme' are provided, so that the environment is correctly configured without conflicting parameters.",Sessions are stored in a signed cookie that normally disappears when the browser closes. Setting permanent to True keeps it alive for as long as PERMANENT_SESSION_LIFETIME says.,0.11705685618729098,0.1935483870967742,0.20689655172413793,0.19999999999999998,0.0,0.0,0.0,0.0967741935483871,0.10344827586206896,0.09999999999999999,0.8420880436897278,0.8178878426551819,0.8298115730285645,0.004991017282009125
"As a developer, I want to ensure that either 'base_url' is provided or both 'subdomain' and 'url_scheme' are provided, so that the environment is correctly configured without conflicting parameters.","Trailing slashes matter for routing. A route defined with a trailing slash will redirect a request without one to the slash version, and a route without a trailing slash returns a 404 if someone requests it with one.",0.11056511056511058,0.16129032258064516,0.13157894736842105,0.14492753623188406,0.0,0.0,0.0,0.12903225806451613,0.10526315789473684,0.11594202898550723,0.8406949043273926,0.8329253792762756,0.8367921710014343,0.24028748273849487
"As a developer, I want to ensure that either 'base_url' is provided or both 'subdomain' and 'url_scheme' are provided, so that the environment is correctly configured without conflicting parameters.","If a route has a default value and also accepts POST, the version with the default should only handle GET, since a redirect can't carry form data along with it.",0.11627906976744184,0.0967741935483871,0.0967741935483871,0.0967741935483871,0.0,0.0,0.0,0.0967741935483871,0.0967741935483871,0.0967741935483871,0.8481810688972473,0.842911958694458,0.8455383777618408,0.2574501931667328
"As a developer, I want to ensure that either 'base_url' is provided or both 'subdomain' and 'url_scheme' are provided, so that the environment is correctly configured without conflicting parameters.","Routes default to handling GET, along with HEAD. OPTIONS gets added automatically unless provide_automatic_options is turned off.",0.1146788990825688,0.0967741935483871,0.15789473684210525,0.12000000000000001,0.0,0.0,0.0,0.0967741935483871,0.15789473684210525,0.12000000000000001,0.8465918898582458,0.8517378568649292,0.8491570949554443,0.3352072238922119
"As a developer, I want to ensure that either 'base_url' is provided or both 'subdomain' and 'url_scheme' are provided, so that the environment is correctly configured without conflicting parameters.","A view's endpoint name comes from its function name unless you set one explicitly, and it automatically gets prefixed with the blueprint's name if it's registered through one.",0.10447761194029852,0.0967741935483871,0.0967741935483871,0.0967741935483871,0.0,0.0,0.0,0.0967741935483871,0.0967741935483871,0.0967741935483871,0.8427783250808716,0.831775426864624,0.8372407555580139,0.08155118674039841
"As a developer, I want to ensure that either 'base_url' is provided or both 'subdomain' and 'url_scheme' are provided, so that the environment is correctly configured without conflicting parameters.","If a view function has a required_methods attribute, Flask will always include those methods on the route, even if you explicitly set different ones in the route() call.",0.10447761194029852,0.06451612903225806,0.06896551724137931,0.06666666666666667,0.0,0.0,0.0,0.06451612903225806,0.06896551724137931,0.06666666666666667,0.8627011775970459,0.8549296855926514,0.8587978482246399,0.2119315266609192
"As a developer, I want to use the application's configuration to build the 'base_url' if it is not provided, so that the environment reflects the application's settings.","request, session, g, and current_app are all proxies tied to a context. They only work while the right app or request context is active.",0.11864406779661017,0.13333333333333333,0.16,0.14545454545454545,0.0,0.0,0.0,0.1,0.12,0.1090909090909091,0.8589726686477661,0.8528622388839722,0.8559065461158752,0.28484517335891724
"As a developer, I want to use the application's configuration to build the 'base_url' if it is not provided, so that the environment reflects the application's settings.","Flask's session object doesn't notice when you mutate something in place, like appending to a list. You need to manually set session.modified = True when that happens.",0.13975155279503104,0.2,0.20689655172413793,0.20338983050847456,0.0,0.0,0.0,0.1,0.10344827586206896,0.10169491525423728,0.8610096573829651,0.8544167280197144,0.8577004671096802,-0.0033325031399726868
"As a developer, I want to use the application's configuration to build the 'base_url' if it is not provided, so that the environment reflects the application's settings.",Sessions are stored in a signed cookie that normally disappears when the browser closes. Setting permanent to True keeps it alive for as long as PERMANENT_SESSION_LIFETIME says.,0.13559322033898305,0.23333333333333334,0.2413793103448276,0.23728813559322037,0.0,0.0,0.0,0.13333333333333333,0.13793103448275862,0.13559322033898305,0.8520987033843994,0.8156434297561646,0.8334726095199585,0.07617750763893127
"As a developer, I want to use the application's configuration to build the 'base_url' if it is not provided, so that the environment reflects the application's settings.","Trailing slashes matter for routing. A route defined with a trailing slash will redirect a request without one to the slash version, and a route without a trailing slash returns a 404 if someone requests it with one.",0.11166253101736973,0.16666666666666666,0.13157894736842105,0.14705882352941177,0.0,0.0,0.0,0.16666666666666666,0.13157894736842105,0.14705882352941177,0.8564001321792603,0.8405076265335083,0.8483794331550598,0.2615095376968384
"As a developer, I want to use the application's configuration to build the 'base_url' if it is not provided, so that the environment reflects the application's settings.","If a route has a default value and also accepts POST, the version with the default should only handle GET, since a redirect can't carry form data along with it.",0.16176470588235295,0.16666666666666666,0.16129032258064516,0.16393442622950818,0.0,0.0,0.0,0.13333333333333333,0.12903225806451613,0.13114754098360656,0.8620113134384155,0.8484393954277039,0.8551715612411499,0.2041473388671875
"As a developer, I want to use the application's configuration to build the 'base_url' if it is not provided, so that the environment reflects the application's settings.","Routes default to handling GET, along with HEAD. OPTIONS gets added automatically unless provide_automatic_options is turned off.",0.11682242990654207,0.1,0.15789473684210525,0.12244897959183673,0.0,0.0,0.0,0.06666666666666667,0.10526315789473684,0.0816326530612245,0.8517975211143494,0.8590365052223206,0.8554016947746277,0.29287558794021606
"As a developer, I want to use the application's configuration to build the 'base_url' if it is not provided, so that the environment reflects the application's settings.","A view's endpoint name comes from its function name unless you set one explicitly, and it automatically gets prefixed with the blueprint's name if it's registered through one.",0.22291456864719705,0.23333333333333334,0.22580645161290322,0.22950819672131148,0.034482758620689655,0.03333333333333333,0.03389830508474576,0.2,0.1935483870967742,0.19672131147540983,0.8662794828414917,0.8503695726394653,0.8582508563995361,0.11911387741565704
"As a developer, I want to use the application's configuration to build the 'base_url' if it is not provided, so that the environment reflects the application's settings.","If a view function has a required_methods attribute, Flask will always include those methods on the route, even if you explicitly set different ones in the route() call.",0.1661631419939577,0.16666666666666666,0.1724137931034483,0.16949152542372883,0.0,0.0,0.0,0.13333333333333333,0.13793103448275862,0.13559322033898305,0.8721650242805481,0.8607074022293091,0.8663983345031738,0.1255427896976471
"As a developer, I want to raise a TypeError if cookies are disabled when trying to use 'session_transaction', so that I can avoid errors related to session handling.","request, session, g, and current_app are all proxies tied to a context. They only work while the right app or request context is active.",0.11904761904761905,0.13793103448275862,0.16,0.14814814814814817,0.0,0.0,0.0,0.06896551724137931,0.08,0.07407407407407408,0.8564420938491821,0.8530277609825134,0.854731559753418,0.171168252825737
"As a developer, I want to raise a TypeError if cookies are disabled when trying to use 'session_transaction', so that I can avoid errors related to session handling.","Flask's session object doesn't notice when you mutate something in place, like appending to a list. You need to manually set session.modified = True when that happens.",0.14018691588785046,0.2413793103448276,0.2413793103448276,0.2413793103448276,0.0,0.0,0.0,0.1724137931034483,0.1724137931034483,0.1724137931034483,0.8602759838104248,0.8614622950553894,0.8608686923980713,0.31823498010635376
"As a developer, I want to raise a TypeError if cookies are disabled when trying to use 'session_transaction', so that I can avoid errors related to session handling.",Sessions are stored in a signed cookie that normally disappears when the browser closes. Setting permanent to True keeps it alive for as long as PERMANENT_SESSION_LIFETIME says.,0.15306122448979592,0.3103448275862069,0.3103448275862069,0.3103448275862069,0.0,0.0,0.0,0.1724137931034483,0.1724137931034483,0.1724137931034483,0.8513139486312866,0.8303911685943604,0.8407224416732788,0.2784157991409302
"As a developer, I want to raise a TypeError if cookies are disabled when trying to use 'session_transaction', so that I can avoid errors related to session handling.","Trailing slashes matter for routing. A route defined with a trailing slash will redirect a request without one to the slash version, and a route without a trailing slash returns a 404 if someone requests it with one.",0.11194029850746268,0.13793103448275862,0.10526315789473684,0.11940298507462686,0.0,0.0,0.0,0.13793103448275862,0.10526315789473684,0.11940298507462686,0.8521944284439087,0.8354364037513733,0.8437321782112122,-0.03727155923843384
"As a developer, I want to raise a TypeError if cookies are disabled when trying to use 'session_transaction', so that I can avoid errors related to session handling.","If a route has a default value and also accepts POST, the version with the default should only handle GET, since a redirect can't carry form data along with it.",0.13274336283185842,0.1724137931034483,0.16129032258064516,0.16666666666666669,0.0,0.0,0.0,0.10344827586206896,0.0967741935483871,0.09999999999999999,0.8511046767234802,0.8431165814399719,0.847091794013977,0.11055688560009003
"As a developer, I want to raise a TypeError if cookies are disabled when trying to use 'session_transaction', so that I can avoid errors related to session handling.","Routes default to handling GET, along with HEAD. OPTIONS gets added automatically unless provide_automatic_options is turned off.",0.11737089201877934,0.06896551724137931,0.10526315789473684,0.08333333333333333,0.0,0.0,0.0,0.06896551724137931,0.10526315789473684,0.08333333333333333,0.8404477834701538,0.8536752462387085,0.8470098376274109,0.17443060874938965
"As a developer, I want to raise a TypeError if cookies are disabled when trying to use 'session_transaction', so that I can avoid errors related to session handling.","A view's endpoint name comes from its function name unless you set one explicitly, and it automatically gets prefixed with the blueprint's name if it's registered through one.",0.12121212121212122,0.06896551724137931,0.06451612903225806,0.06666666666666667,0.0,0.0,0.0,0.06896551724137931,0.06451612903225806,0.06666666666666667,0.843050479888916,0.8242299556732178,0.8335339426994324,-0.10074539482593536
"As a developer, I want to raise a TypeError if cookies are disabled when trying to use 'session_transaction', so that I can avoid errors related to session handling.","If a view function has a required_methods attribute, Flask will always include those methods on the route, even if you explicitly set different ones in the route() call.",0.12121212121212122,0.10344827586206896,0.10344827586206896,0.10344827586206896,0.0,0.0,0.0,0.10344827586206896,0.10344827586206896,0.10344827586206896,0.8582330346107483,0.8542726039886475,0.8562482595443726,0.17584335803985596
"As a developer, I want to raise a RuntimeError if the session backend does not open a session, so that I can handle session-related issues appropriately.","request, session, g, and current_app are all proxies tied to a context. They only work while the right app or request context is active.",0.1206896551724138,0.14814814814814814,0.16,0.15384615384615383,0.0,0.0,0.0,0.1111111111111111,0.12,0.11538461538461538,0.861613392829895,0.8467199802398682,0.8541017770767212,0.22407594323158264
"As a developer, I want to raise a RuntimeError if the session backend does not open a session, so that I can handle session-related issues appropriately.","Flask's session object doesn't notice when you mutate something in place, like appending to a list. You need to manually set session.modified = True when that happens.",0.1678332018927445,0.18518518518518517,0.1724137931034483,0.17857142857142858,0.0,0.0,0.0,0.14814814814814814,0.13793103448275862,0.14285714285714285,0.871954083442688,0.8642133474349976,0.8680664300918579,0.3263172209262848
"As a developer, I want to raise a RuntimeError if the session backend does not open a session, so that I can handle session-related issues appropriately.",Sessions are stored in a signed cookie that normally disappears when the browser closes. Setting permanent to True keeps it alive for as long as PERMANENT_SESSION_LIFETIME says.,0.1206896551724138,0.25925925925925924,0.2413793103448276,0.25,0.0,0.0,0.0,0.14814814814814814,0.13793103448275862,0.14285714285714285,0.8538616299629211,0.8166173696517944,0.8348243236541748,0.2960337698459625
"As a developer, I want to raise a RuntimeError if the session backend does not open a session, so that I can handle session-related issues appropriately.","Trailing slashes matter for routing. A route defined with a trailing slash will redirect a request without one to the slash version, and a route without a trailing slash returns a 404 if someone requests it with one.",0.13819095477386933,0.2222222222222222,0.15789473684210525,0.18461538461538463,0.0,0.0,0.0,0.14814814814814814,0.10526315789473684,0.12307692307692308,0.8627428412437439,0.8404175043106079,0.8514338731765747,-0.003552056849002838
"As a developer, I want to raise a RuntimeError if the session backend does not open a session, so that I can handle session-related issues appropriately.","If a route has a default value and also accepts POST, the version with the default should only handle GET, since a redirect can't carry form data along with it.",0.1492537313432836,0.25925925925925924,0.22580645161290322,0.24137931034482757,0.0,0.0,0.0,0.18518518518518517,0.16129032258064516,0.17241379310344826,0.864927351474762,0.8463972806930542,0.8555619716644287,0.10641442239284515
"As a developer, I want to raise a RuntimeError if the session backend does not open a session, so that I can handle session-related issues appropriately.","Routes default to handling GET, along with HEAD. OPTIONS gets added automatically unless provide_automatic_options is turned off.",0.11961722488038279,0.07407407407407407,0.10526315789473684,0.08695652173913043,0.0,0.0,0.0,0.07407407407407407,0.10526315789473684,0.08695652173913043,0.8413684368133545,0.8352723121643066,0.8383093476295471,0.09336960315704346
"As a developer, I want to raise a RuntimeError if the session backend does not open a session, so that I can handle session-related issues appropriately.","A view's endpoint name comes from its function name unless you set one explicitly, and it automatically gets prefixed with the blueprint's name if it's registered through one.",0.1226993865030675,0.1111111111111111,0.0967741935483871,0.10344827586206896,0.0,0.0,0.0,0.07407407407407407,0.06451612903225806,0.06896551724137931,0.8576136231422424,0.8345015645027161,0.8458997011184692,0.0280888881534338
"As a developer, I want to raise a RuntimeError if the session backend does not open a session, so that I can handle session-related issues appropriately.","If a view function has a required_methods attribute, Flask will always include those methods on the route, even if you explicitly set different ones in the route() call.",0.1226993865030675,0.14814814814814814,0.13793103448275862,0.14285714285714285,0.0,0.0,0.0,0.14814814814814814,0.13793103448275862,0.14285714285714285,0.8631367683410645,0.8486865758895874,0.8558506369590759,0.1737523376941681
"As a developer, I want to ensure that the client cannot nest invocations when 'preserve_context' is set to True, so that the request context is managed correctly.","request, session, g, and current_app are all proxies tied to a context. They only work while the right app or request context is active.",0.23410598807424204,0.25,0.28,0.2641509433962264,0.07407407407407407,0.08333333333333333,0.07843137254901962,0.21428571428571427,0.24,0.2264150943396226,0.8661174774169922,0.8647588491439819,0.8654376268386841,0.4548645615577698
"As a developer, I want to ensure that the client cannot nest invocations when 'preserve_context' is set to True, so that the request context is managed correctly.","Flask's session object doesn't notice when you mutate something in place, like appending to a list. You need to manually set session.modified = True when that happens.",0.1557632398753894,0.25,0.2413793103448276,0.24561403508771928,0.0,0.0,0.0,0.17857142857142858,0.1724137931034483,0.17543859649122806,0.8692972660064697,0.8680232763290405,0.8686597943305969,0.20121419429779053
"As a developer, I want to ensure that the client cannot nest invocations when 'preserve_context' is set to True, so that the request context is managed correctly.",Sessions are stored in a signed cookie that normally disappears when the browser closes. Setting permanent to True keeps it alive for as long as PERMANENT_SESSION_LIFETIME says.,0.1986226589401193,0.2857142857142857,0.27586206896551724,0.28070175438596495,0.037037037037037035,0.03571428571428571,0.03636363636363636,0.21428571428571427,0.20689655172413793,0.21052631578947367,0.8629482388496399,0.8329489231109619,0.8476832509040833,0.18098284304141998
"As a developer, I want to ensure that the client cannot nest invocations when 'preserve_context' is set to True, so that the request context is managed correctly.","Trailing slashes matter for routing. A route defined with a trailing slash will redirect a request without one to the slash version, and a route without a trailing slash returns a 404 if someone requests it with one.",0.09950248756218905,0.14285714285714285,0.10526315789473684,0.12121212121212122,0.0,0.0,0.0,0.14285714285714285,0.10526315789473684,0.12121212121212122,0.8528950214385986,0.8388046026229858,0.8457911014556885,0.037547409534454346
"As a developer, I want to ensure that the client cannot nest invocations when 'preserve_context' is set to True, so that the request context is managed correctly.","If a route has a default value and also accepts POST, the version with the default should only handle GET, since a redirect can't carry form data along with it.",0.11799410029498525,0.10714285714285714,0.0967741935483871,0.10169491525423728,0.0,0.0,0.0,0.10714285714285714,0.0967741935483871,0.10169491525423728,0.8561056852340698,0.8484132289886475,0.852242112159729,0.1265452653169632
"As a developer, I want to ensure that the client cannot nest invocations when 'preserve_context' is set to True, so that the request context is managed correctly.","Routes default to handling GET, along with HEAD. OPTIONS gets added automatically unless provide_automatic_options is turned off.",0.11737089201877934,0.07142857142857142,0.10526315789473684,0.0851063829787234,0.0,0.0,0.0,0.07142857142857142,0.10526315789473684,0.0851063829787234,0.8531404733657837,0.8580973148345947,0.8556116819381714,0.2057657092809677
"As a developer, I want to ensure that the client cannot nest invocations when 'preserve_context' is set to True, so that the request context is managed correctly.","A view's endpoint name comes from its function name unless you set one explicitly, and it automatically gets prefixed with the blueprint's name if it's registered through one.",0.10606060606060608,0.10714285714285714,0.0967741935483871,0.10169491525423728,0.0,0.0,0.0,0.10714285714285714,0.0967741935483871,0.10169491525423728,0.8506101965904236,0.833962619304657,0.8422041535377502,0.08185743540525436
"As a developer, I want to ensure that the client cannot nest invocations when 'preserve_context' is set to True, so that the request context is managed correctly.","If a view function has a required_methods attribute, Flask will always include those methods on the route, even if you explicitly set different ones in the route() call.",0.13636363636363635,0.14285714285714285,0.13793103448275862,0.14035087719298248,0.0,0.0,0.0,0.14285714285714285,0.13793103448275862,0.14035087719298248,0.8687564134597778,0.8604695796966553,0.8645931482315063,0.21172529458999634
