generated_rule,ground_truth_rule,meteor,rouge1_precision,rouge1_recall,rouge1_fmeasure,rouge2_precision,rouge2_recall,rouge2_fmeasure,rougeL_precision,rougeL_recall,rougeL_fmeasure,bert_precision,bert_recall,bert_f1,cosine_similarity
The session is marked as permanent if the '_permanent' key is set to true.,"request, session, g, and current_app are all proxies tied to a context. They only work while the right app or request context is active.",0.1079136690647482,0.2857142857142857,0.16,0.20512820512820512,0.0,0.0,0.0,0.21428571428571427,0.12,0.15384615384615383,0.8704801201820374,0.8613615036010742,0.8658968210220337,0.31190502643585205
The session is marked as permanent if the '_permanent' key is set to true.,"Flask's session object doesn't notice when you mutate something in place, like appending to a list. You need to manually set session.modified = True when that happens.",0.09836065573770492,0.2857142857142857,0.13793103448275862,0.18604651162790697,0.0,0.0,0.0,0.21428571428571427,0.10344827586206896,0.1395348837209302,0.878135085105896,0.8663407564163208,0.8721981048583984,0.39971446990966797
The session is marked as permanent if the '_permanent' key is set to true.,Sessions are stored in a signed cookie that normally disappears when the browser closes. Setting permanent to True keeps it alive for as long as PERMANENT_SESSION_LIFETIME says.,0.21005417887911895,0.5714285714285714,0.27586206896551724,0.37209302325581395,0.15384615384615385,0.07142857142857142,0.0975609756097561,0.35714285714285715,0.1724137931034483,0.23255813953488377,0.8881527781486511,0.8508540391921997,0.8691034317016602,0.7442105412483215
The session is marked as permanent if the '_permanent' key is set to true.,"Trailing slashes matter for routing. A route defined with a trailing slash will redirect a request without one to the slash version, and a route without a trailing slash returns a 404 if someone requests it with one.",0.06476683937823834,0.21428571428571427,0.07894736842105263,0.11538461538461539,0.0,0.0,0.0,0.14285714285714285,0.05263157894736842,0.07692307692307693,0.8465544581413269,0.8356923460960388,0.8410883545875549,0.021622877568006516
The session is marked as permanent if the '_permanent' key is set to true.,"If a route has a default value and also accepts POST, the version with the default should only handle GET, since a redirect can't carry form data along with it.",0.07739938080495357,0.21428571428571427,0.0967741935483871,0.13333333333333333,0.0,0.0,0.0,0.14285714285714285,0.06451612903225806,0.08888888888888889,0.8519960641860962,0.8405677080154419,0.8462432622909546,0.13928969204425812
The session is marked as permanent if the '_permanent' key is set to true.,"Routes default to handling GET, along with HEAD. OPTIONS gets added automatically unless provide_automatic_options is turned off.",0.07614213197969542,0.14285714285714285,0.10526315789473684,0.12121212121212122,0.0,0.0,0.0,0.07142857142857142,0.05263157894736842,0.06060606060606061,0.8670405149459839,0.8600361347198486,0.8635241389274597,0.2820867598056793
The session is marked as permanent if the '_permanent' key is set to true.,"A view's endpoint name comes from its function name unless you set one explicitly, and it automatically gets prefixed with the blueprint's name if it's registered through one.",0.09554140127388534,0.21428571428571427,0.0967741935483871,0.13333333333333333,0.0,0.0,0.0,0.14285714285714285,0.06451612903225806,0.08888888888888889,0.8542123436927795,0.8413739800453186,0.8477445244789124,0.14210255444049835
The session is marked as permanent if the '_permanent' key is set to true.,"If a view function has a required_methods attribute, Flask will always include those methods on the route, even if you explicitly set different ones in the route() call.",0.09554140127388534,0.2857142857142857,0.13793103448275862,0.18604651162790697,0.0,0.0,0.0,0.21428571428571427,0.10344827586206896,0.1395348837209302,0.8742810487747192,0.8559803366661072,0.8650339245796204,0.07742397487163544
The session is considered modified if any changes are made to the session data.,"request, session, g, and current_app are all proxies tied to a context. They only work while the right app or request context is active.",0.12681159420289856,0.35714285714285715,0.2,0.25641025641025644,0.0,0.0,0.0,0.2857142857142857,0.16,0.20512820512820512,0.87436842918396,0.850947380065918,0.862498939037323,0.3133123517036438
The session is considered modified if any changes are made to the session data.,"Flask's session object doesn't notice when you mutate something in place, like appending to a list. You need to manually set session.modified = True when that happens.",0.04950495049504951,0.2857142857142857,0.13793103448275862,0.18604651162790697,0.0,0.0,0.0,0.21428571428571427,0.10344827586206896,0.1395348837209302,0.891970157623291,0.85957932472229,0.8754752278327942,0.4656246304512024
The session is considered modified if any changes are made to the session data.,Sessions are stored in a signed cookie that normally disappears when the browser closes. Setting permanent to True keeps it alive for as long as PERMANENT_SESSION_LIFETIME says.,0.09057971014492755,0.35714285714285715,0.1724137931034483,0.23255813953488377,0.0,0.0,0.0,0.2857142857142857,0.13793103448275862,0.18604651162790697,0.8708940744400024,0.8182581067085266,0.8437559604644775,0.4878832697868347
The session is considered modified if any changes are made to the session data.,"Trailing slashes matter for routing. A route defined with a trailing slash will redirect a request without one to the slash version, and a route without a trailing slash returns a 404 if someone requests it with one.",0.08219401041666667,0.21428571428571427,0.07894736842105263,0.11538461538461539,0.07692307692307693,0.02702702702702703,0.04,0.14285714285714285,0.05263157894736842,0.07692307692307693,0.8645979166030884,0.8302522301673889,0.8470770716667175,0.03963299095630646
The session is considered modified if any changes are made to the session data.,"If a route has a default value and also accepts POST, the version with the default should only handle GET, since a redirect can't carry form data along with it.",0.09345794392523366,0.2857142857142857,0.12903225806451613,0.17777777777777778,0.0,0.0,0.0,0.21428571428571427,0.0967741935483871,0.13333333333333333,0.8667088747024536,0.8363389372825623,0.8512531518936157,0.16036327183246613
The session is considered modified if any changes are made to the session data.,"Routes default to handling GET, along with HEAD. OPTIONS gets added automatically unless provide_automatic_options is turned off.",0.10256410256410256,0.14285714285714285,0.10526315789473684,0.12121212121212122,0.0,0.0,0.0,0.07142857142857142,0.05263157894736842,0.06060606060606061,0.8583859205245972,0.8363100290298462,0.8472041487693787,0.12905113399028778
The session is considered modified if any changes are made to the session data.,"A view's endpoint name comes from its function name unless you set one explicitly, and it automatically gets prefixed with the blueprint's name if it's registered through one.",0.0641025641025641,0.14285714285714285,0.06451612903225806,0.08888888888888889,0.0,0.0,0.0,0.14285714285714285,0.06451612903225806,0.08888888888888889,0.8657617568969727,0.8320373892784119,0.848564624786377,0.1060955673456192
The session is considered modified if any changes are made to the session data.,"If a view function has a required_methods attribute, Flask will always include those methods on the route, even if you explicitly set different ones in the route() call.",0.0641025641025641,0.21428571428571427,0.10344827586206896,0.1395348837209302,0.0,0.0,0.0,0.21428571428571427,0.10344827586206896,0.1395348837209302,0.8666219711303711,0.8414084911346436,0.8538291454315186,0.07451315969228745
"If the session is empty and modified, the corresponding cookie will be deleted.","request, session, g, and current_app are all proxies tied to a context. They only work while the right app or request context is active.",0.10869565217391304,0.3076923076923077,0.16,0.2105263157894737,0.0,0.0,0.0,0.23076923076923078,0.12,0.15789473684210525,0.8789470195770264,0.8488938808441162,0.8636590838432312,0.23159660398960114
"If the session is empty and modified, the corresponding cookie will be deleted.","Flask's session object doesn't notice when you mutate something in place, like appending to a list. You need to manually set session.modified = True when that happens.",0.04950495049504951,0.15384615384615385,0.06896551724137931,0.09523809523809525,0.0,0.0,0.0,0.15384615384615385,0.06896551724137931,0.09523809523809525,0.8766773343086243,0.8558046221733093,0.8661152720451355,0.37320926785469055
"If the session is empty and modified, the corresponding cookie will be deleted.",Sessions are stored in a signed cookie that normally disappears when the browser closes. Setting permanent to True keeps it alive for as long as PERMANENT_SESSION_LIFETIME says.,0.07246376811594203,0.23076923076923078,0.10344827586206896,0.14285714285714288,0.0,0.0,0.0,0.15384615384615385,0.06896551724137931,0.09523809523809525,0.8842724561691284,0.8237612843513489,0.8529449701309204,0.674479603767395
"If the session is empty and modified, the corresponding cookie will be deleted.","Trailing slashes matter for routing. A route defined with a trailing slash will redirect a request without one to the slash version, and a route without a trailing slash returns a 404 if someone requests it with one.",0.07812499999999999,0.3076923076923077,0.10526315789473684,0.1568627450980392,0.0,0.0,0.0,0.15384615384615385,0.05263157894736842,0.0784313725490196,0.8698645830154419,0.8341472744941711,0.8516315817832947,0.079432912170887
"If the session is empty and modified, the corresponding cookie will be deleted.","If a route has a default value and also accepts POST, the version with the default should only handle GET, since a redirect can't carry form data along with it.",0.09345794392523366,0.3076923076923077,0.12903225806451613,0.18181818181818182,0.0,0.0,0.0,0.23076923076923078,0.0967741935483871,0.13636363636363635,0.8820793628692627,0.8408181071281433,0.8609545826911926,0.1932070106267929
"If the session is empty and modified, the corresponding cookie will be deleted.","Routes default to handling GET, along with HEAD. OPTIONS gets added automatically unless provide_automatic_options is turned off.",0.07692307692307691,0.07692307692307693,0.05263157894736842,0.0625,0.0,0.0,0.0,0.07692307692307693,0.05263157894736842,0.0625,0.8595378398895264,0.8385657072067261,0.8489222526550293,0.15089619159698486
"If the session is empty and modified, the corresponding cookie will be deleted.","A view's endpoint name comes from its function name unless you set one explicitly, and it automatically gets prefixed with the blueprint's name if it's registered through one.",0.08012820512820513,0.23076923076923078,0.0967741935483871,0.13636363636363635,0.0,0.0,0.0,0.15384615384615385,0.06451612903225806,0.09090909090909091,0.8680435419082642,0.8339147567749023,0.8506369590759277,0.06250836700201035
"If the session is empty and modified, the corresponding cookie will be deleted.","If a view function has a required_methods attribute, Flask will always include those methods on the route, even if you explicitly set different ones in the route() call.",0.09615384615384616,0.3076923076923077,0.13793103448275862,0.1904761904761905,0.0,0.0,0.0,0.23076923076923078,0.10344827586206896,0.14285714285714288,0.8826987147331238,0.8476128578186035,0.8648000359535217,0.08361321687698364
A cookie will be set if the session has been modified or if the session is permanent and SESSION_REFRESH_EACH_REQUEST is true.,"request, session, g, and current_app are all proxies tied to a context. They only work while the right app or request context is active.",0.12367491166077738,0.2916666666666667,0.28,0.2857142857142857,0.0,0.0,0.0,0.20833333333333334,0.2,0.20408163265306126,0.8351173400878906,0.856510579586029,0.8456786870956421,0.39539676904678345
A cookie will be set if the session has been modified or if the session is permanent and SESSION_REFRESH_EACH_REQUEST is true.,"Flask's session object doesn't notice when you mutate something in place, like appending to a list. You need to manually set session.modified = True when that happens.",0.08064516129032258,0.25,0.20689655172413793,0.22641509433962265,0.0,0.0,0.0,0.20833333333333334,0.1724137931034483,0.18867924528301888,0.8397117853164673,0.8624585866928101,0.8509331941604614,0.4309088885784149
A cookie will be set if the session has been modified or if the session is permanent and SESSION_REFRESH_EACH_REQUEST is true.,Sessions are stored in a signed cookie that normally disappears when the browser closes. Setting permanent to True keeps it alive for as long as PERMANENT_SESSION_LIFETIME says.,0.1413427561837456,0.3333333333333333,0.27586206896551724,0.3018867924528302,0.0,0.0,0.0,0.20833333333333334,0.1724137931034483,0.18867924528301888,0.8627291917800903,0.8545836210250854,0.8586370944976807,0.6943502426147461
A cookie will be set if the session has been modified or if the session is permanent and SESSION_REFRESH_EACH_REQUEST is true.,"Trailing slashes matter for routing. A route defined with a trailing slash will redirect a request without one to the slash version, and a route without a trailing slash returns a 404 if someone requests it with one.",0.07672634271099743,0.25,0.15789473684210525,0.1935483870967742,0.0,0.0,0.0,0.20833333333333334,0.13157894736842105,0.16129032258064516,0.810325026512146,0.8325433135032654,0.8212839961051941,0.07011015713214874
A cookie will be set if the session has been modified or if the session is permanent and SESSION_REFRESH_EACH_REQUEST is true.,"If a route has a default value and also accepts POST, the version with the default should only handle GET, since a redirect can't carry form data along with it.",0.10670731707317073,0.25,0.1935483870967742,0.21818181818181817,0.0,0.0,0.0,0.125,0.0967741935483871,0.10909090909090909,0.8095604181289673,0.8355845212936401,0.8223666548728943,0.22814631462097168
A cookie will be set if the session has been modified or if the session is permanent and SESSION_REFRESH_EACH_REQUEST is true.,"Routes default to handling GET, along with HEAD. OPTIONS gets added automatically unless provide_automatic_options is turned off.",0.049504950495049514,0.041666666666666664,0.05263157894736842,0.04651162790697675,0.0,0.0,0.0,0.041666666666666664,0.05263157894736842,0.04651162790697675,0.8231786489486694,0.8558443188667297,0.8391937017440796,0.3164452314376831
A cookie will be set if the session has been modified or if the session is permanent and SESSION_REFRESH_EACH_REQUEST is true.,"A view's endpoint name comes from its function name unless you set one explicitly, and it automatically gets prefixed with the blueprint's name if it's registered through one.",0.09404388714733541,0.20833333333333334,0.16129032258064516,0.1818181818181818,0.0,0.0,0.0,0.16666666666666666,0.12903225806451613,0.14545454545454548,0.8134037256240845,0.8358612060546875,0.8244795203208923,0.07610958814620972
A cookie will be set if the session has been modified or if the session is permanent and SESSION_REFRESH_EACH_REQUEST is true.,"If a view function has a required_methods attribute, Flask will always include those methods on the route, even if you explicitly set different ones in the route() call.",0.14106583072100312,0.3333333333333333,0.27586206896551724,0.3018867924528302,0.0,0.0,0.0,0.20833333333333334,0.1724137931034483,0.18867924528301888,0.8363069295883179,0.8491083383560181,0.8426589965820312,0.19762301445007324
The expiration time for a permanent session is set to the current time plus the application's permanent session lifetime.,"request, session, g, and current_app are all proxies tied to a context. They only work while the right app or request context is active.",0.10638297872340427,0.3,0.24,0.2666666666666666,0.0,0.0,0.0,0.15,0.12,0.1333333333333333,0.8701798915863037,0.8605291843414307,0.8653275966644287,0.3072924017906189
The expiration time for a permanent session is set to the current time plus the application's permanent session lifetime.,"Flask's session object doesn't notice when you mutate something in place, like appending to a list. You need to manually set session.modified = True when that happens.",0.09708737864077671,0.3,0.20689655172413793,0.24489795918367346,0.0,0.0,0.0,0.15,0.10344827586206896,0.12244897959183673,0.8660156726837158,0.8558514714241028,0.8609035611152649,0.27196192741394043
The expiration time for a permanent session is set to the current time plus the application's permanent session lifetime.,Sessions are stored in a signed cookie that normally disappears when the browser closes. Setting permanent to True keeps it alive for as long as PERMANENT_SESSION_LIFETIME says.,0.14184397163120566,0.5,0.3448275862068966,0.40816326530612246,0.10526315789473684,0.07142857142857142,0.0851063829787234,0.3,0.20689655172413793,0.24489795918367346,0.8842618465423584,0.8391393423080444,0.8611098527908325,0.6725870370864868
The expiration time for a permanent session is set to the current time plus the application's permanent session lifetime.,"Trailing slashes matter for routing. A route defined with a trailing slash will redirect a request without one to the slash version, and a route without a trailing slash returns a 404 if someone requests it with one.",0.06410256410256411,0.2,0.10526315789473684,0.13793103448275862,0.05263157894736842,0.02702702702702703,0.03571428571428572,0.2,0.10526315789473684,0.13793103448275862,0.8532146215438843,0.8368507623672485,0.8449534177780151,0.030800454318523407
The expiration time for a permanent session is set to the current time plus the application's permanent session lifetime.,"If a route has a default value and also accepts POST, the version with the default should only handle GET, since a redirect can't carry form data along with it.",0.061162079510703356,0.15,0.0967741935483871,0.11764705882352941,0.0,0.0,0.0,0.15,0.0967741935483871,0.11764705882352941,0.8536525368690491,0.8385271430015564,0.8460222482681274,0.08654923737049103
The expiration time for a permanent session is set to the current time plus the application's permanent session lifetime.,"Routes default to handling GET, along with HEAD. OPTIONS gets added automatically unless provide_automatic_options is turned off.",0.0746268656716418,0.1,0.10526315789473684,0.10256410256410256,0.0,0.0,0.0,0.05,0.05263157894736842,0.05128205128205128,0.8493990302085876,0.8408874273300171,0.8451218008995056,0.1086440235376358
The expiration time for a permanent session is set to the current time plus the application's permanent session lifetime.,"A view's endpoint name comes from its function name unless you set one explicitly, and it automatically gets prefixed with the blueprint's name if it's registered through one.",0.07861635220125786,0.2,0.12903225806451613,0.1568627450980392,0.0,0.0,0.0,0.2,0.12903225806451613,0.1568627450980392,0.8667503595352173,0.8439022898674011,0.8551737666130066,0.11278045177459717
The expiration time for a permanent session is set to the current time plus the application's permanent session lifetime.,"If a view function has a required_methods attribute, Flask will always include those methods on the route, even if you explicitly set different ones in the route() call.",0.07861635220125786,0.2,0.13793103448275862,0.16326530612244897,0.0,0.0,0.0,0.15,0.10344827586206896,0.12244897959183673,0.8572885990142822,0.8428391218185425,0.8500024080276489,0.03807307034730911
"If the session cannot be opened due to a configuration error, a null session will be created.","request, session, g, and current_app are all proxies tied to a context. They only work while the right app or request context is active.",0.10676156583629894,0.23529411764705882,0.16,0.19047619047619052,0.0625,0.041666666666666664,0.05,0.17647058823529413,0.12,0.14285714285714282,0.8757379055023193,0.8520513772964478,0.8637322783470154,0.30807948112487793
"If the session cannot be opened due to a configuration error, a null session will be created.","Flask's session object doesn't notice when you mutate something in place, like appending to a list. You need to manually set session.modified = True when that happens.",0.08116883116883117,0.23529411764705882,0.13793103448275862,0.17391304347826086,0.0625,0.03571428571428571,0.045454545454545456,0.23529411764705882,0.13793103448275862,0.17391304347826086,0.8806782960891724,0.8572192192077637,0.8687904477119446,0.23812295496463776
"If the session cannot be opened due to a configuration error, a null session will be created.",Sessions are stored in a signed cookie that normally disappears when the browser closes. Setting permanent to True keeps it alive for as long as PERMANENT_SESSION_LIFETIME says.,0.08896797153024912,0.29411764705882354,0.1724137931034483,0.2173913043478261,0.0,0.0,0.0,0.17647058823529413,0.10344827586206896,0.13043478260869565,0.8791961669921875,0.8206201791763306,0.8488988876342773,0.5077675580978394
"If the session cannot be opened due to a configuration error, a null session will be created.","Trailing slashes matter for routing. A route defined with a trailing slash will redirect a request without one to the slash version, and a route without a trailing slash returns a 404 if someone requests it with one.",0.10282776349614396,0.35294117647058826,0.15789473684210525,0.21818181818181817,0.0,0.0,0.0,0.17647058823529413,0.07894736842105263,0.10909090909090909,0.8819847106933594,0.8429557085037231,0.8620287179946899,0.12875302135944366
"If the session cannot be opened due to a configuration error, a null session will be created.","If a route has a default value and also accepts POST, the version with the default should only handle GET, since a redirect can't carry form data along with it.",0.09202453987730061,0.23529411764705882,0.12903225806451613,0.16666666666666666,0.0,0.0,0.0,0.17647058823529413,0.0967741935483871,0.125,0.8798523545265198,0.844894289970398,0.8620190024375916,0.20348617434501648
"If the session cannot be opened due to a configuration error, a null session will be created.","Routes default to handling GET, along with HEAD. OPTIONS gets added automatically unless provide_automatic_options is turned off.",0.075,0.058823529411764705,0.05263157894736842,0.05555555555555555,0.0,0.0,0.0,0.058823529411764705,0.05263157894736842,0.05555555555555555,0.8625882863998413,0.839066743850708,0.8506649136543274,0.20689189434051514
"If the session cannot be opened due to a configuration error, a null session will be created.","A view's endpoint name comes from its function name unless you set one explicitly, and it automatically gets prefixed with the blueprint's name if it's registered through one.",0.07886435331230285,0.17647058823529413,0.0967741935483871,0.125,0.0,0.0,0.0,0.058823529411764705,0.03225806451612903,0.041666666666666664,0.8721567988395691,0.8415570259094238,0.8565837144851685,0.10300476849079132
"If the session cannot be opened due to a configuration error, a null session will be created.","If a view function has a required_methods attribute, Flask will always include those methods on the route, even if you explicitly set different ones in the route() call.",0.11041009463722397,0.29411764705882354,0.1724137931034483,0.2173913043478261,0.0,0.0,0.0,0.23529411764705882,0.13793103448275862,0.17391304347826086,0.8841835260391235,0.853083610534668,0.8683552145957947,0.0953468307852745
The session cookie name is determined by the SESSION_COOKIE_NAME configuration value.,"request, session, g, and current_app are all proxies tied to a context. They only work while the right app or request context is active.",0.07326007326007326,0.23076923076923078,0.12,0.15789473684210525,0.0,0.0,0.0,0.15384615384615385,0.08,0.10526315789473685,0.8544371128082275,0.8509968519210815,0.8527135252952576,0.36212873458862305
The session cookie name is determined by the SESSION_COOKIE_NAME configuration value.,"Flask's session object doesn't notice when you mutate something in place, like appending to a list. You need to manually set session.modified = True when that happens.",0.05,0.15384615384615385,0.06896551724137931,0.09523809523809525,0.0,0.0,0.0,0.15384615384615385,0.06896551724137931,0.09523809523809525,0.8514075875282288,0.8455881476402283,0.848487913608551,0.3051372766494751
The session cookie name is determined by the SESSION_COOKIE_NAME configuration value.,Sessions are stored in a signed cookie that normally disappears when the browser closes. Setting permanent to True keeps it alive for as long as PERMANENT_SESSION_LIFETIME says.,0.07326007326007326,0.3076923076923077,0.13793103448275862,0.1904761904761905,0.0,0.0,0.0,0.3076923076923077,0.13793103448275862,0.1904761904761905,0.8866474628448486,0.8435885906219482,0.8645822405815125,0.5254843235015869
The session cookie name is determined by the SESSION_COOKIE_NAME configuration value.,"Trailing slashes matter for routing. A route defined with a trailing slash will redirect a request without one to the slash version, and a route without a trailing slash returns a 404 if someone requests it with one.",0.026246719160104983,0.07692307692307693,0.02631578947368421,0.0392156862745098,0.0,0.0,0.0,0.07692307692307693,0.02631578947368421,0.0392156862745098,0.8188258409500122,0.8266357183456421,0.822712242603302,0.06662628054618835
The session cookie name is determined by the SESSION_COOKIE_NAME configuration value.,"If a route has a default value and also accepts POST, the version with the default should only handle GET, since a redirect can't carry form data along with it.",0.06289308176100629,0.23076923076923078,0.0967741935483871,0.13636363636363635,0.0,0.0,0.0,0.15384615384615385,0.06451612903225806,0.09090909090909091,0.8245933055877686,0.8317669630050659,0.8281645774841309,0.13103535771369934
The session cookie name is determined by the SESSION_COOKIE_NAME configuration value.,"Routes default to handling GET, along with HEAD. OPTIONS gets added automatically unless provide_automatic_options is turned off.",0.05208333333333333,0.07692307692307693,0.05263157894736842,0.0625,0.0,0.0,0.0,0.07692307692307693,0.05263157894736842,0.0625,0.8431053757667542,0.8488155603408813,0.8459507822990417,0.19870568811893463
The session cookie name is determined by the SESSION_COOKIE_NAME configuration value.,"A view's endpoint name comes from its function name unless you set one explicitly, and it automatically gets prefixed with the blueprint's name if it's registered through one.",0.04854368932038835,0.23076923076923078,0.0967741935483871,0.13636363636363635,0.0,0.0,0.0,0.23076923076923078,0.0967741935483871,0.13636363636363635,0.8463432192802429,0.8461848497390747,0.8462640643119812,0.2575637698173523
The session cookie name is determined by the SESSION_COOKIE_NAME configuration value.,"If a view function has a required_methods attribute, Flask will always include those methods on the route, even if you explicitly set different ones in the route() call.",0.06472491909385113,0.15384615384615385,0.06896551724137931,0.09523809523809525,0.0,0.0,0.0,0.15384615384615385,0.06896551724137931,0.09523809523809525,0.8533118963241577,0.8423136472702026,0.8477771282196045,0.08437585830688477
The session cookie domain is determined by the SESSION_COOKIE_DOMAIN configuration value.,"request, session, g, and current_app are all proxies tied to a context. They only work while the right app or request context is active.",0.07326007326007326,0.23076923076923078,0.12,0.15789473684210525,0.0,0.0,0.0,0.15384615384615385,0.08,0.10526315789473685,0.8494665622711182,0.8522345423698425,0.8508482575416565,0.4234239161014557
The session cookie domain is determined by the SESSION_COOKIE_DOMAIN configuration value.,"Flask's session object doesn't notice when you mutate something in place, like appending to a list. You need to manually set session.modified = True when that happens.",0.03333333333333333,0.15384615384615385,0.06896551724137931,0.09523809523809525,0.0,0.0,0.0,0.15384615384615385,0.06896551724137931,0.09523809523809525,0.8462374210357666,0.8464648723602295,0.846351146697998,0.2436230480670929
The session cookie domain is determined by the SESSION_COOKIE_DOMAIN configuration value.,Sessions are stored in a signed cookie that normally disappears when the browser closes. Setting permanent to True keeps it alive for as long as PERMANENT_SESSION_LIFETIME says.,0.07326007326007326,0.3076923076923077,0.13793103448275862,0.1904761904761905,0.0,0.0,0.0,0.3076923076923077,0.13793103448275862,0.1904761904761905,0.8789200186729431,0.8433092832565308,0.8607465028762817,0.5422564744949341
The session cookie domain is determined by the SESSION_COOKIE_DOMAIN configuration value.,"Trailing slashes matter for routing. A route defined with a trailing slash will redirect a request without one to the slash version, and a route without a trailing slash returns a 404 if someone requests it with one.",0.026246719160104983,0.07692307692307693,0.02631578947368421,0.0392156862745098,0.0,0.0,0.0,0.07692307692307693,0.02631578947368421,0.0392156862745098,0.8195250630378723,0.8299052119255066,0.8246824741363525,0.0722314715385437
The session cookie domain is determined by the SESSION_COOKIE_DOMAIN configuration value.,"If a route has a default value and also accepts POST, the version with the default should only handle GET, since a redirect can't carry form data along with it.",0.06289308176100629,0.23076923076923078,0.0967741935483871,0.13636363636363635,0.0,0.0,0.0,0.15384615384615385,0.06451612903225806,0.09090909090909091,0.8228843808174133,0.835053026676178,0.8289240598678589,0.15806838870048523
The session cookie domain is determined by the SESSION_COOKIE_DOMAIN configuration value.,"Routes default to handling GET, along with HEAD. OPTIONS gets added automatically unless provide_automatic_options is turned off.",0.05208333333333333,0.07692307692307693,0.05263157894736842,0.0625,0.0,0.0,0.0,0.07692307692307693,0.05263157894736842,0.0625,0.8373911380767822,0.8508408665657043,0.8440625071525574,0.20606672763824463
The session cookie domain is determined by the SESSION_COOKIE_DOMAIN configuration value.,"A view's endpoint name comes from its function name unless you set one explicitly, and it automatically gets prefixed with the blueprint's name if it's registered through one.",0.032362459546925564,0.07692307692307693,0.03225806451612903,0.045454545454545456,0.0,0.0,0.0,0.07692307692307693,0.03225806451612903,0.045454545454545456,0.835637629032135,0.8378585577011108,0.8367465734481812,0.15848524868488312
The session cookie domain is determined by the SESSION_COOKIE_DOMAIN configuration value.,"If a view function has a required_methods attribute, Flask will always include those methods on the route, even if you explicitly set different ones in the route() call.",0.04854368932038835,0.15384615384615385,0.06896551724137931,0.09523809523809525,0.0,0.0,0.0,0.15384615384615385,0.06896551724137931,0.09523809523809525,0.8488348722457886,0.8435989618301392,0.8462088108062744,0.05346274375915527
The session cookie path is determined by the SESSION_COOKIE_PATH configuration value or falls back to APPLICATION_ROOT or '/' if not set.,"request, session, g, and current_app are all proxies tied to a context. They only work while the right app or request context is active.",0.10563380281690139,0.21739130434782608,0.2,0.20833333333333331,0.0,0.0,0.0,0.13043478260869565,0.12,0.12499999999999997,0.8285239934921265,0.859623908996582,0.8437874913215637,0.5015815496444702
The session cookie path is determined by the SESSION_COOKIE_PATH configuration value or falls back to APPLICATION_ROOT or '/' if not set.,"Flask's session object doesn't notice when you mutate something in place, like appending to a list. You need to manually set session.modified = True when that happens.",0.06430868167202572,0.17391304347826086,0.13793103448275862,0.15384615384615385,0.0,0.0,0.0,0.13043478260869565,0.10344827586206896,0.11538461538461538,0.8298969268798828,0.8564095497131348,0.8429448008537292,0.341317355632782
The session cookie path is determined by the SESSION_COOKIE_PATH configuration value or falls back to APPLICATION_ROOT or '/' if not set.,Sessions are stored in a signed cookie that normally disappears when the browser closes. Setting permanent to True keeps it alive for as long as PERMANENT_SESSION_LIFETIME says.,0.10563380281690139,0.2608695652173913,0.20689655172413793,0.23076923076923075,0.0,0.0,0.0,0.17391304347826086,0.13793103448275862,0.15384615384615385,0.8479726314544678,0.8473466038703918,0.8476595282554626,0.5286227464675903
The session cookie path is determined by the SESSION_COOKIE_PATH configuration value or falls back to APPLICATION_ROOT or '/' if not set.,"Trailing slashes matter for routing. A route defined with a trailing slash will redirect a request without one to the slash version, and a route without a trailing slash returns a 404 if someone requests it with one.",0.06377551020408163,0.13043478260869565,0.07894736842105263,0.09836065573770492,0.0,0.0,0.0,0.08695652173913043,0.05263157894736842,0.06557377049180328,0.8121556043624878,0.8376179933547974,0.8246903419494629,0.27287757396698
The session cookie path is determined by the SESSION_COOKIE_PATH configuration value or falls back to APPLICATION_ROOT or '/' if not set.,"If a route has a default value and also accepts POST, the version with the default should only handle GET, since a redirect can't carry form data along with it.",0.07598784194528875,0.17391304347826086,0.12903225806451613,0.14814814814814814,0.0,0.0,0.0,0.08695652173913043,0.06451612903225806,0.07407407407407407,0.8102508187294006,0.8388491868972778,0.8243020176887512,0.2593167722225189
The session cookie path is determined by the SESSION_COOKIE_PATH configuration value or falls back to APPLICATION_ROOT or '/' if not set.,"Routes default to handling GET, along with HEAD. OPTIONS gets added automatically unless provide_automatic_options is turned off.",0.07389162561576354,0.08695652173913043,0.10526315789473684,0.09523809523809525,0.0,0.0,0.0,0.043478260869565216,0.05263157894736842,0.04761904761904762,0.827311635017395,0.8603456020355225,0.843505322933197,0.31962135434150696
The session cookie path is determined by the SESSION_COOKIE_PATH configuration value or falls back to APPLICATION_ROOT or '/' if not set.,"A view's endpoint name comes from its function name unless you set one explicitly, and it automatically gets prefixed with the blueprint's name if it's registered through one.",0.078125,0.13043478260869565,0.0967741935483871,0.1111111111111111,0.0,0.0,0.0,0.08695652173913043,0.06451612903225806,0.07407407407407407,0.8269591331481934,0.8525234460830688,0.8395467400550842,0.16681192815303802
The session cookie path is determined by the SESSION_COOKIE_PATH configuration value or falls back to APPLICATION_ROOT or '/' if not set.,"If a view function has a required_methods attribute, Flask will always include those methods on the route, even if you explicitly set different ones in the route() call.",0.078125,0.17391304347826086,0.13793103448275862,0.15384615384615385,0.0,0.0,0.0,0.13043478260869565,0.10344827586206896,0.11538461538461538,0.8357101678848267,0.8528288006782532,0.8441826701164246,0.189932718873024
The session cookie is marked as HttpOnly based on the SESSION_COOKIE_HTTPONLY configuration value.,"request, session, g, and current_app are all proxies tied to a context. They only work while the right app or request context is active.",0.09090909090909093,0.2,0.12,0.15,0.0,0.0,0.0,0.13333333333333333,0.08,0.1,0.8312946557998657,0.8514085412025452,0.8412313461303711,0.3676859736442566
The session cookie is marked as HttpOnly based on the SESSION_COOKIE_HTTPONLY configuration value.,"Flask's session object doesn't notice when you mutate something in place, like appending to a list. You need to manually set session.modified = True when that happens.",0.06622516556291391,0.13333333333333333,0.06896551724137931,0.09090909090909091,0.0,0.0,0.0,0.13333333333333333,0.06896551724137931,0.09090909090909091,0.8275226950645447,0.8484131097793579,0.8378376960754395,0.3267577886581421
The session cookie is marked as HttpOnly based on the SESSION_COOKIE_HTTPONLY configuration value.,Sessions are stored in a signed cookie that normally disappears when the browser closes. Setting permanent to True keeps it alive for as long as PERMANENT_SESSION_LIFETIME says.,0.10909090909090909,0.3333333333333333,0.1724137931034483,0.22727272727272724,0.0,0.0,0.0,0.26666666666666666,0.13793103448275862,0.18181818181818182,0.8553321957588196,0.8439839482307434,0.8496201634407043,0.5367002487182617
The session cookie is marked as HttpOnly based on the SESSION_COOKIE_HTTPONLY configuration value.,"Trailing slashes matter for routing. A route defined with a trailing slash will redirect a request without one to the slash version, and a route without a trailing slash returns a 404 if someone requests it with one.",0.0391644908616188,0.06666666666666667,0.02631578947368421,0.03773584905660377,0.0,0.0,0.0,0.06666666666666667,0.02631578947368421,0.03773584905660377,0.8043663501739502,0.8269292116165161,0.8154917359352112,0.1370120793581009
The session cookie is marked as HttpOnly based on the SESSION_COOKIE_HTTPONLY configuration value.,"If a route has a default value and also accepts POST, the version with the default should only handle GET, since a redirect can't carry form data along with it.",0.09375,0.2,0.0967741935483871,0.13043478260869568,0.0,0.0,0.0,0.13333333333333333,0.06451612903225806,0.08695652173913043,0.8156049251556396,0.836553692817688,0.8259464502334595,0.17277249693870544
The session cookie is marked as HttpOnly based on the SESSION_COOKIE_HTTPONLY configuration value.,"Routes default to handling GET, along with HEAD. OPTIONS gets added automatically unless provide_automatic_options is turned off.",0.07731958762886598,0.06666666666666667,0.05263157894736842,0.058823529411764705,0.0,0.0,0.0,0.06666666666666667,0.05263157894736842,0.058823529411764705,0.8282948136329651,0.8543093204498291,0.8411009907722473,0.236497163772583
The session cookie is marked as HttpOnly based on the SESSION_COOKIE_HTTPONLY configuration value.,"A view's endpoint name comes from its function name unless you set one explicitly, and it automatically gets prefixed with the blueprint's name if it's registered through one.",0.06430868167202572,0.06666666666666667,0.03225806451612903,0.043478260869565216,0.0,0.0,0.0,0.06666666666666667,0.03225806451612903,0.043478260869565216,0.8124294877052307,0.8304958939552307,0.8213633298873901,0.12475930154323578
The session cookie is marked as HttpOnly based on the SESSION_COOKIE_HTTPONLY configuration value.,"If a view function has a required_methods attribute, Flask will always include those methods on the route, even if you explicitly set different ones in the route() call.",0.09646302250803859,0.2,0.10344827586206896,0.13636363636363635,0.07142857142857142,0.03571428571428571,0.047619047619047616,0.13333333333333333,0.06896551724137931,0.09090909090909091,0.8296162486076355,0.8438845872879028,0.8366895914077759,0.14607928693294525
The session cookie is marked as secure based on the SESSION_COOKIE_SECURE configuration value.,"request, session, g, and current_app are all proxies tied to a context. They only work while the right app or request context is active.",0.09090909090909093,0.2,0.12,0.15,0.0,0.0,0.0,0.13333333333333333,0.08,0.1,0.8438831567764282,0.8513633012771606,0.8476067185401917,0.29504770040512085
The session cookie is marked as secure based on the SESSION_COOKIE_SECURE configuration value.,"Flask's session object doesn't notice when you mutate something in place, like appending to a list. You need to manually set session.modified = True when that happens.",0.06622516556291391,0.13333333333333333,0.06896551724137931,0.09090909090909091,0.0,0.0,0.0,0.13333333333333333,0.06896551724137931,0.09090909090909091,0.844188928604126,0.8493428230285645,0.8467580080032349,0.28342217206954956
The session cookie is marked as secure based on the SESSION_COOKIE_SECURE configuration value.,Sessions are stored in a signed cookie that normally disappears when the browser closes. Setting permanent to True keeps it alive for as long as PERMANENT_SESSION_LIFETIME says.,0.10909090909090909,0.3333333333333333,0.1724137931034483,0.22727272727272724,0.0,0.0,0.0,0.26666666666666666,0.13793103448275862,0.18181818181818182,0.881742537021637,0.8518816828727722,0.8665549159049988,0.5037623643875122
The session cookie is marked as secure based on the SESSION_COOKIE_SECURE configuration value.,"Trailing slashes matter for routing. A route defined with a trailing slash will redirect a request without one to the slash version, and a route without a trailing slash returns a 404 if someone requests it with one.",0.0391644908616188,0.06666666666666667,0.02631578947368421,0.03773584905660377,0.0,0.0,0.0,0.06666666666666667,0.02631578947368421,0.03773584905660377,0.8131836652755737,0.8274456858634949,0.8202527165412903,-0.01210349053144455
The session cookie is marked as secure based on the SESSION_COOKIE_SECURE configuration value.,"If a route has a default value and also accepts POST, the version with the default should only handle GET, since a redirect can't carry form data along with it.",0.09375,0.2,0.0967741935483871,0.13043478260869568,0.0,0.0,0.0,0.13333333333333333,0.06451612903225806,0.08695652173913043,0.8184833526611328,0.8344162702560425,0.8263729810714722,0.13461022078990936
The session cookie is marked as secure based on the SESSION_COOKIE_SECURE configuration value.,"Routes default to handling GET, along with HEAD. OPTIONS gets added automatically unless provide_automatic_options is turned off.",0.07731958762886598,0.06666666666666667,0.05263157894736842,0.058823529411764705,0.0,0.0,0.0,0.06666666666666667,0.05263157894736842,0.058823529411764705,0.8399287462234497,0.854006290435791,0.8469089865684509,0.16729460656642914
The session cookie is marked as secure based on the SESSION_COOKIE_SECURE configuration value.,"A view's endpoint name comes from its function name unless you set one explicitly, and it automatically gets prefixed with the blueprint's name if it's registered through one.",0.06430868167202572,0.06666666666666667,0.03225806451612903,0.043478260869565216,0.0,0.0,0.0,0.06666666666666667,0.03225806451612903,0.043478260869565216,0.8234210014343262,0.8303442597389221,0.8268681764602661,0.07841882109642029
The session cookie is marked as secure based on the SESSION_COOKIE_SECURE configuration value.,"If a view function has a required_methods attribute, Flask will always include those methods on the route, even if you explicitly set different ones in the route() call.",0.09646302250803859,0.2,0.10344827586206896,0.13636363636363635,0.07142857142857142,0.03571428571428571,0.047619047619047616,0.13333333333333333,0.06896551724137931,0.09090909090909091,0.8463762402534485,0.8444475531578064,0.8454108238220215,0.10189332813024521
The SameSite attribute for the session cookie is determined by the SESSION_COOKIE_SAMESITE configuration value.,"request, session, g, and current_app are all proxies tied to a context. They only work while the right app or request context is active.",0.07246376811594203,0.1875,0.12,0.14634146341463414,0.0,0.0,0.0,0.125,0.08,0.09756097560975609,0.8317239284515381,0.8532150387763977,0.8423324823379517,0.3642236888408661
The SameSite attribute for the session cookie is determined by the SESSION_COOKIE_SAMESITE configuration value.,"Flask's session object doesn't notice when you mutate something in place, like appending to a list. You need to manually set session.modified = True when that happens.",0.033003300330033,0.125,0.06896551724137931,0.08888888888888889,0.0,0.0,0.0,0.125,0.06896551724137931,0.08888888888888889,0.8362449407577515,0.8517860174179077,0.8439438939094543,0.27321845293045044
The SameSite attribute for the session cookie is determined by the SESSION_COOKIE_SAMESITE configuration value.,Sessions are stored in a signed cookie that normally disappears when the browser closes. Setting permanent to True keeps it alive for as long as PERMANENT_SESSION_LIFETIME says.,0.09057971014492755,0.3125,0.1724137931034483,0.22222222222222224,0.0,0.0,0.0,0.25,0.13793103448275862,0.17777777777777778,0.8658536076545715,0.8417220115661621,0.8536173105239868,0.5053181648254395
The SameSite attribute for the session cookie is determined by the SESSION_COOKIE_SAMESITE configuration value.,"Trailing slashes matter for routing. A route defined with a trailing slash will redirect a request without one to the slash version, and a route without a trailing slash returns a 404 if someone requests it with one.",0.03906249999999999,0.125,0.05263157894736842,0.07407407407407407,0.0,0.0,0.0,0.125,0.05263157894736842,0.07407407407407407,0.809023380279541,0.8333117961883545,0.8209879398345947,0.08136914670467377
The SameSite attribute for the session cookie is determined by the SESSION_COOKIE_SAMESITE configuration value.,"If a route has a default value and also accepts POST, the version with the default should only handle GET, since a redirect can't carry form data along with it.",0.06230529595015576,0.1875,0.0967741935483871,0.12765957446808507,0.0,0.0,0.0,0.125,0.06451612903225806,0.0851063829787234,0.8135558366775513,0.8399767279624939,0.8265552520751953,0.19903068244457245
The SameSite attribute for the session cookie is determined by the SESSION_COOKIE_SAMESITE configuration value.,"Routes default to handling GET, along with HEAD. OPTIONS gets added automatically unless provide_automatic_options is turned off.",0.05128205128205128,0.0625,0.05263157894736842,0.05714285714285714,0.0,0.0,0.0,0.0625,0.05263157894736842,0.05714285714285714,0.8243445754051208,0.8502558469772339,0.8370997309684753,0.20844745635986328
The SameSite attribute for the session cookie is determined by the SESSION_COOKIE_SAMESITE configuration value.,"A view's endpoint name comes from its function name unless you set one explicitly, and it automatically gets prefixed with the blueprint's name if it's registered through one.",0.03205128205128205,0.0625,0.03225806451612903,0.0425531914893617,0.0,0.0,0.0,0.0625,0.03225806451612903,0.0425531914893617,0.8234068155288696,0.8368275761604309,0.8300629258155823,0.1443120241165161
The SameSite attribute for the session cookie is determined by the SESSION_COOKIE_SAMESITE configuration value.,"If a view function has a required_methods attribute, Flask will always include those methods on the route, even if you explicitly set different ones in the route() call.",0.0641025641025641,0.1875,0.10344827586206896,0.13333333333333333,0.0,0.0,0.0,0.1875,0.10344827586206896,0.13333333333333333,0.8401577472686768,0.850440263748169,0.8452677726745605,0.08970656991004944
The session cookie can be partitioned based on the SESSION_COOKIE_PARTITIONED configuration value.,"request, session, g, and current_app are all proxies tied to a context. They only work while the right app or request context is active.",0.05474452554744526,0.14285714285714285,0.08,0.10256410256410256,0.0,0.0,0.0,0.14285714285714285,0.08,0.10256410256410256,0.844030499458313,0.856451153755188,0.8501954674720764,0.2985316514968872
The session cookie can be partitioned based on the SESSION_COOKIE_PARTITIONED configuration value.,"Flask's session object doesn't notice when you mutate something in place, like appending to a list. You need to manually set session.modified = True when that happens.",0.03322259136212624,0.14285714285714285,0.06896551724137931,0.09302325581395349,0.0,0.0,0.0,0.14285714285714285,0.06896551724137931,0.09302325581395349,0.8494369983673096,0.8580625057220459,0.8537279367446899,0.2988775968551636
The session cookie can be partitioned based on the SESSION_COOKIE_PARTITIONED configuration value.,Sessions are stored in a signed cookie that normally disappears when the browser closes. Setting permanent to True keeps it alive for as long as PERMANENT_SESSION_LIFETIME says.,0.07299270072992702,0.2857142857142857,0.13793103448275862,0.18604651162790697,0.0,0.0,0.0,0.2857142857142857,0.13793103448275862,0.18604651162790697,0.8825891017913818,0.8540616631507874,0.8680911064147949,0.4572979211807251
The session cookie can be partitioned based on the SESSION_COOKIE_PARTITIONED configuration value.,"Trailing slashes matter for routing. A route defined with a trailing slash will redirect a request without one to the slash version, and a route without a trailing slash returns a 404 if someone requests it with one.",0.02617801047120419,0.07142857142857142,0.02631578947368421,0.038461538461538464,0.0,0.0,0.0,0.07142857142857142,0.02631578947368421,0.038461538461538464,0.8169932961463928,0.8322566747665405,0.8245543837547302,-0.07651574164628983
The session cookie can be partitioned based on the SESSION_COOKIE_PARTITIONED configuration value.,"If a route has a default value and also accepts POST, the version with the default should only handle GET, since a redirect can't carry form data along with it.",0.07836990595611285,0.2857142857142857,0.12903225806451613,0.17777777777777778,0.0,0.0,0.0,0.14285714285714285,0.06451612903225806,0.08888888888888889,0.8218502998352051,0.8416880369186401,0.8316509127616882,0.08708666265010834
The session cookie can be partitioned based on the SESSION_COOKIE_PARTITIONED configuration value.,"Routes default to handling GET, along with HEAD. OPTIONS gets added automatically unless provide_automatic_options is turned off.",0.05181347150259067,0.0,0.0,0.0,0.0,0.0,0.0,0.0,0.0,0.0,0.8398518562316895,0.8568926453590393,0.8482867479324341,0.12690967321395874
The session cookie can be partitioned based on the SESSION_COOKIE_PARTITIONED configuration value.,"A view's endpoint name comes from its function name unless you set one explicitly, and it automatically gets prefixed with the blueprint's name if it's registered through one.",0.03225806451612903,0.07142857142857142,0.03225806451612903,0.044444444444444446,0.0,0.0,0.0,0.07142857142857142,0.03225806451612903,0.044444444444444446,0.829517126083374,0.836670994758606,0.8330786824226379,0.02290605939924717
The session cookie can be partitioned based on the SESSION_COOKIE_PARTITIONED configuration value.,"If a view function has a required_methods attribute, Flask will always include those methods on the route, even if you explicitly set different ones in the route() call.",0.06451612903225806,0.21428571428571427,0.10344827586206896,0.1395348837209302,0.07692307692307693,0.03571428571428571,0.04878048780487805,0.14285714285714285,0.06896551724137931,0.09302325581395349,0.8520370721817017,0.8512750267982483,0.8516558408737183,0.09290608763694763
"The response method requires either positional or keyword arguments, but not both.","request, session, g, and current_app are all proxies tied to a context. They only work while the right app or request context is active.",0.07272727272727274,0.16666666666666666,0.08,0.10810810810810811,0.0,0.0,0.0,0.16666666666666666,0.08,0.10810810810810811,0.8635687828063965,0.8489660024642944,0.8562051057815552,0.18887801468372345
"The response method requires either positional or keyword arguments, but not both.","Flask's session object doesn't notice when you mutate something in place, like appending to a list. You need to manually set session.modified = True when that happens.",0.033112582781456956,0.0,0.0,0.0,0.0,0.0,0.0,0.0,0.0,0.0,0.8573397397994995,0.8438641428947449,0.8505485653877258,0.054320987313985825
"The response method requires either positional or keyword arguments, but not both.",Sessions are stored in a signed cookie that normally disappears when the browser closes. Setting permanent to True keeps it alive for as long as PERMANENT_SESSION_LIFETIME says.,0.03636363636363637,0.08333333333333333,0.034482758620689655,0.04878048780487805,0.0,0.0,0.0,0.08333333333333333,0.034482758620689655,0.04878048780487805,0.8471370935440063,0.8047918081283569,0.8254217505455017,-0.06283809244632721
"The response method requires either positional or keyword arguments, but not both.","Trailing slashes matter for routing. A route defined with a trailing slash will redirect a request without one to the slash version, and a route without a trailing slash returns a 404 if someone requests it with one.",0.0391644908616188,0.08333333333333333,0.02631578947368421,0.04,0.0,0.0,0.0,0.08333333333333333,0.02631578947368421,0.04,0.8540174961090088,0.8301187753677368,0.8418985605239868,0.181998610496521
"The response method requires either positional or keyword arguments, but not both.","If a route has a default value and also accepts POST, the version with the default should only handle GET, since a redirect can't carry form data along with it.",0.046875,0.08333333333333333,0.03225806451612903,0.046511627906976744,0.0,0.0,0.0,0.08333333333333333,0.03225806451612903,0.046511627906976744,0.8582308292388916,0.8402211666107178,0.8491305112838745,0.25059038400650024
"The response method requires either positional or keyword arguments, but not both.","Routes default to handling GET, along with HEAD. OPTIONS gets added automatically unless provide_automatic_options is turned off.",0.05154639175257732,0.0,0.0,0.0,0.0,0.0,0.0,0.0,0.0,0.0,0.856213390827179,0.8398022651672363,0.8479284644126892,0.2533898949623108
"The response method requires either positional or keyword arguments, but not both.","A view's endpoint name comes from its function name unless you set one explicitly, and it automatically gets prefixed with the blueprint's name if it's registered through one.",0.048231511254019296,0.08333333333333333,0.03225806451612903,0.046511627906976744,0.0,0.0,0.0,0.08333333333333333,0.03225806451612903,0.046511627906976744,0.8615862131118774,0.8267878890037537,0.8438284993171692,0.19415155053138733
"The response method requires either positional or keyword arguments, but not both.","If a view function has a required_methods attribute, Flask will always include those methods on the route, even if you explicitly set different ones in the route() call.",0.06430868167202572,0.25,0.10344827586206896,0.14634146341463414,0.0,0.0,0.0,0.08333333333333333,0.034482758620689655,0.04878048780487805,0.8641557097434998,0.8505361080169678,0.8572918176651001,0.23857425153255463
"If no arguments are provided to the response method, None is serialized.","request, session, g, and current_app are all proxies tied to a context. They only work while the right app or request context is active.",0.10909090909090909,0.3333333333333333,0.16,0.21621621621621623,0.0,0.0,0.0,0.3333333333333333,0.16,0.21621621621621623,0.8576027154922485,0.8448992371559143,0.8512035012245178,0.18089091777801514
"If no arguments are provided to the response method, None is serialized.","Flask's session object doesn't notice when you mutate something in place, like appending to a list. You need to manually set session.modified = True when that happens.",0.049668874172185434,0.08333333333333333,0.034482758620689655,0.04878048780487805,0.0,0.0,0.0,0.08333333333333333,0.034482758620689655,0.04878048780487805,0.8570960760116577,0.8463042974472046,0.8516659736633301,0.09743212163448334
"If no arguments are provided to the response method, None is serialized.",Sessions are stored in a signed cookie that normally disappears when the browser closes. Setting permanent to True keeps it alive for as long as PERMANENT_SESSION_LIFETIME says.,0.07272727272727274,0.25,0.10344827586206896,0.14634146341463414,0.0,0.0,0.0,0.16666666666666666,0.06896551724137931,0.0975609756097561,0.8512190580368042,0.8092724084854126,0.8297159075737,0.008850103244185448
"If no arguments are provided to the response method, None is serialized.","Trailing slashes matter for routing. A route defined with a trailing slash will redirect a request without one to the slash version, and a route without a trailing slash returns a 404 if someone requests it with one.",0.09712793733681462,0.25,0.07894736842105263,0.11999999999999998,0.09090909090909091,0.02702702702702703,0.04166666666666667,0.16666666666666666,0.05263157894736842,0.08,0.8576810359954834,0.8337863087654114,0.8455649018287659,0.18029461801052094
"If no arguments are provided to the response method, None is serialized.","If a route has a default value and also accepts POST, the version with the default should only handle GET, since a redirect can't carry form data along with it.",0.0625,0.16666666666666666,0.06451612903225806,0.09302325581395349,0.0,0.0,0.0,0.16666666666666666,0.06451612903225806,0.09302325581395349,0.8612824082374573,0.837395191192627,0.8491708636283875,0.2520204186439514
"If no arguments are provided to the response method, None is serialized.","Routes default to handling GET, along with HEAD. OPTIONS gets added automatically unless provide_automatic_options is turned off.",0.10309278350515463,0.25,0.15789473684210525,0.1935483870967742,0.0,0.0,0.0,0.16666666666666666,0.10526315789473684,0.12903225806451615,0.8543950319290161,0.8379287719726562,0.8460817933082581,0.21426060795783997
"If no arguments are provided to the response method, None is serialized.","A view's endpoint name comes from its function name unless you set one explicitly, and it automatically gets prefixed with the blueprint's name if it's registered through one.",0.06430868167202572,0.16666666666666666,0.06451612903225806,0.09302325581395349,0.0,0.0,0.0,0.08333333333333333,0.03225806451612903,0.046511627906976744,0.8611092567443848,0.8297522068023682,0.8451399207115173,0.09919866919517517
"If no arguments are provided to the response method, None is serialized.","If a view function has a required_methods attribute, Flask will always include those methods on the route, even if you explicitly set different ones in the route() call.",0.08038585209003216,0.25,0.10344827586206896,0.14634146341463414,0.0,0.0,0.0,0.16666666666666666,0.06896551724137931,0.0975609756097561,0.8722007274627686,0.8584392070770264,0.8652652502059937,0.18517771363258362
The dumps method uses a default function to serialize objects that are not natively serializable to JSON.,"request, session, g, and current_app are all proxies tied to a context. They only work while the right app or request context is active.",0.10752688172043011,0.23529411764705882,0.16,0.19047619047619052,0.0,0.0,0.0,0.11764705882352941,0.08,0.09523809523809526,0.8600348234176636,0.8417667150497437,0.8508027791976929,0.07031689584255219
The dumps method uses a default function to serialize objects that are not natively serializable to JSON.,"Flask's session object doesn't notice when you mutate something in place, like appending to a list. You need to manually set session.modified = True when that happens.",0.09803921568627452,0.29411764705882354,0.1724137931034483,0.2173913043478261,0.0,0.0,0.0,0.17647058823529413,0.10344827586206896,0.13043478260869565,0.8652528524398804,0.8561885952949524,0.8606968522071838,0.07843512296676636
The dumps method uses a default function to serialize objects that are not natively serializable to JSON.,Sessions are stored in a signed cookie that normally disappears when the browser closes. Setting permanent to True keeps it alive for as long as PERMANENT_SESSION_LIFETIME says.,0.10752688172043011,0.29411764705882354,0.1724137931034483,0.2173913043478261,0.0,0.0,0.0,0.17647058823529413,0.10344827586206896,0.13043478260869565,0.8483493328094482,0.8125119805335999,0.8300440311431885,0.0043134503066539764
The dumps method uses a default function to serialize objects that are not natively serializable to JSON.,"Trailing slashes matter for routing. A route defined with a trailing slash will redirect a request without one to the slash version, and a route without a trailing slash returns a 404 if someone requests it with one.",0.0516795865633075,0.17647058823529413,0.07894736842105263,0.10909090909090909,0.0,0.0,0.0,0.11764705882352941,0.05263157894736842,0.07272727272727272,0.8456543684005737,0.8288705348968506,0.8371783494949341,0.03665190190076828
The dumps method uses a default function to serialize objects that are not natively serializable to JSON.,"If a route has a default value and also accepts POST, the version with the default should only handle GET, since a redirect can't carry form data along with it.",0.0617283950617284,0.17647058823529413,0.0967741935483871,0.125,0.0625,0.03333333333333333,0.04347826086956522,0.11764705882352941,0.06451612903225806,0.08333333333333333,0.8628467321395874,0.8491071462631226,0.8559218049049377,0.1077311784029007
The dumps method uses a default function to serialize objects that are not natively serializable to JSON.,"Routes default to handling GET, along with HEAD. OPTIONS gets added automatically unless provide_automatic_options is turned off.",0.07575757575757576,0.11764705882352941,0.10526315789473684,0.1111111111111111,0.0,0.0,0.0,0.11764705882352941,0.10526315789473684,0.1111111111111111,0.8499153852462769,0.8441177606582642,0.8470066785812378,0.15245136618614197
The dumps method uses a default function to serialize objects that are not natively serializable to JSON.,"A view's endpoint name comes from its function name unless you set one explicitly, and it automatically gets prefixed with the blueprint's name if it's registered through one.",0.0634920634920635,0.17647058823529413,0.0967741935483871,0.125,0.0,0.0,0.0,0.11764705882352941,0.06451612903225806,0.08333333333333333,0.8597562313079834,0.8360471725463867,0.8477360010147095,0.09459497034549713
The dumps method uses a default function to serialize objects that are not natively serializable to JSON.,"If a view function has a required_methods attribute, Flask will always include those methods on the route, even if you explicitly set different ones in the route() call.",0.07936507936507937,0.23529411764705882,0.13793103448275862,0.17391304347826086,0.0,0.0,0.0,0.11764705882352941,0.06896551724137931,0.08695652173913043,0.8621578216552734,0.8488220572471619,0.8554379343986511,0.043441034853458405
The ensure_ascii attribute determines whether non-ASCII characters are replaced with escape sequences during JSON serialization.,"request, session, g, and current_app are all proxies tied to a context. They only work while the right app or request context is active.",0.05415162454873646,0.11764705882352941,0.08,0.09523809523809526,0.0,0.0,0.0,0.058823529411764705,0.04,0.04761904761904763,0.841387927532196,0.8449529409408569,0.843166708946228,0.1074037104845047
The ensure_ascii attribute determines whether non-ASCII characters are replaced with escape sequences during JSON serialization.,"Flask's session object doesn't notice when you mutate something in place, like appending to a list. You need to manually set session.modified = True when that happens.",0.01644736842105263,0.0,0.0,0.0,0.0,0.0,0.0,0.0,0.0,0.0,0.8391237258911133,0.8451682925224304,0.8421350717544556,0.1314687430858612
The ensure_ascii attribute determines whether non-ASCII characters are replaced with escape sequences during JSON serialization.,Sessions are stored in a signed cookie that normally disappears when the browser closes. Setting permanent to True keeps it alive for as long as PERMANENT_SESSION_LIFETIME says.,0.05415162454873646,0.11764705882352941,0.06896551724137931,0.08695652173913043,0.0,0.0,0.0,0.058823529411764705,0.034482758620689655,0.043478260869565216,0.8367141485214233,0.8199256062507629,0.8282347917556763,0.05413039028644562
The ensure_ascii attribute determines whether non-ASCII characters are replaced with escape sequences during JSON serialization.,"Trailing slashes matter for routing. A route defined with a trailing slash will redirect a request without one to the slash version, and a route without a trailing slash returns a 404 if someone requests it with one.",0.03896103896103895,0.11764705882352941,0.05263157894736842,0.07272727272727272,0.0,0.0,0.0,0.11764705882352941,0.05263157894736842,0.07272727272727272,0.8265280723571777,0.831825852394104,0.8291684985160828,0.14698143303394318
The ensure_ascii attribute determines whether non-ASCII characters are replaced with escape sequences during JSON serialization.,"If a route has a default value and also accepts POST, the version with the default should only handle GET, since a redirect can't carry form data along with it.",0.046583850931677016,0.11764705882352941,0.06451612903225806,0.08333333333333333,0.0,0.0,0.0,0.11764705882352941,0.06451612903225806,0.08333333333333333,0.8243131637573242,0.8321856260299683,0.8282306790351868,0.13082417845726013
The ensure_ascii attribute determines whether non-ASCII characters are replaced with escape sequences during JSON serialization.,"Routes default to handling GET, along with HEAD. OPTIONS gets added automatically unless provide_automatic_options is turned off.",0.05102040816326531,0.058823529411764705,0.05263157894736842,0.05555555555555555,0.0,0.0,0.0,0.058823529411764705,0.05263157894736842,0.05555555555555555,0.8403674364089966,0.8552592992782593,0.8477479815483093,0.19640246033668518
The ensure_ascii attribute determines whether non-ASCII characters are replaced with escape sequences during JSON serialization.,"A view's endpoint name comes from its function name unless you set one explicitly, and it automatically gets prefixed with the blueprint's name if it's registered through one.",0.04792332268370606,0.11764705882352941,0.06451612903225806,0.08333333333333333,0.0,0.0,0.0,0.058823529411764705,0.03225806451612903,0.041666666666666664,0.8284618854522705,0.8275583982467651,0.8280099034309387,0.10865649580955505
The ensure_ascii attribute determines whether non-ASCII characters are replaced with escape sequences during JSON serialization.,"If a view function has a required_methods attribute, Flask will always include those methods on the route, even if you explicitly set different ones in the route() call.",0.04792332268370606,0.11764705882352941,0.06896551724137931,0.08695652173913043,0.0,0.0,0.0,0.058823529411764705,0.034482758620689655,0.043478260869565216,0.856610894203186,0.8508162498474121,0.8537037372589111,0.12969449162483215
The sort_keys attribute determines whether the keys in serialized dictionaries are sorted.,"request, session, g, and current_app are all proxies tied to a context. They only work while the right app or request context is active.",0.05474452554744526,0.15384615384615385,0.08,0.10526315789473685,0.0,0.0,0.0,0.07692307692307693,0.04,0.052631578947368425,0.8621436953544617,0.8500978946685791,0.8560783863067627,0.07660388946533203
The sort_keys attribute determines whether the keys in serialized dictionaries are sorted.,"Flask's session object doesn't notice when you mutate something in place, like appending to a list. You need to manually set session.modified = True when that happens.",0.03322259136212624,0.07692307692307693,0.034482758620689655,0.04761904761904762,0.0,0.0,0.0,0.07692307692307693,0.034482758620689655,0.04761904761904762,0.8601271510124207,0.8511219620704651,0.855600893497467,0.11174053698778152
The sort_keys attribute determines whether the keys in serialized dictionaries are sorted.,Sessions are stored in a signed cookie that normally disappears when the browser closes. Setting permanent to True keeps it alive for as long as PERMANENT_SESSION_LIFETIME says.,0.07299270072992702,0.23076923076923078,0.10344827586206896,0.14285714285714288,0.0,0.0,0.0,0.07692307692307693,0.034482758620689655,0.04761904761904762,0.8541185259819031,0.8205410242080688,0.8369931578636169,0.030584288761019707
The sort_keys attribute determines whether the keys in serialized dictionaries are sorted.,"Trailing slashes matter for routing. A route defined with a trailing slash will redirect a request without one to the slash version, and a route without a trailing slash returns a 404 if someone requests it with one.",0.02617801047120419,0.07692307692307693,0.02631578947368421,0.0392156862745098,0.0,0.0,0.0,0.07692307692307693,0.02631578947368421,0.0392156862745098,0.8478406667709351,0.832236111164093,0.8399658799171448,0.05569304898381233
The sort_keys attribute determines whether the keys in serialized dictionaries are sorted.,"If a route has a default value and also accepts POST, the version with the default should only handle GET, since a redirect can't carry form data along with it.",0.06269592476489028,0.15384615384615385,0.06451612903225806,0.09090909090909091,0.0,0.0,0.0,0.15384615384615385,0.06451612903225806,0.09090909090909091,0.8439062237739563,0.8336037397384644,0.838723361492157,0.04302052780985832
The sort_keys attribute determines whether the keys in serialized dictionaries are sorted.,"Routes default to handling GET, along with HEAD. OPTIONS gets added automatically unless provide_automatic_options is turned off.",0.025906735751295335,0.0,0.0,0.0,0.0,0.0,0.0,0.0,0.0,0.0,0.8479413986206055,0.8506416082382202,0.8492893576622009,0.17299742996692657
The sort_keys attribute determines whether the keys in serialized dictionaries are sorted.,"A view's endpoint name comes from its function name unless you set one explicitly, and it automatically gets prefixed with the blueprint's name if it's registered through one.",0.04838709677419355,0.07692307692307693,0.03225806451612903,0.045454545454545456,0.0,0.0,0.0,0.07692307692307693,0.03225806451612903,0.045454545454545456,0.8508135080337524,0.8269486427307129,0.8387113213539124,0.08810728043317795
The sort_keys attribute determines whether the keys in serialized dictionaries are sorted.,"If a view function has a required_methods attribute, Flask will always include those methods on the route, even if you explicitly set different ones in the route() call.",0.08064516129032258,0.3076923076923077,0.13793103448275862,0.1904761904761905,0.0,0.0,0.0,0.23076923076923078,0.10344827586206896,0.14285714285714288,0.8769589066505432,0.8576729893684387,0.8672087788581848,0.10368162393569946
The compact attribute controls the formatting of the response output based on the debug mode.,"request, session, g, and current_app are all proxies tied to a context. They only work while the right app or request context is active.",0.036101083032490974,0.06666666666666667,0.04,0.05,0.0,0.0,0.0,0.06666666666666667,0.04,0.05,0.8790688514709473,0.8464794158935547,0.8624663949012756,-0.00603985320776701
The compact attribute controls the formatting of the response output based on the debug mode.,"Flask's session object doesn't notice when you mutate something in place, like appending to a list. You need to manually set session.modified = True when that happens.",0.01644736842105263,0.0,0.0,0.0,0.0,0.0,0.0,0.0,0.0,0.0,0.8724485635757446,0.8461343050003052,0.8590899705886841,-0.045228369534015656
The compact attribute controls the formatting of the response output based on the debug mode.,Sessions are stored in a signed cookie that normally disappears when the browser closes. Setting permanent to True keeps it alive for as long as PERMANENT_SESSION_LIFETIME says.,0.036101083032490974,0.06666666666666667,0.034482758620689655,0.045454545454545456,0.0,0.0,0.0,0.06666666666666667,0.034482758620689655,0.045454545454545456,0.8695183396339417,0.8113727569580078,0.839439868927002,0.03190070018172264
The compact attribute controls the formatting of the response output based on the debug mode.,"Trailing slashes matter for routing. A route defined with a trailing slash will redirect a request without one to the slash version, and a route without a trailing slash returns a 404 if someone requests it with one.",0.025974025974025972,0.06666666666666667,0.02631578947368421,0.03773584905660377,0.0,0.0,0.0,0.06666666666666667,0.02631578947368421,0.03773584905660377,0.8701425790786743,0.8327858448028564,0.8510544300079346,0.020766891539096832
The compact attribute controls the formatting of the response output based on the debug mode.,"If a route has a default value and also accepts POST, the version with the default should only handle GET, since a redirect can't carry form data along with it.",0.062111801242236024,0.13333333333333333,0.06451612903225806,0.08695652173913043,0.0,0.0,0.0,0.13333333333333333,0.06451612903225806,0.08695652173913043,0.8662266135215759,0.833480715751648,0.849538266658783,0.06869219243526459
The compact attribute controls the formatting of the response output based on the debug mode.,"Routes default to handling GET, along with HEAD. OPTIONS gets added automatically unless provide_automatic_options is turned off.",0.05102040816326531,0.0,0.0,0.0,0.0,0.0,0.0,0.0,0.0,0.0,0.8648108243942261,0.8362521529197693,0.8502917885780334,0.12116602063179016
The compact attribute controls the formatting of the response output based on the debug mode.,"A view's endpoint name comes from its function name unless you set one explicitly, and it automatically gets prefixed with the blueprint's name if it's registered through one.",0.03194888178913738,0.06666666666666667,0.03225806451612903,0.043478260869565216,0.0,0.0,0.0,0.06666666666666667,0.03225806451612903,0.043478260869565216,0.873751163482666,0.8268747329711914,0.8496668934822083,0.20631185173988342
The compact attribute controls the formatting of the response output based on the debug mode.,"If a view function has a required_methods attribute, Flask will always include those methods on the route, even if you explicitly set different ones in the route() call.",0.07987220447284345,0.26666666666666666,0.13793103448275862,0.18181818181818182,0.07142857142857142,0.03571428571428571,0.047619047619047616,0.2,0.10344827586206896,0.13636363636363635,0.8747404217720032,0.8418868780136108,0.8579992651939392,-0.011693444103002548
"The default value for the compact attribute is None, which means it will not add indentation or newlines unless in debug mode.","request, session, g, and current_app are all proxies tied to a context. They only work while the right app or request context is active.",0.08771929824561404,0.13636363636363635,0.12,0.1276595744680851,0.0,0.0,0.0,0.09090909090909091,0.08,0.0851063829787234,0.8568240404129028,0.8473129272460938,0.8520419597625732,-0.04530034214258194
"The default value for the compact attribute is None, which means it will not add indentation or newlines unless in debug mode.","Flask's session object doesn't notice when you mutate something in place, like appending to a list. You need to manually set session.modified = True when that happens.",0.06410256410256411,0.045454545454545456,0.034482758620689655,0.0392156862745098,0.0,0.0,0.0,0.045454545454545456,0.034482758620689655,0.0392156862745098,0.8616395592689514,0.8565873503684998,0.8591060042381287,0.08989302814006805
"The default value for the compact attribute is None, which means it will not add indentation or newlines unless in debug mode.",Sessions are stored in a signed cookie that normally disappears when the browser closes. Setting permanent to True keeps it alive for as long as PERMANENT_SESSION_LIFETIME says.,0.08771929824561404,0.18181818181818182,0.13793103448275862,0.1568627450980392,0.0,0.0,0.0,0.09090909090909091,0.06896551724137931,0.0784313725490196,0.8530368804931641,0.817297637462616,0.8347849249839783,0.03463474661111832
"The default value for the compact attribute is None, which means it will not add indentation or newlines unless in debug mode.","Trailing slashes matter for routing. A route defined with a trailing slash will redirect a request without one to the slash version, and a route without a trailing slash returns a 404 if someone requests it with one.",0.07633587786259542,0.18181818181818182,0.10526315789473684,0.13333333333333333,0.0,0.0,0.0,0.13636363636363635,0.07894736842105263,0.09999999999999999,0.8519791960716248,0.8378939628601074,0.8448778390884399,0.016325127333402634
"The default value for the compact attribute is None, which means it will not add indentation or newlines unless in debug mode.","If a route has a default value and also accepts POST, the version with the default should only handle GET, since a redirect can't carry form data along with it.",0.10606060606060606,0.22727272727272727,0.16129032258064516,0.18867924528301885,0.09523809523809523,0.06666666666666667,0.0784313725490196,0.18181818181818182,0.12903225806451613,0.1509433962264151,0.8597903251647949,0.8560874462127686,0.8579349517822266,0.061489708721637726
"The default value for the compact attribute is None, which means it will not add indentation or newlines unless in debug mode.","Routes default to handling GET, along with HEAD. OPTIONS gets added automatically unless provide_automatic_options is turned off.",0.12254901960784315,0.13636363636363635,0.15789473684210525,0.14634146341463414,0.0,0.0,0.0,0.09090909090909091,0.10526315789473684,0.0975609756097561,0.8522199392318726,0.8537410497665405,0.8529797792434692,0.12469291687011719
"The default value for the compact attribute is None, which means it will not add indentation or newlines unless in debug mode.","A view's endpoint name comes from its function name unless you set one explicitly, and it automatically gets prefixed with the blueprint's name if it's registered through one.",0.07788161993769471,0.13636363636363635,0.0967741935483871,0.11320754716981131,0.0,0.0,0.0,0.09090909090909091,0.06451612903225806,0.07547169811320754,0.8553957939147949,0.8365508913993835,0.8458684086799622,0.1742738038301468
"The default value for the compact attribute is None, which means it will not add indentation or newlines unless in debug mode.","If a view function has a required_methods attribute, Flask will always include those methods on the route, even if you explicitly set different ones in the route() call.",0.1090342679127726,0.22727272727272727,0.1724137931034483,0.19607843137254902,0.0,0.0,0.0,0.13636363636363635,0.10344827586206896,0.11764705882352941,0.8598964214324951,0.85175621509552,0.8558069467544556,0.0462038591504097
"If the current application context is available, the dumps function uses the app's json.dumps method to serialize data.","request, session, g, and current_app are all proxies tied to a context. They only work while the right app or request context is active.",0.18866356382978722,0.3,0.24,0.2666666666666666,0.05263157894736842,0.041666666666666664,0.04651162790697675,0.2,0.16,0.17777777777777778,0.8788579702377319,0.8664580583572388,0.8726139664649963,0.24567696452140808
"If the current application context is available, the dumps function uses the app's json.dumps method to serialize data.","Flask's session object doesn't notice when you mutate something in place, like appending to a list. You need to manually set session.modified = True when that happens.",0.06472491909385113,0.1,0.06896551724137931,0.08163265306122448,0.0,0.0,0.0,0.1,0.06896551724137931,0.08163265306122448,0.8715925216674805,0.856900691986084,0.8641842007637024,0.05866339057683945
"If the current application context is available, the dumps function uses the app's json.dumps method to serialize data.",Sessions are stored in a signed cookie that normally disappears when the browser closes. Setting permanent to True keeps it alive for as long as PERMANENT_SESSION_LIFETIME says.,0.053191489361702135,0.1,0.06896551724137931,0.08163265306122448,0.0,0.0,0.0,0.1,0.06896551724137931,0.08163265306122448,0.85975182056427,0.8183313012123108,0.8385303616523743,0.059645023196935654
"If the current application context is available, the dumps function uses the app's json.dumps method to serialize data.","Trailing slashes matter for routing. A route defined with a trailing slash will redirect a request without one to the slash version, and a route without a trailing slash returns a 404 if someone requests it with one.",0.06410256410256411,0.15,0.07894736842105263,0.10344827586206896,0.0,0.0,0.0,0.05,0.02631578947368421,0.034482758620689655,0.8566752672195435,0.833633542060852,0.8449973464012146,0.0055162180215120316
"If the current application context is available, the dumps function uses the app's json.dumps method to serialize data.","If a route has a default value and also accepts POST, the version with the default should only handle GET, since a redirect can't carry form data along with it.",0.09174311926605506,0.2,0.12903225806451613,0.1568627450980392,0.0,0.0,0.0,0.2,0.12903225806451613,0.1568627450980392,0.8677862286567688,0.8499500155448914,0.8587755560874939,0.06080874428153038
"If the current application context is available, the dumps function uses the app's json.dumps method to serialize data.","Routes default to handling GET, along with HEAD. OPTIONS gets added automatically unless provide_automatic_options is turned off.",0.09950248756218907,0.1,0.10526315789473684,0.10256410256410256,0.0,0.0,0.0,0.05,0.05263157894736842,0.05128205128205128,0.8553447723388672,0.8415369987487793,0.8483847379684448,0.11114954203367233
"If the current application context is available, the dumps function uses the app's json.dumps method to serialize data.","A view's endpoint name comes from its function name unless you set one explicitly, and it automatically gets prefixed with the blueprint's name if it's registered through one.",0.09433962264150944,0.2,0.12903225806451613,0.1568627450980392,0.0,0.0,0.0,0.15,0.0967741935483871,0.11764705882352941,0.8708291053771973,0.8428730964660645,0.8566230535507202,0.1660035103559494
"If the current application context is available, the dumps function uses the app's json.dumps method to serialize data.","If a view function has a required_methods attribute, Flask will always include those methods on the route, even if you explicitly set different ones in the route() call.",0.11006289308176101,0.25,0.1724137931034483,0.20408163265306123,0.0,0.0,0.0,0.15,0.10344827586206896,0.12244897959183673,0.8817473649978638,0.8635171055793762,0.8725369572639465,0.014413908123970032
"If the current application context is not available, the dumps function uses the default parameter to handle serialization.","request, session, g, and current_app are all proxies tied to a context. They only work while the right app or request context is active.",0.17067325150700852,0.2777777777777778,0.2,0.23255813953488372,0.058823529411764705,0.041666666666666664,0.048780487804878044,0.16666666666666666,0.12,0.13953488372093023,0.8777396082878113,0.8647829294204712,0.8712131381034851,0.23305347561836243
"If the current application context is not available, the dumps function uses the default parameter to handle serialization.","Flask's session object doesn't notice when you mutate something in place, like appending to a list. You need to manually set session.modified = True when that happens.",0.0487012987012987,0.05555555555555555,0.034482758620689655,0.0425531914893617,0.0,0.0,0.0,0.05555555555555555,0.034482758620689655,0.0425531914893617,0.8710613250732422,0.8567284941673279,0.8638354539871216,0.04273137450218201
"If the current application context is not available, the dumps function uses the default parameter to handle serialization.",Sessions are stored in a signed cookie that normally disappears when the browser closes. Setting permanent to True keeps it alive for as long as PERMANENT_SESSION_LIFETIME says.,0.05338078291814947,0.1111111111111111,0.06896551724137931,0.0851063829787234,0.0,0.0,0.0,0.1111111111111111,0.06896551724137931,0.0851063829787234,0.8600467443466187,0.8147553205490112,0.8367885947227478,0.06405887007713318
"If the current application context is not available, the dumps function uses the default parameter to handle serialization.","Trailing slashes matter for routing. A route defined with a trailing slash will redirect a request without one to the slash version, and a route without a trailing slash returns a 404 if someone requests it with one.",0.06426735218508997,0.16666666666666666,0.07894736842105263,0.10714285714285714,0.0,0.0,0.0,0.05555555555555555,0.02631578947368421,0.03571428571428571,0.861147403717041,0.8357488512992859,0.8482580184936523,0.02848275937139988
"If the current application context is not available, the dumps function uses the default parameter to handle serialization.","If a route has a default value and also accepts POST, the version with the default should only handle GET, since a redirect can't carry form data along with it.",0.1471140603480656,0.2777777777777778,0.16129032258064516,0.20408163265306123,0.058823529411764705,0.03333333333333333,0.0425531914893617,0.2777777777777778,0.16129032258064516,0.20408163265306123,0.8801866173744202,0.8538012504577637,0.8667932152748108,0.14012321829795837
"If the current application context is not available, the dumps function uses the default parameter to handle serialization.","Routes default to handling GET, along with HEAD. OPTIONS gets added automatically unless provide_automatic_options is turned off.",0.21319444444444444,0.2222222222222222,0.21052631578947367,0.21621621621621623,0.058823529411764705,0.05555555555555555,0.05714285714285714,0.16666666666666666,0.15789473684210525,0.16216216216216214,0.8645201325416565,0.8470137715339661,0.8556774258613586,0.18202567100524902
"If the current application context is not available, the dumps function uses the default parameter to handle serialization.","A view's endpoint name comes from its function name unless you set one explicitly, and it automatically gets prefixed with the blueprint's name if it's registered through one.",0.07886435331230285,0.16666666666666666,0.0967741935483871,0.12244897959183673,0.0,0.0,0.0,0.1111111111111111,0.06451612903225806,0.08163265306122448,0.8745238184928894,0.8437564969062805,0.8588647246360779,0.17995378375053406
"If the current application context is not available, the dumps function uses the default parameter to handle serialization.","If a view function has a required_methods attribute, Flask will always include those methods on the route, even if you explicitly set different ones in the route() call.",0.0946372239747634,0.2222222222222222,0.13793103448275862,0.1702127659574468,0.0,0.0,0.0,0.16666666666666666,0.10344827586206896,0.1276595744680851,0.8811676502227783,0.8579710721969604,0.8694146871566772,0.024930492043495178
"If the current application context is available, the dump function uses the app's json.dump method to serialize data and write it to a file.","request, session, g, and current_app are all proxies tied to a context. They only work while the right app or request context is active.",0.25833333333333336,0.3076923076923077,0.32,0.3137254901960784,0.08,0.08333333333333333,0.08163265306122448,0.15384615384615385,0.16,0.1568627450980392,0.8735587000846863,0.8662514686584473,0.8698896765708923,0.22727535665035248
"If the current application context is available, the dump function uses the app's json.dump method to serialize data and write it to a file.","Flask's session object doesn't notice when you mutate something in place, like appending to a list. You need to manually set session.modified = True when that happens.",0.09523809523809525,0.15384615384615385,0.13793103448275862,0.14545454545454548,0.04,0.03571428571428571,0.03773584905660378,0.11538461538461539,0.10344827586206896,0.10909090909090909,0.8709574341773987,0.8555632829666138,0.8631917238235474,0.058559712022542953
"If the current application context is available, the dump function uses the app's json.dump method to serialize data and write it to a file.",Sessions are stored in a signed cookie that normally disappears when the browser closes. Setting permanent to True keeps it alive for as long as PERMANENT_SESSION_LIFETIME says.,0.08680555555555557,0.15384615384615385,0.13793103448275862,0.14545454545454548,0.0,0.0,0.0,0.11538461538461539,0.10344827586206896,0.10909090909090909,0.8588095903396606,0.8150500655174255,0.836357831954956,0.05590357631444931
"If the current application context is available, the dump function uses the app's json.dump method to serialize data and write it to a file.","Trailing slashes matter for routing. A route defined with a trailing slash will redirect a request without one to the slash version, and a route without a trailing slash returns a 404 if someone requests it with one.",0.101010101010101,0.23076923076923078,0.15789473684210525,0.18749999999999997,0.0,0.0,0.0,0.11538461538461539,0.07894736842105263,0.09374999999999999,0.858437180519104,0.8330490589141846,0.8455525636672974,0.005468573421239853
"If the current application context is available, the dump function uses the app's json.dump method to serialize data and write it to a file.","If a route has a default value and also accepts POST, the version with the default should only handle GET, since a redirect can't carry form data along with it.",0.13513513513513511,0.2692307692307692,0.22580645161290322,0.2456140350877193,0.0,0.0,0.0,0.19230769230769232,0.16129032258064516,0.17543859649122806,0.8685420751571655,0.848236083984375,0.8582689762115479,0.05699806287884712
"If the current application context is available, the dump function uses the app's json.dump method to serialize data and write it to a file.","Routes default to handling GET, along with HEAD. OPTIONS gets added automatically unless provide_automatic_options is turned off.",0.09661835748792272,0.07692307692307693,0.10526315789473684,0.08888888888888889,0.0,0.0,0.0,0.038461538461538464,0.05263157894736842,0.044444444444444446,0.8510282039642334,0.8389339447021484,0.844937801361084,0.06085357069969177
"If the current application context is available, the dump function uses the app's json.dump method to serialize data and write it to a file.","A view's endpoint name comes from its function name unless you set one explicitly, and it automatically gets prefixed with the blueprint's name if it's registered through one.",0.13888888888888887,0.2692307692307692,0.22580645161290322,0.2456140350877193,0.0,0.0,0.0,0.15384615384615385,0.12903225806451613,0.14035087719298245,0.8688803911209106,0.8402185440063477,0.8543091416358948,0.15155203640460968
"If the current application context is available, the dump function uses the app's json.dump method to serialize data and write it to a file.","If a view function has a required_methods attribute, Flask will always include those methods on the route, even if you explicitly set different ones in the route() call.",0.12345679012345678,0.23076923076923078,0.20689655172413793,0.21818181818181817,0.0,0.0,0.0,0.11538461538461539,0.10344827586206896,0.10909090909090909,0.8798147439956665,0.8633713722229004,0.8715154528617859,0.014772618189454079
"If the current application context is not available, the dump function uses the default parameter to handle serialization.","request, session, g, and current_app are all proxies tied to a context. They only work while the right app or request context is active.",0.17067325150700852,0.2777777777777778,0.2,0.23255813953488372,0.058823529411764705,0.041666666666666664,0.048780487804878044,0.16666666666666666,0.12,0.13953488372093023,0.8792129755020142,0.8645418882369995,0.8718157410621643,0.2526567280292511
"If the current application context is not available, the dump function uses the default parameter to handle serialization.","Flask's session object doesn't notice when you mutate something in place, like appending to a list. You need to manually set session.modified = True when that happens.",0.0487012987012987,0.05555555555555555,0.034482758620689655,0.0425531914893617,0.0,0.0,0.0,0.05555555555555555,0.034482758620689655,0.0425531914893617,0.8714874982833862,0.8560827374458313,0.8637163639068604,0.03931303322315216
"If the current application context is not available, the dump function uses the default parameter to handle serialization.",Sessions are stored in a signed cookie that normally disappears when the browser closes. Setting permanent to True keeps it alive for as long as PERMANENT_SESSION_LIFETIME says.,0.05338078291814947,0.1111111111111111,0.06896551724137931,0.0851063829787234,0.0,0.0,0.0,0.1111111111111111,0.06896551724137931,0.0851063829787234,0.8606315851211548,0.8139766454696655,0.8366541862487793,0.07132012397050858
"If the current application context is not available, the dump function uses the default parameter to handle serialization.","Trailing slashes matter for routing. A route defined with a trailing slash will redirect a request without one to the slash version, and a route without a trailing slash returns a 404 if someone requests it with one.",0.06426735218508997,0.16666666666666666,0.07894736842105263,0.10714285714285714,0.0,0.0,0.0,0.05555555555555555,0.02631578947368421,0.03571428571428571,0.863021969795227,0.8365784287452698,0.8495944738388062,0.03261403366923332
"If the current application context is not available, the dump function uses the default parameter to handle serialization.","If a route has a default value and also accepts POST, the version with the default should only handle GET, since a redirect can't carry form data along with it.",0.1471140603480656,0.2777777777777778,0.16129032258064516,0.20408163265306123,0.058823529411764705,0.03333333333333333,0.0425531914893617,0.2777777777777778,0.16129032258064516,0.20408163265306123,0.8836655020713806,0.8557184338569641,0.8694674372673035,0.16180263459682465
"If the current application context is not available, the dump function uses the default parameter to handle serialization.","Routes default to handling GET, along with HEAD. OPTIONS gets added automatically unless provide_automatic_options is turned off.",0.21319444444444444,0.2222222222222222,0.21052631578947367,0.21621621621621623,0.058823529411764705,0.05555555555555555,0.05714285714285714,0.16666666666666666,0.15789473684210525,0.16216216216216214,0.866569995880127,0.8476279973983765,0.8569943904876709,0.17602840065956116
"If the current application context is not available, the dump function uses the default parameter to handle serialization.","A view's endpoint name comes from its function name unless you set one explicitly, and it automatically gets prefixed with the blueprint's name if it's registered through one.",0.07886435331230285,0.16666666666666666,0.0967741935483871,0.12244897959183673,0.0,0.0,0.0,0.1111111111111111,0.06451612903225806,0.08163265306122448,0.8765419721603394,0.845150351524353,0.8605599403381348,0.18773521482944489
"If the current application context is not available, the dump function uses the default parameter to handle serialization.","If a view function has a required_methods attribute, Flask will always include those methods on the route, even if you explicitly set different ones in the route() call.",0.0946372239747634,0.2222222222222222,0.13793103448275862,0.1702127659574468,0.0,0.0,0.0,0.16666666666666666,0.10344827586206896,0.1276595744680851,0.885062038898468,0.8637179136276245,0.8742597103118896,0.027616817504167557
"If the current application context is available, the loads function uses the app's json.loads method to deserialize data.","request, session, g, and current_app are all proxies tied to a context. They only work while the right app or request context is active.",0.18866356382978722,0.3,0.24,0.2666666666666666,0.05263157894736842,0.041666666666666664,0.04651162790697675,0.2,0.16,0.17777777777777778,0.8748936057090759,0.8688637614250183,0.8718682527542114,0.34515076875686646
"If the current application context is available, the loads function uses the app's json.loads method to deserialize data.","Flask's session object doesn't notice when you mutate something in place, like appending to a list. You need to manually set session.modified = True when that happens.",0.06472491909385113,0.1,0.06896551724137931,0.08163265306122448,0.0,0.0,0.0,0.1,0.06896551724137931,0.08163265306122448,0.8713507056236267,0.8619337677955627,0.8666166663169861,0.05585843324661255
"If the current application context is available, the loads function uses the app's json.loads method to deserialize data.",Sessions are stored in a signed cookie that normally disappears when the browser closes. Setting permanent to True keeps it alive for as long as PERMANENT_SESSION_LIFETIME says.,0.053191489361702135,0.1,0.06896551724137931,0.08163265306122448,0.0,0.0,0.0,0.1,0.06896551724137931,0.08163265306122448,0.8512691259384155,0.819862961769104,0.8352709412574768,0.059706732630729675
"If the current application context is available, the loads function uses the app's json.loads method to deserialize data.","Trailing slashes matter for routing. A route defined with a trailing slash will redirect a request without one to the slash version, and a route without a trailing slash returns a 404 if someone requests it with one.",0.06410256410256411,0.15,0.07894736842105263,0.10344827586206896,0.0,0.0,0.0,0.05,0.02631578947368421,0.034482758620689655,0.8515122532844543,0.8334531784057617,0.8423859477043152,-0.027934229001402855
"If the current application context is available, the loads function uses the app's json.loads method to deserialize data.","If a route has a default value and also accepts POST, the version with the default should only handle GET, since a redirect can't carry form data along with it.",0.09174311926605506,0.2,0.12903225806451613,0.1568627450980392,0.0,0.0,0.0,0.2,0.12903225806451613,0.1568627450980392,0.8651237487792969,0.8514391779899597,0.8582268953323364,0.040116433054208755
"If the current application context is available, the loads function uses the app's json.loads method to deserialize data.","Routes default to handling GET, along with HEAD. OPTIONS gets added automatically unless provide_automatic_options is turned off.",0.09950248756218907,0.1,0.10526315789473684,0.10256410256410256,0.0,0.0,0.0,0.05,0.05263157894736842,0.05128205128205128,0.8509963750839233,0.8455561399459839,0.8482675552368164,0.06063457205891609
"If the current application context is available, the loads function uses the app's json.loads method to deserialize data.","A view's endpoint name comes from its function name unless you set one explicitly, and it automatically gets prefixed with the blueprint's name if it's registered through one.",0.09433962264150944,0.2,0.12903225806451613,0.1568627450980392,0.0,0.0,0.0,0.15,0.0967741935483871,0.11764705882352941,0.8643032312393188,0.8425591588020325,0.8532926440238953,0.15414322912693024
"If the current application context is available, the loads function uses the app's json.loads method to deserialize data.","If a view function has a required_methods attribute, Flask will always include those methods on the route, even if you explicitly set different ones in the route() call.",0.11006289308176101,0.25,0.1724137931034483,0.20408163265306123,0.0,0.0,0.0,0.15,0.10344827586206896,0.12244897959183673,0.8758262395858765,0.8669793605804443,0.8713803887367249,0.11115401238203049
"If the current application context is not available, the loads function uses the standard json.loads method to deserialize data.","request, session, g, and current_app are all proxies tied to a context. They only work while the right app or request context is active.",0.17006802721088435,0.25,0.2,0.22222222222222224,0.05263157894736842,0.041666666666666664,0.04651162790697675,0.15,0.12,0.1333333333333333,0.8730132579803467,0.8642756938934326,0.8686224818229675,0.30488520860671997
"If the current application context is not available, the loads function uses the standard json.loads method to deserialize data.","Flask's session object doesn't notice when you mutate something in place, like appending to a list. You need to manually set session.modified = True when that happens.",0.048543689320388356,0.05,0.034482758620689655,0.04081632653061224,0.0,0.0,0.0,0.05,0.034482758620689655,0.04081632653061224,0.8699869513511658,0.8593200445175171,0.8646206259727478,0.048445478081703186
"If the current application context is not available, the loads function uses the standard json.loads method to deserialize data.",Sessions are stored in a signed cookie that normally disappears when the browser closes. Setting permanent to True keeps it alive for as long as PERMANENT_SESSION_LIFETIME says.,0.053191489361702135,0.1,0.06896551724137931,0.08163265306122448,0.0,0.0,0.0,0.1,0.06896551724137931,0.08163265306122448,0.8532222509384155,0.8174862861633301,0.834972083568573,0.048032887279987335
"If the current application context is not available, the loads function uses the standard json.loads method to deserialize data.","Trailing slashes matter for routing. A route defined with a trailing slash will redirect a request without one to the slash version, and a route without a trailing slash returns a 404 if someone requests it with one.",0.06410256410256411,0.15,0.07894736842105263,0.10344827586206896,0.0,0.0,0.0,0.05,0.02631578947368421,0.034482758620689655,0.8532614707946777,0.8352526426315308,0.8441610336303711,-0.01873110607266426
"If the current application context is not available, the loads function uses the standard json.loads method to deserialize data.","If a route has a default value and also accepts POST, the version with the default should only handle GET, since a redirect can't carry form data along with it.",0.09174311926605506,0.2,0.12903225806451613,0.1568627450980392,0.0,0.0,0.0,0.2,0.12903225806451613,0.1568627450980392,0.8670427799224854,0.8496409058570862,0.8582536578178406,0.05331378057599068
"If the current application context is not available, the loads function uses the standard json.loads method to deserialize data.","Routes default to handling GET, along with HEAD. OPTIONS gets added automatically unless provide_automatic_options is turned off.",0.09950248756218907,0.1,0.10526315789473684,0.10256410256410256,0.0,0.0,0.0,0.05,0.05263157894736842,0.05128205128205128,0.8503378033638,0.8417028188705444,0.8459982872009277,0.06244329363107681
"If the current application context is not available, the loads function uses the standard json.loads method to deserialize data.","A view's endpoint name comes from its function name unless you set one explicitly, and it automatically gets prefixed with the blueprint's name if it's registered through one.",0.07861635220125786,0.15,0.0967741935483871,0.11764705882352941,0.0,0.0,0.0,0.1,0.06451612903225806,0.0784313725490196,0.8632590770721436,0.8415523767471313,0.8522675633430481,0.1159067451953888
"If the current application context is not available, the loads function uses the standard json.loads method to deserialize data.","If a view function has a required_methods attribute, Flask will always include those methods on the route, even if you explicitly set different ones in the route() call.",0.11006289308176101,0.25,0.1724137931034483,0.20408163265306123,0.0,0.0,0.0,0.15,0.10344827586206896,0.12244897959183673,0.8768481016159058,0.865031361579895,0.8708996772766113,0.09663645178079605
"If the current application context is available, the load function uses the app's json.load method to deserialize data from a file.","request, session, g, and current_app are all proxies tied to a context. They only work while the right app or request context is active.",0.20489495343296515,0.30434782608695654,0.28,0.2916666666666667,0.045454545454545456,0.041666666666666664,0.043478260869565216,0.17391304347826086,0.16,0.16666666666666666,0.8717723488807678,0.8672986030578613,0.8695297837257385,0.3166869282722473
"If the current application context is available, the load function uses the app's json.load method to deserialize data from a file.","Flask's session object doesn't notice when you mutate something in place, like appending to a list. You need to manually set session.modified = True when that happens.",0.08012820512820513,0.13043478260869565,0.10344827586206896,0.11538461538461538,0.0,0.0,0.0,0.13043478260869565,0.10344827586206896,0.11538461538461538,0.8666112422943115,0.8596405982971191,0.8631118535995483,0.05075216293334961
"If the current application context is available, the load function uses the app's json.load method to deserialize data from a file.",Sessions are stored in a signed cookie that normally disappears when the browser closes. Setting permanent to True keeps it alive for as long as PERMANENT_SESSION_LIFETIME says.,0.07017543859649122,0.13043478260869565,0.10344827586206896,0.11538461538461538,0.0,0.0,0.0,0.08695652173913043,0.06896551724137931,0.07692307692307693,0.8499691486358643,0.814445436000824,0.8318281173706055,0.06759380549192429
"If the current application context is available, the load function uses the app's json.load method to deserialize data from a file.","Trailing slashes matter for routing. A route defined with a trailing slash will redirect a request without one to the slash version, and a route without a trailing slash returns a 404 if someone requests it with one.",0.07633587786259542,0.17391304347826086,0.10526315789473684,0.13114754098360656,0.0,0.0,0.0,0.08695652173913043,0.05263157894736842,0.06557377049180328,0.8488942384719849,0.8325071334838867,0.8406208157539368,-0.03659779205918312
"If the current application context is available, the load function uses the app's json.load method to deserialize data from a file.","If a route has a default value and also accepts POST, the version with the default should only handle GET, since a redirect can't carry form data along with it.",0.10606060606060606,0.21739130434782608,0.16129032258064516,0.18518518518518517,0.0,0.0,0.0,0.17391304347826086,0.12903225806451613,0.14814814814814814,0.8644528388977051,0.8488094806671143,0.8565597534179688,0.023386411368846893
"If the current application context is available, the load function uses the app's json.load method to deserialize data from a file.","Routes default to handling GET, along with HEAD. OPTIONS gets added automatically unless provide_automatic_options is turned off.",0.09803921568627452,0.08695652173913043,0.10526315789473684,0.09523809523809525,0.0,0.0,0.0,0.043478260869565216,0.05263157894736842,0.04761904761904762,0.8446588516235352,0.8401556015014648,0.8424012064933777,0.04047868028283119
"If the current application context is available, the load function uses the app's json.load method to deserialize data from a file.","A view's endpoint name comes from its function name unless you set one explicitly, and it automatically gets prefixed with the blueprint's name if it's registered through one.",0.12461059190031153,0.2608695652173913,0.1935483870967742,0.2222222222222222,0.0,0.0,0.0,0.13043478260869565,0.0967741935483871,0.1111111111111111,0.8624893426895142,0.8420820236206055,0.8521634936332703,0.14860899746418
"If the current application context is available, the load function uses the app's json.load method to deserialize data from a file.","If a view function has a required_methods attribute, Flask will always include those methods on the route, even if you explicitly set different ones in the route() call.",0.12461059190031153,0.2608695652173913,0.20689655172413793,0.23076923076923075,0.0,0.0,0.0,0.13043478260869565,0.10344827586206896,0.11538461538461538,0.8737053871154785,0.8636661171913147,0.8686567544937134,0.10439220815896988
"If the current application context is not available, the load function uses the standard json.load method to deserialize data from a file.","request, session, g, and current_app are all proxies tied to a context. They only work while the right app or request context is active.",0.18667763157894735,0.2608695652173913,0.24,0.24999999999999994,0.045454545454545456,0.041666666666666664,0.043478260869565216,0.13043478260869565,0.12,0.12499999999999997,0.8679407835006714,0.8658450245857239,0.866891622543335,0.27953848242759705
"If the current application context is not available, the load function uses the standard json.load method to deserialize data from a file.","Flask's session object doesn't notice when you mutate something in place, like appending to a list. You need to manually set session.modified = True when that happens.",0.06410256410256411,0.08695652173913043,0.06896551724137931,0.07692307692307693,0.0,0.0,0.0,0.08695652173913043,0.06896551724137931,0.07692307692307693,0.8683139085769653,0.8618326187133789,0.8650611639022827,0.05097247287631035
"If the current application context is not available, the load function uses the standard json.load method to deserialize data from a file.",Sessions are stored in a signed cookie that normally disappears when the browser closes. Setting permanent to True keeps it alive for as long as PERMANENT_SESSION_LIFETIME says.,0.07017543859649122,0.13043478260869565,0.10344827586206896,0.11538461538461538,0.0,0.0,0.0,0.08695652173913043,0.06896551724137931,0.07692307692307693,0.8486461639404297,0.8157392740249634,0.8318674564361572,0.061393771320581436
"If the current application context is not available, the load function uses the standard json.load method to deserialize data from a file.","Trailing slashes matter for routing. A route defined with a trailing slash will redirect a request without one to the slash version, and a route without a trailing slash returns a 404 if someone requests it with one.",0.07633587786259542,0.17391304347826086,0.10526315789473684,0.13114754098360656,0.0,0.0,0.0,0.08695652173913043,0.05263157894736842,0.06557377049180328,0.8488233685493469,0.8352432250976562,0.8419785499572754,-0.02244699001312256
"If the current application context is not available, the load function uses the standard json.load method to deserialize data from a file.","If a route has a default value and also accepts POST, the version with the default should only handle GET, since a redirect can't carry form data along with it.",0.10606060606060606,0.21739130434782608,0.16129032258064516,0.18518518518518517,0.0,0.0,0.0,0.17391304347826086,0.12903225806451613,0.14814814814814814,0.8633717894554138,0.8502939343452454,0.8567829132080078,0.04344489052891731
"If the current application context is not available, the load function uses the standard json.load method to deserialize data from a file.","Routes default to handling GET, along with HEAD. OPTIONS gets added automatically unless provide_automatic_options is turned off.",0.09803921568627452,0.08695652173913043,0.10526315789473684,0.09523809523809525,0.0,0.0,0.0,0.043478260869565216,0.05263157894736842,0.04761904761904762,0.8426145315170288,0.8416849970817566,0.8421494960784912,0.04837128892540932
"If the current application context is not available, the load function uses the standard json.load method to deserialize data from a file.","A view's endpoint name comes from its function name unless you set one explicitly, and it automatically gets prefixed with the blueprint's name if it's registered through one.",0.1090342679127726,0.21739130434782608,0.16129032258064516,0.18518518518518517,0.0,0.0,0.0,0.08695652173913043,0.06451612903225806,0.07407407407407407,0.8596111536026001,0.8417044878005981,0.8505635857582092,0.11527465283870697
"If the current application context is not available, the load function uses the standard json.load method to deserialize data from a file.","If a view function has a required_methods attribute, Flask will always include those methods on the route, even if you explicitly set different ones in the route() call.",0.12461059190031153,0.2608695652173913,0.20689655172413793,0.23076923076923075,0.0,0.0,0.0,0.13043478260869565,0.10344827586206896,0.11538461538461538,0.8734261393547058,0.8669499158859253,0.8701759576797485,0.09797710180282593
The jsonify function requires an active application context and uses the app's json.response method to serialize arguments as JSON.,"request, session, g, and current_app are all proxies tied to a context. They only work while the right app or request context is active.",0.1595744680851064,0.2857142857142857,0.24,0.2608695652173913,0.0,0.0,0.0,0.14285714285714285,0.12,0.13043478260869565,0.8722804188728333,0.8626552224159241,0.8674411773681641,0.23274190723896027
The jsonify function requires an active application context and uses the app's json.response method to serialize arguments as JSON.,"Flask's session object doesn't notice when you mutate something in place, like appending to a list. You need to manually set session.modified = True when that happens.",0.06472491909385113,0.09523809523809523,0.06896551724137931,0.08,0.0,0.0,0.0,0.09523809523809523,0.06896551724137931,0.08,0.8661314249038696,0.8530699014663696,0.8595510125160217,0.17299824953079224
The jsonify function requires an active application context and uses the app's json.response method to serialize arguments as JSON.,Sessions are stored in a signed cookie that normally disappears when the browser closes. Setting permanent to True keeps it alive for as long as PERMANENT_SESSION_LIFETIME says.,0.07092198581560283,0.14285714285714285,0.10344827586206896,0.12000000000000001,0.0,0.0,0.0,0.14285714285714285,0.10344827586206896,0.12000000000000001,0.8498645424842834,0.8110513091087341,0.8300043940544128,-0.01732848957180977
The jsonify function requires an active application context and uses the app's json.response method to serialize arguments as JSON.,"Trailing slashes matter for routing. A route defined with a trailing slash will redirect a request without one to the slash version, and a route without a trailing slash returns a 404 if someone requests it with one.",0.06410256410256411,0.14285714285714285,0.07894736842105263,0.1016949152542373,0.0,0.0,0.0,0.09523809523809523,0.05263157894736842,0.06779661016949153,0.8513036966323853,0.8300610184669495,0.8405480980873108,0.07620437443256378
The jsonify function requires an active application context and uses the app's json.response method to serialize arguments as JSON.,"If a route has a default value and also accepts POST, the version with the default should only handle GET, since a redirect can't carry form data along with it.",0.07645259938837921,0.14285714285714285,0.0967741935483871,0.11538461538461538,0.0,0.0,0.0,0.09523809523809523,0.06451612903225806,0.07692307692307691,0.8548766374588013,0.840791642665863,0.8477756381034851,0.08061400800943375
The jsonify function requires an active application context and uses the app's json.response method to serialize arguments as JSON.,"Routes default to handling GET, along with HEAD. OPTIONS gets added automatically unless provide_automatic_options is turned off.",0.04975124378109454,0.047619047619047616,0.05263157894736842,0.05,0.0,0.0,0.0,0.047619047619047616,0.05263157894736842,0.05,0.8506025075912476,0.8396275639533997,0.8450793623924255,0.07501742243766785
The jsonify function requires an active application context and uses the app's json.response method to serialize arguments as JSON.,"A view's endpoint name comes from its function name unless you set one explicitly, and it automatically gets prefixed with the blueprint's name if it's registered through one.",0.09433962264150944,0.19047619047619047,0.12903225806451613,0.15384615384615383,0.0,0.0,0.0,0.19047619047619047,0.12903225806451613,0.15384615384615383,0.8640732169151306,0.8311042785644531,0.8472681045532227,0.12645427882671356
The jsonify function requires an active application context and uses the app's json.response method to serialize arguments as JSON.,"If a view function has a required_methods attribute, Flask will always include those methods on the route, even if you explicitly set different ones in the route() call.",0.09433962264150944,0.23809523809523808,0.1724137931034483,0.19999999999999998,0.0,0.0,0.0,0.14285714285714285,0.10344827586206896,0.12000000000000001,0.8672694563865662,0.854701042175293,0.8609393835067749,0.11404319107532501
"In debug mode, the output of the jsonify function is formatted with indentation for easier reading.","request, session, g, and current_app are all proxies tied to a context. They only work while the right app or request context is active.",0.08960573476702512,0.125,0.08,0.09756097560975609,0.0,0.0,0.0,0.125,0.08,0.09756097560975609,0.8645370602607727,0.8460655212402344,0.8552016019821167,0.030953075736761093
"In debug mode, the output of the jsonify function is formatted with indentation for easier reading.","Flask's session object doesn't notice when you mutate something in place, like appending to a list. You need to manually set session.modified = True when that happens.",0.04901960784313726,0.0625,0.034482758620689655,0.044444444444444446,0.0,0.0,0.0,0.0625,0.034482758620689655,0.044444444444444446,0.8632815480232239,0.8541609644889832,0.8586970567703247,0.12914621829986572
"In debug mode, the output of the jsonify function is formatted with indentation for easier reading.",Sessions are stored in a signed cookie that normally disappears when the browser closes. Setting permanent to True keeps it alive for as long as PERMANENT_SESSION_LIFETIME says.,0.13333333333333336,0.1875,0.10344827586206896,0.13333333333333333,0.0,0.0,0.0,0.1875,0.10344827586206896,0.13333333333333333,0.8575173616409302,0.8132011890411377,0.8347715139389038,-0.04613014683127403
"In debug mode, the output of the jsonify function is formatted with indentation for easier reading.","Trailing slashes matter for routing. A route defined with a trailing slash will redirect a request without one to the slash version, and a route without a trailing slash returns a 404 if someone requests it with one.",0.06459948320413438,0.1875,0.07894736842105263,0.11111111111111109,0.0,0.0,0.0,0.125,0.05263157894736842,0.07407407407407407,0.8585673570632935,0.8387237191200256,0.8485295176506042,0.029539402574300766
"In debug mode, the output of the jsonify function is formatted with indentation for easier reading.","If a route has a default value and also accepts POST, the version with the default should only handle GET, since a redirect can't carry form data along with it.",0.07716049382716049,0.1875,0.0967741935483871,0.12765957446808507,0.0,0.0,0.0,0.1875,0.0967741935483871,0.12765957446808507,0.8597363233566284,0.8436486124992371,0.8516165018081665,-0.0032892385497689247
"In debug mode, the output of the jsonify function is formatted with indentation for easier reading.","Routes default to handling GET, along with HEAD. OPTIONS gets added automatically unless provide_automatic_options is turned off.",0.10101010101010102,0.125,0.10526315789473684,0.11428571428571428,0.0,0.0,0.0,0.0625,0.05263157894736842,0.05714285714285714,0.8554640412330627,0.8438630104064941,0.8496239185333252,0.06321320682764053
"In debug mode, the output of the jsonify function is formatted with indentation for easier reading.","A view's endpoint name comes from its function name unless you set one explicitly, and it automatically gets prefixed with the blueprint's name if it's registered through one.",0.07936507936507937,0.1875,0.0967741935483871,0.12765957446808507,0.0,0.0,0.0,0.125,0.06451612903225806,0.0851063829787234,0.8668783903121948,0.8386903405189514,0.8525514006614685,0.1177351176738739
"In debug mode, the output of the jsonify function is formatted with indentation for easier reading.","If a view function has a required_methods attribute, Flask will always include those methods on the route, even if you explicitly set different ones in the route() call.",0.09523809523809525,0.25,0.13793103448275862,0.17777777777777778,0.0,0.0,0.0,0.125,0.06896551724137931,0.08888888888888889,0.866693377494812,0.8569459915161133,0.8617920875549316,0.0029778415337204933
"The 'static_folder' must be set to serve static files, otherwise a RuntimeError is raised.","A Blueprint isn't an application on its own. It's really just a set of instructions that get applied once it's registered, and it can be registered more than once or under different prefixes.",0.08130081300813008,0.2,0.08333333333333333,0.11764705882352941,0.0,0.0,0.0,0.06666666666666667,0.027777777777777776,0.0392156862745098,0.8461364507675171,0.8259847164154053,0.8359391093254089,0.016889043152332306
"The 'static_folder' must be set to serve static files, otherwise a RuntimeError is raised.","Once a blueprint is registered on an app, there's no way to unregister it without tearing down the whole app object.",0.12820512820512822,0.26666666666666666,0.18181818181818182,0.21621621621621623,0.0,0.0,0.0,0.13333333333333333,0.09090909090909091,0.10810810810810811,0.8510555028915405,0.85824054479599,0.8546329736709595,0.008112315088510513
"The 'static_folder' must be set to serve static files, otherwise a RuntimeError is raised.","Registering a blueprint adds its name as a prefix to each endpoint, separated by a dot. The blueprint's name changes the endpoint, not the URL itself.",0.08417508417508418,0.2,0.1111111111111111,0.14285714285714285,0.0,0.0,0.0,0.13333333333333333,0.07407407407407407,0.09523809523809523,0.8493265509605408,0.8484982848167419,0.8489121794700623,0.09540943801403046
"The 'static_folder' must be set to serve static files, otherwise a RuntimeError is raised.","A child blueprint inherits its parent's name prefix for endpoints, and its parent's URL prefix or subdomain too.",0.06944444444444443,0.06666666666666667,0.05,0.05714285714285715,0.0,0.0,0.0,0.06666666666666667,0.05,0.05714285714285715,0.8420500159263611,0.8374117612838745,0.8397244811058044,0.041988011449575424
"The 'static_folder' must be set to serve static files, otherwise a RuntimeError is raised.","A blueprint's static folder only works if it has a url_prefix set. Without one, the app's own /static route wins out over it.",0.11111111111111112,0.4,0.23076923076923078,0.29268292682926833,0.07142857142857142,0.04,0.05128205128205128,0.26666666666666666,0.15384615384615385,0.1951219512195122,0.8875806927680969,0.8774076700210571,0.8824648261070251,0.4998180866241455
"The 'static_folder' must be set to serve static files, otherwise a RuntimeError is raised.","Templates from blueprints rank below the app's own templates. If two blueprints happen to use the same template path, whichever one was registered first takes priority.",0.06944444444444445,0.13333333333333333,0.07407407407407407,0.09523809523809523,0.0,0.0,0.0,0.13333333333333333,0.07407407407407407,0.09523809523809523,0.8484310507774353,0.8434697985649109,0.8459430932998657,0.0689236968755722
"The 'static_folder' must be set to serve static files, otherwise a RuntimeError is raised.","A blueprint's 404 or 405 error handlers only kick in when they're triggered by an explicit raise or abort() inside that blueprint's own views, not just from someone hitting a bad URL. That's because a blueprint doesn't actually own any URL space.",0.041152263374485604,0.13333333333333333,0.0425531914893617,0.06451612903225806,0.0,0.0,0.0,0.13333333333333333,0.0425531914893617,0.06451612903225806,0.8519124984741211,0.8328945636749268,0.8422961831092834,0.1599126160144806
"The 'static_folder' must be set to serve static files, otherwise a RuntimeError is raised.","Hooks like before_request and error handlers set on a parent blueprint carry over to its children. If a child doesn't have its own handler for something, Flask falls back to the parent's.",0.08547008547008547,0.26666666666666666,0.11428571428571428,0.16,0.0,0.0,0.0,0.2,0.08571428571428572,0.12000000000000001,0.8596938252449036,0.8374254703521729,0.8484135866165161,0.22940663993358612
"The 'static_folder' must be set to serve static files, otherwise a RuntimeError is raised.","request, session, g, and current_app are all proxies tied to a context. They only work while the right app or request context is active.",0.10752688172043011,0.26666666666666666,0.16,0.2,0.0,0.0,0.0,0.2,0.12,0.15,0.865608274936676,0.8516950607299805,0.8585953116416931,0.13596679270267487
"The 'static_folder' must be set to serve static files, otherwise a RuntimeError is raised.","Flask's session object doesn't notice when you mutate something in place, like appending to a list. You need to manually set session.modified = True when that happens.",0.08169934640522876,0.2,0.10344827586206896,0.13636363636363635,0.0,0.0,0.0,0.13333333333333333,0.06896551724137931,0.09090909090909091,0.8641440272331238,0.8548738360404968,0.8594839572906494,0.28892138600349426
"The 'static_folder' must be set to serve static files, otherwise a RuntimeError is raised.",Sessions are stored in a signed cookie that normally disappears when the browser closes. Setting permanent to True keeps it alive for as long as PERMANENT_SESSION_LIFETIME says.,0.08960573476702512,0.26666666666666666,0.13793103448275862,0.18181818181818182,0.0,0.0,0.0,0.2,0.10344827586206896,0.13636363636363635,0.8613601922988892,0.8238712549209595,0.8421987891197205,0.050531160086393356
"The 'static_folder' must be set to serve static files, otherwise a RuntimeError is raised.","Trailing slashes matter for routing. A route defined with a trailing slash will redirect a request without one to the slash version, and a route without a trailing slash returns a 404 if someone requests it with one.",0.06459948320413438,0.2,0.07894736842105263,0.11320754716981134,0.0,0.0,0.0,0.13333333333333333,0.05263157894736842,0.07547169811320754,0.8519918918609619,0.8357910513877869,0.8438137173652649,0.16410449147224426
"The 'static_folder' must be set to serve static files, otherwise a RuntimeError is raised.","If a route has a default value and also accepts POST, the version with the default should only handle GET, since a redirect can't carry form data along with it.",0.0617283950617284,0.13333333333333333,0.06451612903225806,0.08695652173913043,0.0,0.0,0.0,0.13333333333333333,0.06451612903225806,0.08695652173913043,0.8552660346031189,0.8431056141853333,0.8491422533988953,0.030274448916316032
"The 'static_folder' must be set to serve static files, otherwise a RuntimeError is raised.","Routes default to handling GET, along with HEAD. OPTIONS gets added automatically unless provide_automatic_options is turned off.",0.10101010101010102,0.13333333333333333,0.10526315789473684,0.11764705882352941,0.0,0.0,0.0,0.13333333333333333,0.10526315789473684,0.11764705882352941,0.8625169992446899,0.863213062286377,0.8628648519515991,0.15961796045303345
"The 'static_folder' must be set to serve static files, otherwise a RuntimeError is raised.","A view's endpoint name comes from its function name unless you set one explicitly, and it automatically gets prefixed with the blueprint's name if it's registered through one.",0.07936507936507937,0.2,0.0967741935483871,0.13043478260869568,0.0,0.0,0.0,0.06666666666666667,0.03225806451612903,0.043478260869565216,0.8529161214828491,0.8336179852485657,0.843156635761261,0.04354824125766754
"The 'static_folder' must be set to serve static files, otherwise a RuntimeError is raised.","If a view function has a required_methods attribute, Flask will always include those methods on the route, even if you explicitly set different ones in the route() call.",0.07936507936507937,0.2,0.10344827586206896,0.13636363636363635,0.0,0.0,0.0,0.13333333333333333,0.06896551724137931,0.09090909090909091,0.8743159770965576,0.8548998832702637,0.8644989132881165,0.2527829706668854
"The maximum age for caching a file is determined by the 'SEND_FILE_MAX_AGE_DEFAULT' configuration, which defaults to None.","A Blueprint isn't an application on its own. It's really just a set of instructions that get applied once it's registered, and it can be registered more than once or under different prefixes.",0.05376344086021505,0.047619047619047616,0.027777777777777776,0.03508771929824561,0.0,0.0,0.0,0.047619047619047616,0.027777777777777776,0.03508771929824561,0.8194196224212646,0.832058310508728,0.8256905674934387,0.035065412521362305
"The maximum age for caching a file is determined by the 'SEND_FILE_MAX_AGE_DEFAULT' configuration, which defaults to None.","Once a blueprint is registered on an app, there's no way to unregister it without tearing down the whole app object.",0.12658227848101264,0.19047619047619047,0.18181818181818182,0.18604651162790697,0.0,0.0,0.0,0.14285714285714285,0.13636363636363635,0.1395348837209302,0.8228316307067871,0.8637514114379883,0.8427951335906982,0.028219295665621758
"The maximum age for caching a file is determined by the 'SEND_FILE_MAX_AGE_DEFAULT' configuration, which defaults to None.","Registering a blueprint adds its name as a prefix to each endpoint, separated by a dot. The blueprint's name changes the endpoint, not the URL itself.",0.11666666666666665,0.23809523809523808,0.18518518518518517,0.20833333333333334,0.0,0.0,0.0,0.14285714285714285,0.1111111111111111,0.125,0.8268873691558838,0.8566034436225891,0.8414831757545471,0.0486273355782032
"The maximum age for caching a file is determined by the 'SEND_FILE_MAX_AGE_DEFAULT' configuration, which defaults to None.","A child blueprint inherits its parent's name prefix for endpoints, and its parent's URL prefix or subdomain too.",0.091324200913242,0.09523809523809523,0.1,0.0975609756097561,0.0,0.0,0.0,0.047619047619047616,0.05,0.04878048780487805,0.8172488212585449,0.8357230424880981,0.8263826966285706,0.08262419700622559
"The maximum age for caching a file is determined by the 'SEND_FILE_MAX_AGE_DEFAULT' configuration, which defaults to None.","A blueprint's static folder only works if it has a url_prefix set. Without one, the app's own /static route wins out over it.",0.07326007326007325,0.09523809523809523,0.07692307692307693,0.0851063829787234,0.0,0.0,0.0,0.09523809523809523,0.07692307692307693,0.0851063829787234,0.8467772006988525,0.8577839732170105,0.852245032787323,0.10252931714057922
"The maximum age for caching a file is determined by the 'SEND_FILE_MAX_AGE_DEFAULT' configuration, which defaults to None.","Templates from blueprints rank below the app's own templates. If two blueprints happen to use the same template path, whichever one was registered first takes priority.",0.0859106529209622,0.14285714285714285,0.1111111111111111,0.125,0.0,0.0,0.0,0.09523809523809523,0.07407407407407407,0.08333333333333333,0.8192143440246582,0.8437354564666748,0.8312941193580627,0.1592225730419159
"The maximum age for caching a file is determined by the 'SEND_FILE_MAX_AGE_DEFAULT' configuration, which defaults to None.","A blueprint's 404 or 405 error handlers only kick in when they're triggered by an explicit raise or abort() inside that blueprint's own views, not just from someone hitting a bad URL. That's because a blueprint doesn't actually own any URL space.",0.0408997955010225,0.09523809523809523,0.0425531914893617,0.0588235294117647,0.0,0.0,0.0,0.09523809523809523,0.0425531914893617,0.0588235294117647,0.8244343996047974,0.8343325853347778,0.8293539881706238,0.08164472877979279
"The maximum age for caching a file is determined by the 'SEND_FILE_MAX_AGE_DEFAULT' configuration, which defaults to None.","Hooks like before_request and error handlers set on a parent blueprint carry over to its children. If a child doesn't have its own handler for something, Flask falls back to the parent's.",0.08474576271186442,0.19047619047619047,0.11428571428571428,0.14285714285714285,0.0,0.0,0.0,0.09523809523809523,0.05714285714285714,0.07142857142857142,0.8390865921974182,0.839353621006012,0.8392201066017151,0.18705202639102936
"The maximum age for caching a file is determined by the 'SEND_FILE_MAX_AGE_DEFAULT' configuration, which defaults to None.","request, session, g, and current_app are all proxies tied to a context. They only work while the right app or request context is active.",0.10638297872340427,0.19047619047619047,0.16,0.17391304347826086,0.0,0.0,0.0,0.09523809523809523,0.08,0.08695652173913043,0.8425600528717041,0.8469686508178711,0.8447586297988892,0.15818025171756744
"The maximum age for caching a file is determined by the 'SEND_FILE_MAX_AGE_DEFAULT' configuration, which defaults to None.","Flask's session object doesn't notice when you mutate something in place, like appending to a list. You need to manually set session.modified = True when that happens.",0.06472491909385113,0.09523809523809523,0.06896551724137931,0.08,0.0,0.0,0.0,0.09523809523809523,0.06896551724137931,0.08,0.8369778990745544,0.8541534543037415,0.8454784750938416,0.20895260572433472
"The maximum age for caching a file is determined by the 'SEND_FILE_MAX_AGE_DEFAULT' configuration, which defaults to None.",Sessions are stored in a signed cookie that normally disappears when the browser closes. Setting permanent to True keeps it alive for as long as PERMANENT_SESSION_LIFETIME says.,0.08865248226950355,0.19047619047619047,0.13793103448275862,0.16,0.0,0.0,0.0,0.14285714285714285,0.10344827586206896,0.12000000000000001,0.8673567771911621,0.8455641269683838,0.8563218116760254,0.3414183557033539
"The maximum age for caching a file is determined by the 'SEND_FILE_MAX_AGE_DEFAULT' configuration, which defaults to None.","Trailing slashes matter for routing. A route defined with a trailing slash will redirect a request without one to the slash version, and a route without a trailing slash returns a 404 if someone requests it with one.",0.07692307692307691,0.19047619047619047,0.10526315789473684,0.13559322033898305,0.0,0.0,0.0,0.14285714285714285,0.07894736842105263,0.1016949152542373,0.8208304047584534,0.8318881392478943,0.8263223171234131,0.072402723133564
"The maximum age for caching a file is determined by the 'SEND_FILE_MAX_AGE_DEFAULT' configuration, which defaults to None.","If a route has a default value and also accepts POST, the version with the default should only handle GET, since a redirect can't carry form data along with it.",0.09174311926605506,0.23809523809523808,0.16129032258064516,0.1923076923076923,0.0,0.0,0.0,0.14285714285714285,0.0967741935483871,0.11538461538461538,0.8267344236373901,0.8398457765579224,0.8332385420799255,0.15349817276000977
"The maximum age for caching a file is determined by the 'SEND_FILE_MAX_AGE_DEFAULT' configuration, which defaults to None.","Routes default to handling GET, along with HEAD. OPTIONS gets added automatically unless provide_automatic_options is turned off.",0.18507462686567164,0.14285714285714285,0.15789473684210525,0.15,0.05,0.05555555555555555,0.052631578947368425,0.09523809523809523,0.10526315789473684,0.1,0.851137101650238,0.8598979711532593,0.8554951548576355,0.1441492885351181
"The maximum age for caching a file is determined by the 'SEND_FILE_MAX_AGE_DEFAULT' configuration, which defaults to None.","A view's endpoint name comes from its function name unless you set one explicitly, and it automatically gets prefixed with the blueprint's name if it's registered through one.",0.06289308176100629,0.09523809523809523,0.06451612903225806,0.07692307692307691,0.0,0.0,0.0,0.09523809523809523,0.06451612903225806,0.07692307692307691,0.8322423696517944,0.8342229127883911,0.833231508731842,0.005320914089679718
"The maximum age for caching a file is determined by the 'SEND_FILE_MAX_AGE_DEFAULT' configuration, which defaults to None.","If a view function has a required_methods attribute, Flask will always include those methods on the route, even if you explicitly set different ones in the route() call.",0.07861635220125786,0.14285714285714285,0.10344827586206896,0.12000000000000001,0.0,0.0,0.0,0.09523809523809523,0.06896551724137931,0.08,0.8491895198822021,0.8483094573020935,0.8487492203712463,0.07315833121538162
"If the 'mode' parameter in the 'open_resource' function is not 'r', 'rt', or 'rb', a ValueError is raised.","A Blueprint isn't an application on its own. It's really just a set of instructions that get applied once it's registered, and it can be registered more than once or under different prefixes.",0.0783289817232376,0.10526315789473684,0.05555555555555555,0.07272727272727272,0.0,0.0,0.0,0.05263157894736842,0.027777777777777776,0.03636363636363636,0.8271586894989014,0.823779821395874,0.8254658579826355,-0.006870431825518608
"If the 'mode' parameter in the 'open_resource' function is not 'r', 'rt', or 'rb', a ValueError is raised.","Once a blueprint is registered on an app, there's no way to unregister it without tearing down the whole app object.",0.12096774193548386,0.15789473684210525,0.13636363636363635,0.14634146341463414,0.0,0.0,0.0,0.10526315789473684,0.09090909090909091,0.0975609756097561,0.8274714350700378,0.8570271730422974,0.841990053653717,-0.027692530304193497
"If the 'mode' parameter in the 'open_resource' function is not 'r', 'rt', or 'rb', a ValueError is raised.","Registering a blueprint adds its name as a prefix to each endpoint, separated by a dot. The blueprint's name changes the endpoint, not the URL itself.",0.11254019292604502,0.21052631578947367,0.14814814814814814,0.17391304347826086,0.0,0.0,0.0,0.15789473684210525,0.1111111111111111,0.13043478260869565,0.8293981552124023,0.8466366529464722,0.8379287123680115,0.08013029396533966
"If the 'mode' parameter in the 'open_resource' function is not 'r', 'rt', or 'rb', a ValueError is raised.","A child blueprint inherits its parent's name prefix for endpoints, and its parent's URL prefix or subdomain too.",0.08695652173913045,0.10526315789473684,0.1,0.10256410256410256,0.0,0.0,0.0,0.05263157894736842,0.05,0.05128205128205128,0.8277978897094727,0.8329044580459595,0.8303433060646057,0.0475694015622139
"If the 'mode' parameter in the 'open_resource' function is not 'r', 'rt', or 'rb', a ValueError is raised.","A blueprint's static folder only works if it has a url_prefix set. Without one, the app's own /static route wins out over it.",0.1056338028169014,0.15789473684210525,0.11538461538461539,0.13333333333333333,0.0,0.0,0.0,0.10526315789473684,0.07692307692307693,0.08888888888888889,0.8365923166275024,0.8560951948165894,0.8462314009666443,0.13743053376674652
"If the 'mode' parameter in the 'open_resource' function is not 'r', 'rt', or 'rb', a ValueError is raised.","Templates from blueprints rank below the app's own templates. If two blueprints happen to use the same template path, whichever one was registered first takes priority.",0.09933774834437087,0.15789473684210525,0.1111111111111111,0.13043478260869565,0.0,0.0,0.0,0.10526315789473684,0.07407407407407407,0.08695652173913043,0.828690767288208,0.8397224545478821,0.8341701626777649,0.01399227324873209
"If the 'mode' parameter in the 'open_resource' function is not 'r', 'rt', or 'rb', a ValueError is raised.","A blueprint's 404 or 405 error handlers only kick in when they're triggered by an explicit raise or abort() inside that blueprint's own views, not just from someone hitting a bad URL. That's because a blueprint doesn't actually own any URL space.",0.06999999999999999,0.2631578947368421,0.10638297872340426,0.15151515151515152,0.0,0.0,0.0,0.15789473684210525,0.06382978723404255,0.0909090909090909,0.8325846791267395,0.83433997631073,0.8334614038467407,0.17624205350875854
"If the 'mode' parameter in the 'open_resource' function is not 'r', 'rt', or 'rb', a ValueError is raised.","Hooks like before_request and error handlers set on a parent blueprint carry over to its children. If a child doesn't have its own handler for something, Flask falls back to the parent's.",0.0684931506849315,0.15789473684210525,0.08571428571428572,0.11111111111111112,0.0,0.0,0.0,0.10526315789473684,0.05714285714285714,0.07407407407407407,0.8382514715194702,0.8393856883049011,0.8388181924819946,0.2939261794090271
"If the 'mode' parameter in the 'open_resource' function is not 'r', 'rt', or 'rb', a ValueError is raised.","request, session, g, and current_app are all proxies tied to a context. They only work while the right app or request context is active.",0.15358361774744028,0.21052631578947367,0.16,0.1818181818181818,0.0,0.0,0.0,0.15789473684210525,0.12,0.13636363636363635,0.8431478142738342,0.8517782688140869,0.8474411368370056,0.21904921531677246
"If the 'mode' parameter in the 'open_resource' function is not 'r', 'rt', or 'rb', a ValueError is raised.","Flask's session object doesn't notice when you mutate something in place, like appending to a list. You need to manually set session.modified = True when that happens.",0.0625,0.10526315789473684,0.06896551724137931,0.08333333333333333,0.0,0.0,0.0,0.10526315789473684,0.06896551724137931,0.08333333333333333,0.8331542015075684,0.8476293087005615,0.8403294086456299,0.2280275523662567
"If the 'mode' parameter in the 'open_resource' function is not 'r', 'rt', or 'rb', a ValueError is raised.",Sessions are stored in a signed cookie that normally disappears when the browser closes. Setting permanent to True keeps it alive for as long as PERMANENT_SESSION_LIFETIME says.,0.06825938566552901,0.15789473684210525,0.10344827586206896,0.125,0.0,0.0,0.0,0.10526315789473684,0.06896551724137931,0.08333333333333333,0.8228110074996948,0.8144347071647644,0.8186014890670776,0.030847618356347084
"If the 'mode' parameter in the 'open_resource' function is not 'r', 'rt', or 'rb', a ValueError is raised.","Trailing slashes matter for routing. A route defined with a trailing slash will redirect a request without one to the slash version, and a route without a trailing slash returns a 404 if someone requests it with one.",0.062344139650872814,0.15789473684210525,0.07894736842105263,0.10526315789473684,0.0,0.0,0.0,0.10526315789473684,0.05263157894736842,0.07017543859649122,0.8277978897094727,0.831243634223938,0.8295171856880188,0.06305313110351562
"If the 'mode' parameter in the 'open_resource' function is not 'r', 'rt', or 'rb', a ValueError is raised.","If a route has a default value and also accepts POST, the version with the default should only handle GET, since a redirect can't carry form data along with it.",0.10355029585798818,0.21052631578947367,0.12903225806451613,0.15999999999999998,0.0,0.0,0.0,0.21052631578947367,0.12903225806451613,0.15999999999999998,0.8352667689323425,0.8352090120315552,0.835237979888916,0.09203791618347168
"If the 'mode' parameter in the 'open_resource' function is not 'r', 'rt', or 'rb', a ValueError is raised.","Routes default to handling GET, along with HEAD. OPTIONS gets added automatically unless provide_automatic_options is turned off.",0.07075471698113206,0.05263157894736842,0.05263157894736842,0.05263157894736842,0.0,0.0,0.0,0.05263157894736842,0.05263157894736842,0.05263157894736842,0.8315054178237915,0.8467264771461487,0.8390468955039978,0.26148533821105957
"If the 'mode' parameter in the 'open_resource' function is not 'r', 'rt', or 'rb', a ValueError is raised.","A view's endpoint name comes from its function name unless you set one explicitly, and it automatically gets prefixed with the blueprint's name if it's registered through one.",0.09118541033434649,0.21052631578947367,0.12903225806451613,0.15999999999999998,0.0,0.0,0.0,0.05263157894736842,0.03225806451612903,0.039999999999999994,0.8310848474502563,0.8310167789459229,0.8310508131980896,0.06557929515838623
"If the 'mode' parameter in the 'open_resource' function is not 'r', 'rt', or 'rb', a ValueError is raised.","If a view function has a required_methods attribute, Flask will always include those methods on the route, even if you explicitly set different ones in the route() call.",0.17749258884010657,0.3157894736842105,0.20689655172413793,0.25,0.05555555555555555,0.03571428571428571,0.043478260869565216,0.21052631578947367,0.13793103448275862,0.16666666666666666,0.8539524674415588,0.8652374148368835,0.8595579266548157,0.25178995728492737
"The application must be specified using the '--app' option, 'FLASK_APP' environment variable, or a 'wsgi.py' or 'app.py' file in the current directory.","request, session, g, and current_app are all proxies tied to a context. They only work while the right app or request context is active.",0.11864406779661017,0.24,0.24,0.24,0.0,0.0,0.0,0.12,0.12,0.12,0.841154158115387,0.8611049652099609,0.851012647151947,0.23551520705223083
"The application must be specified using the '--app' option, 'FLASK_APP' environment variable, or a 'wsgi.py' or 'app.py' file in the current directory.","Flask's session object doesn't notice when you mutate something in place, like appending to a list. You need to manually set session.modified = True when that happens.",0.062111801242236024,0.12,0.10344827586206896,0.11111111111111112,0.0,0.0,0.0,0.08,0.06896551724137931,0.07407407407407408,0.8335512280464172,0.8475066423416138,0.8404709696769714,0.4769926071166992
"The application must be specified using the '--app' option, 'FLASK_APP' environment variable, or a 'wsgi.py' or 'app.py' file in the current directory.",Sessions are stored in a signed cookie that normally disappears when the browser closes. Setting permanent to True keeps it alive for as long as PERMANENT_SESSION_LIFETIME says.,0.06779661016949153,0.12,0.10344827586206896,0.11111111111111112,0.0,0.0,0.0,0.08,0.06896551724137931,0.07407407407407408,0.825609564781189,0.8197110891342163,0.8226497769355774,0.0675678551197052
"The application must be specified using the '--app' option, 'FLASK_APP' environment variable, or a 'wsgi.py' or 'app.py' file in the current directory.","Trailing slashes matter for routing. A route defined with a trailing slash will redirect a request without one to the slash version, and a route without a trailing slash returns a 404 if someone requests it with one.",0.04962779156327544,0.08,0.05263157894736842,0.06349206349206349,0.0,0.0,0.0,0.08,0.05263157894736842,0.06349206349206349,0.8203963041305542,0.8291298151016235,0.8247399926185608,0.10416261106729507
"The application must be specified using the '--app' option, 'FLASK_APP' environment variable, or a 'wsgi.py' or 'app.py' file in the current directory.","If a route has a default value and also accepts POST, the version with the default should only handle GET, since a redirect can't carry form data along with it.",0.08823529411764706,0.12,0.0967741935483871,0.10714285714285714,0.0,0.0,0.0,0.12,0.0967741935483871,0.10714285714285714,0.8233675360679626,0.8337632417678833,0.8285328149795532,0.045610230416059494
"The application must be specified using the '--app' option, 'FLASK_APP' environment variable, or a 'wsgi.py' or 'app.py' file in the current directory.","Routes default to handling GET, along with HEAD. OPTIONS gets added automatically unless provide_automatic_options is turned off.",0.07009345794392523,0.04,0.05263157894736842,0.04545454545454545,0.0,0.0,0.0,0.04,0.05263157894736842,0.04545454545454545,0.8243736624717712,0.845847487449646,0.8349725604057312,0.1294059455394745
"The application must be specified using the '--app' option, 'FLASK_APP' environment variable, or a 'wsgi.py' or 'app.py' file in the current directory.","A view's endpoint name comes from its function name unless you set one explicitly, and it automatically gets prefixed with the blueprint's name if it's registered through one.",0.07552870090634442,0.08,0.06451612903225806,0.07142857142857142,0.0,0.0,0.0,0.08,0.06451612903225806,0.07142857142857142,0.8252573013305664,0.8365417718887329,0.8308612108230591,0.0150517039000988
"The application must be specified using the '--app' option, 'FLASK_APP' environment variable, or a 'wsgi.py' or 'app.py' file in the current directory.","If a view function has a required_methods attribute, Flask will always include those methods on the route, even if you explicitly set different ones in the route() call.",0.16073451661631422,0.2,0.1724137931034483,0.1851851851851852,0.041666666666666664,0.03571428571428571,0.03846153846153846,0.12,0.10344827586206896,0.11111111111111112,0.8450896143913269,0.8522354364395142,0.8486475348472595,0.4294358193874359
"If the '--debug' option is not provided, it defaults to False.","request, session, g, and current_app are all proxies tied to a context. They only work while the right app or request context is active.",0.09025270758122744,0.2727272727272727,0.12,0.16666666666666666,0.0,0.0,0.0,0.18181818181818182,0.08,0.1111111111111111,0.851632297039032,0.8444634675979614,0.8480327725410461,0.11065447330474854
"If the '--debug' option is not provided, it defaults to False.","Flask's session object doesn't notice when you mutate something in place, like appending to a list. You need to manually set session.modified = True when that happens.",0.049342105263157895,0.09090909090909091,0.034482758620689655,0.05,0.0,0.0,0.0,0.09090909090909091,0.034482758620689655,0.05,0.8649230599403381,0.8536884784698486,0.8592690825462341,0.07529763877391815
"If the '--debug' option is not provided, it defaults to False.",Sessions are stored in a signed cookie that normally disappears when the browser closes. Setting permanent to True keeps it alive for as long as PERMANENT_SESSION_LIFETIME says.,0.07220216606498195,0.2727272727272727,0.10344827586206896,0.15,0.0,0.0,0.0,0.18181818181818182,0.06896551724137931,0.1,0.8595186471939087,0.8198565244674683,0.8392192721366882,0.1472063660621643
"If the '--debug' option is not provided, it defaults to False.","Trailing slashes matter for routing. A route defined with a trailing slash will redirect a request without one to the slash version, and a route without a trailing slash returns a 404 if someone requests it with one.",0.0779220779220779,0.36363636363636365,0.10526315789473684,0.16326530612244897,0.0,0.0,0.0,0.18181818181818182,0.05263157894736842,0.08163265306122448,0.8515803813934326,0.839198112487793,0.8453439474105835,0.07744702696800232
"If the '--debug' option is not provided, it defaults to False.","If a route has a default value and also accepts POST, the version with the default should only handle GET, since a redirect can't carry form data along with it.",0.09316770186335403,0.36363636363636365,0.12903225806451613,0.19047619047619047,0.0,0.0,0.0,0.2727272727272727,0.0967741935483871,0.14285714285714285,0.8618975281715393,0.8458989858627319,0.8538233041763306,0.16083656251430511
"If the '--debug' option is not provided, it defaults to False.","Routes default to handling GET, along with HEAD. OPTIONS gets added automatically unless provide_automatic_options is turned off.",0.21754535147392287,0.45454545454545453,0.2631578947368421,0.3333333333333333,0.2,0.1111111111111111,0.14285714285714285,0.18181818181818182,0.10526315789473684,0.13333333333333333,0.8672066926956177,0.8563344478607178,0.8617362976074219,0.2977958619594574
"If the '--debug' option is not provided, it defaults to False.","A view's endpoint name comes from its function name unless you set one explicitly, and it automatically gets prefixed with the blueprint's name if it's registered through one.",0.07987220447284345,0.2727272727272727,0.0967741935483871,0.14285714285714285,0.0,0.0,0.0,0.18181818181818182,0.06451612903225806,0.09523809523809523,0.8520786166191101,0.834993839263916,0.8434496521949768,0.20901209115982056
"If the '--debug' option is not provided, it defaults to False.","If a view function has a required_methods attribute, Flask will always include those methods on the route, even if you explicitly set different ones in the route() call.",0.06389776357827476,0.18181818181818182,0.06896551724137931,0.1,0.0,0.0,0.0,0.18181818181818182,0.06896551724137931,0.1,0.8721033930778503,0.8531368374824524,0.8625158071517944,0.1250324845314026
The '--reload' option is enabled by default if debug mode is active.,"request, session, g, and current_app are all proxies tied to a context. They only work while the right app or request context is active.",0.13537906137184116,0.25,0.12,0.16216216216216217,0.09090909090909091,0.041666666666666664,0.05714285714285715,0.25,0.12,0.16216216216216217,0.8633108139038086,0.8493328094482422,0.8562647700309753,0.14089620113372803
The '--reload' option is enabled by default if debug mode is active.,"Flask's session object doesn't notice when you mutate something in place, like appending to a list. You need to manually set session.modified = True when that happens.",0.01644736842105263,0.0,0.0,0.0,0.0,0.0,0.0,0.0,0.0,0.0,0.8537514209747314,0.8533235192298889,0.8535374402999878,0.06785422563552856
The '--reload' option is enabled by default if debug mode is active.,Sessions are stored in a signed cookie that normally disappears when the browser closes. Setting permanent to True keeps it alive for as long as PERMANENT_SESSION_LIFETIME says.,0.036101083032490974,0.08333333333333333,0.034482758620689655,0.04878048780487805,0.0,0.0,0.0,0.08333333333333333,0.034482758620689655,0.04878048780487805,0.8511549830436707,0.8220319747924805,0.8363400101661682,0.24426040053367615
The '--reload' option is enabled by default if debug mode is active.,"Trailing slashes matter for routing. A route defined with a trailing slash will redirect a request without one to the slash version, and a route without a trailing slash returns a 404 if someone requests it with one.",0.03896103896103895,0.16666666666666666,0.05263157894736842,0.08,0.0,0.0,0.0,0.16666666666666666,0.05263157894736842,0.08,0.8404381275177002,0.8329039812088013,0.8366541266441345,0.002388276159763336
The '--reload' option is enabled by default if debug mode is active.,"If a route has a default value and also accepts POST, the version with the default should only handle GET, since a redirect can't carry form data along with it.",0.062111801242236024,0.25,0.0967741935483871,0.13953488372093023,0.0,0.0,0.0,0.16666666666666666,0.06451612903225806,0.09302325581395349,0.8492318987846375,0.8421021103858948,0.8456519842147827,0.06389353424310684
The '--reload' option is enabled by default if debug mode is active.,"Routes default to handling GET, along with HEAD. OPTIONS gets added automatically unless provide_automatic_options is turned off.",0.10204081632653061,0.25,0.15789473684210525,0.1935483870967742,0.09090909090909091,0.05555555555555555,0.06896551724137931,0.16666666666666666,0.10526315789473684,0.12903225806451615,0.8658085465431213,0.8605862855911255,0.8631894588470459,0.1714768409729004
The '--reload' option is enabled by default if debug mode is active.,"A view's endpoint name comes from its function name unless you set one explicitly, and it automatically gets prefixed with the blueprint's name if it's registered through one.",0.04792332268370606,0.16666666666666666,0.06451612903225806,0.09302325581395349,0.0,0.0,0.0,0.16666666666666666,0.06451612903225806,0.09302325581395349,0.8510218858718872,0.8340311646461487,0.8424408435821533,0.15925709903240204
The '--reload' option is enabled by default if debug mode is active.,"If a view function has a required_methods attribute, Flask will always include those methods on the route, even if you explicitly set different ones in the route() call.",0.04792332268370606,0.16666666666666666,0.06896551724137931,0.0975609756097561,0.0,0.0,0.0,0.16666666666666666,0.06896551724137931,0.0975609756097561,0.8560676574707031,0.8488121628761292,0.8524245023727417,0.043939799070358276
The '--debugger' option is enabled by default if debug mode is active.,"request, session, g, and current_app are all proxies tied to a context. They only work while the right app or request context is active.",0.13537906137184116,0.25,0.12,0.16216216216216217,0.09090909090909091,0.041666666666666664,0.05714285714285715,0.25,0.12,0.16216216216216217,0.8573139309883118,0.8493149280548096,0.8532956838607788,0.06479530781507492
The '--debugger' option is enabled by default if debug mode is active.,"Flask's session object doesn't notice when you mutate something in place, like appending to a list. You need to manually set session.modified = True when that happens.",0.01644736842105263,0.0,0.0,0.0,0.0,0.0,0.0,0.0,0.0,0.0,0.8514436483383179,0.8524618744850159,0.8519523739814758,-0.020036576315760612
The '--debugger' option is enabled by default if debug mode is active.,Sessions are stored in a signed cookie that normally disappears when the browser closes. Setting permanent to True keeps it alive for as long as PERMANENT_SESSION_LIFETIME says.,0.036101083032490974,0.08333333333333333,0.034482758620689655,0.04878048780487805,0.0,0.0,0.0,0.08333333333333333,0.034482758620689655,0.04878048780487805,0.8495727181434631,0.8217004537582397,0.8354041576385498,0.11298725008964539
The '--debugger' option is enabled by default if debug mode is active.,"Trailing slashes matter for routing. A route defined with a trailing slash will redirect a request without one to the slash version, and a route without a trailing slash returns a 404 if someone requests it with one.",0.03896103896103895,0.16666666666666666,0.05263157894736842,0.08,0.0,0.0,0.0,0.16666666666666666,0.05263157894736842,0.08,0.8366833329200745,0.8334890007972717,0.8350831270217896,-0.004061628133058548
The '--debugger' option is enabled by default if debug mode is active.,"If a route has a default value and also accepts POST, the version with the default should only handle GET, since a redirect can't carry form data along with it.",0.062111801242236024,0.25,0.0967741935483871,0.13953488372093023,0.0,0.0,0.0,0.16666666666666666,0.06451612903225806,0.09302325581395349,0.8460811376571655,0.8418407440185547,0.8439555764198303,0.02005436271429062
The '--debugger' option is enabled by default if debug mode is active.,"Routes default to handling GET, along with HEAD. OPTIONS gets added automatically unless provide_automatic_options is turned off.",0.10204081632653061,0.25,0.15789473684210525,0.1935483870967742,0.09090909090909091,0.05555555555555555,0.06896551724137931,0.16666666666666666,0.10526315789473684,0.12903225806451615,0.863206148147583,0.8614799976348877,0.8623421788215637,0.18423452973365784
The '--debugger' option is enabled by default if debug mode is active.,"A view's endpoint name comes from its function name unless you set one explicitly, and it automatically gets prefixed with the blueprint's name if it's registered through one.",0.04792332268370606,0.16666666666666666,0.06451612903225806,0.09302325581395349,0.0,0.0,0.0,0.16666666666666666,0.06451612903225806,0.09302325581395349,0.8504093885421753,0.8341004252433777,0.8421759605407715,0.22668948769569397
The '--debugger' option is enabled by default if debug mode is active.,"If a view function has a required_methods attribute, Flask will always include those methods on the route, even if you explicitly set different ones in the route() call.",0.04792332268370606,0.16666666666666666,0.06896551724137931,0.0975609756097561,0.0,0.0,0.0,0.16666666666666666,0.06896551724137931,0.0975609756097561,0.8594086170196533,0.849199116230011,0.8542733788490295,0.061026159673929214
The '--cert' option must be specified when the '--key' option is used.,"request, session, g, and current_app are all proxies tied to a context. They only work while the right app or request context is active.",0.05357142857142857,0.16666666666666666,0.08,0.10810810810810811,0.0,0.0,0.0,0.16666666666666666,0.08,0.10810810810810811,0.8486588001251221,0.8423839211463928,0.8455097079277039,0.12305855751037598
The '--cert' option must be specified when the '--key' option is used.,"Flask's session object doesn't notice when you mutate something in place, like appending to a list. You need to manually set session.modified = True when that happens.",0.03257328990228013,0.08333333333333333,0.034482758620689655,0.04878048780487805,0.0,0.0,0.0,0.08333333333333333,0.034482758620689655,0.04878048780487805,0.8561033606529236,0.8530964851379395,0.8545972108840942,-0.0015495517291128635
The '--cert' option must be specified when the '--key' option is used.,Sessions are stored in a signed cookie that normally disappears when the browser closes. Setting permanent to True keeps it alive for as long as PERMANENT_SESSION_LIFETIME says.,0.09126984126984126,0.16666666666666666,0.06896551724137931,0.0975609756097561,0.09090909090909091,0.03571428571428571,0.05128205128205127,0.16666666666666666,0.06896551724137931,0.0975609756097561,0.8408662676811218,0.8074061870574951,0.8237965703010559,-0.027714138850569725
The '--cert' option must be specified when the '--key' option is used.,"Trailing slashes matter for routing. A route defined with a trailing slash will redirect a request without one to the slash version, and a route without a trailing slash returns a 404 if someone requests it with one.",0.025773195876288655,0.08333333333333333,0.02631578947368421,0.04,0.0,0.0,0.0,0.08333333333333333,0.02631578947368421,0.04,0.8381561040878296,0.8343626260757446,0.8362550735473633,0.01951051503419876
The '--cert' option must be specified when the '--key' option is used.,"If a route has a default value and also accepts POST, the version with the default should only handle GET, since a redirect can't carry form data along with it.",0.046153846153846156,0.16666666666666666,0.06451612903225806,0.09302325581395349,0.0,0.0,0.0,0.16666666666666666,0.06451612903225806,0.09302325581395349,0.8452388644218445,0.8387880921363831,0.8420010805130005,0.04158094525337219
The '--cert' option must be specified when the '--key' option is used.,"Routes default to handling GET, along with HEAD. OPTIONS gets added automatically unless provide_automatic_options is turned off.",0.07537688442211055,0.25,0.15789473684210525,0.1935483870967742,0.09090909090909091,0.05555555555555555,0.06896551724137931,0.25,0.15789473684210525,0.1935483870967742,0.8512457013130188,0.8417418003082275,0.8464670777320862,0.09569161385297775
The '--cert' option must be specified when the '--key' option is used.,"A view's endpoint name comes from its function name unless you set one explicitly, and it automatically gets prefixed with the blueprint's name if it's registered through one.",0.06329113924050633,0.08333333333333333,0.03225806451612903,0.046511627906976744,0.0,0.0,0.0,0.08333333333333333,0.03225806451612903,0.046511627906976744,0.8433648347854614,0.8328503370285034,0.8380746245384216,0.03131827712059021
The '--cert' option must be specified when the '--key' option is used.,"If a view function has a required_methods attribute, Flask will always include those methods on the route, even if you explicitly set different ones in the route() call.",0.06329113924050633,0.16666666666666666,0.06896551724137931,0.0975609756097561,0.0,0.0,0.0,0.16666666666666666,0.06896551724137931,0.0975609756097561,0.8557727932929993,0.8442047238349915,0.8499494194984436,-0.023514965549111366
"When the '--cert' option is set to 'adhoc', the '--key' option cannot be used.","request, session, g, and current_app are all proxies tied to a context. They only work while the right app or request context is active.",0.08741258741258742,0.21428571428571427,0.12,0.15384615384615383,0.0,0.0,0.0,0.14285714285714285,0.08,0.10256410256410256,0.8383219242095947,0.8422510623931885,0.8402819037437439,0.08002974092960358
"When the '--cert' option is set to 'adhoc', the '--key' option cannot be used.","Flask's session object doesn't notice when you mutate something in place, like appending to a list. You need to manually set session.modified = True when that happens.",0.07987220447284345,0.21428571428571427,0.10344827586206896,0.1395348837209302,0.0,0.0,0.0,0.14285714285714285,0.06896551724137931,0.09302325581395349,0.8447163105010986,0.8552535772323608,0.8499522805213928,-0.06499457359313965
"When the '--cert' option is set to 'adhoc', the '--key' option cannot be used.",Sessions are stored in a signed cookie that normally disappears when the browser closes. Setting permanent to True keeps it alive for as long as PERMANENT_SESSION_LIFETIME says.,0.08741258741258742,0.2857142857142857,0.13793103448275862,0.18604651162790697,0.07692307692307693,0.03571428571428571,0.04878048780487805,0.2857142857142857,0.13793103448275862,0.18604651162790697,0.8358635902404785,0.8108720779418945,0.8231781721115112,-0.018109997734427452
"When the '--cert' option is set to 'adhoc', the '--key' option cannot be used.","Trailing slashes matter for routing. A route defined with a trailing slash will redirect a request without one to the slash version, and a route without a trailing slash returns a 404 if someone requests it with one.",0.050761421319796954,0.14285714285714285,0.05263157894736842,0.07692307692307693,0.0,0.0,0.0,0.14285714285714285,0.05263157894736842,0.07692307692307693,0.8316420316696167,0.8338311910629272,0.8327351808547974,-0.015888111665844917
"When the '--cert' option is set to 'adhoc', the '--key' option cannot be used.","If a route has a default value and also accepts POST, the version with the default should only handle GET, since a redirect can't carry form data along with it.",0.06042296072507553,0.14285714285714285,0.06451612903225806,0.08888888888888889,0.0,0.0,0.0,0.14285714285714285,0.06451612903225806,0.08888888888888889,0.8405916094779968,0.8468780517578125,0.8437231183052063,0.04142364114522934
"When the '--cert' option is set to 'adhoc', the '--key' option cannot be used.","Routes default to handling GET, along with HEAD. OPTIONS gets added automatically unless provide_automatic_options is turned off.",0.12195121951219512,0.2857142857142857,0.21052631578947367,0.24242424242424243,0.07692307692307693,0.05555555555555555,0.06451612903225808,0.14285714285714285,0.10526315789473684,0.12121212121212122,0.8395249247550964,0.8424564599990845,0.8409881591796875,0.12012729048728943
"When the '--cert' option is set to 'adhoc', the '--key' option cannot be used.","A view's endpoint name comes from its function name unless you set one explicitly, and it automatically gets prefixed with the blueprint's name if it's registered through one.",0.09316770186335403,0.14285714285714285,0.06451612903225806,0.08888888888888889,0.0,0.0,0.0,0.14285714285714285,0.06451612903225806,0.08888888888888889,0.8375130891799927,0.8296817541122437,0.8335790634155273,0.09141790866851807
"When the '--cert' option is set to 'adhoc', the '--key' option cannot be used.","If a view function has a required_methods attribute, Flask will always include those methods on the route, even if you explicitly set different ones in the route() call.",0.09316770186335403,0.21428571428571427,0.10344827586206896,0.1395348837209302,0.0,0.0,0.0,0.21428571428571427,0.10344827586206896,0.1395348837209302,0.8525193333625793,0.8467544317245483,0.8496270775794983,-0.025436226278543472
"When the '--cert' option is an SSLContext object, the '--key' option cannot be used.","request, session, g, and current_app are all proxies tied to a context. They only work while the right app or request context is active.",0.0704225352112676,0.14285714285714285,0.08,0.10256410256410256,0.0,0.0,0.0,0.14285714285714285,0.08,0.10256410256410256,0.8501192331314087,0.8490712642669678,0.8495949506759644,0.034444041550159454
"When the '--cert' option is an SSLContext object, the '--key' option cannot be used.","Flask's session object doesn't notice when you mutate something in place, like appending to a list. You need to manually set session.modified = True when that happens.",0.06430868167202572,0.14285714285714285,0.06896551724137931,0.09302325581395349,0.0,0.0,0.0,0.07142857142857142,0.034482758620689655,0.046511627906976744,0.8525533676147461,0.8576780557632446,0.8551080226898193,-0.042906370013952255
"When the '--cert' option is an SSLContext object, the '--key' option cannot be used.",Sessions are stored in a signed cookie that normally disappears when the browser closes. Setting permanent to True keeps it alive for as long as PERMANENT_SESSION_LIFETIME says.,0.052816901408450696,0.14285714285714285,0.06896551724137931,0.09302325581395349,0.07692307692307693,0.03571428571428571,0.04878048780487805,0.14285714285714285,0.06896551724137931,0.09302325581395349,0.8382035493850708,0.8124658465385437,0.8251340389251709,-0.044505294412374496
"When the '--cert' option is an SSLContext object, the '--key' option cannot be used.","Trailing slashes matter for routing. A route defined with a trailing slash will redirect a request without one to the slash version, and a route without a trailing slash returns a 404 if someone requests it with one.",0.03826530612244898,0.07142857142857142,0.02631578947368421,0.038461538461538464,0.0,0.0,0.0,0.07142857142857142,0.02631578947368421,0.038461538461538464,0.8356972932815552,0.8364905714988708,0.8360937833786011,-0.012927919626235962
"When the '--cert' option is an SSLContext object, the '--key' option cannot be used.","If a route has a default value and also accepts POST, the version with the default should only handle GET, since a redirect can't carry form data along with it.",0.060790273556231,0.14285714285714285,0.06451612903225806,0.08888888888888889,0.0,0.0,0.0,0.14285714285714285,0.06451612903225806,0.08888888888888889,0.8510497808456421,0.8512467741966248,0.8511483073234558,0.013190912082791328
"When the '--cert' option is an SSLContext object, the '--key' option cannot be used.","Routes default to handling GET, along with HEAD. OPTIONS gets added automatically unless provide_automatic_options is turned off.",0.09852216748768473,0.21428571428571427,0.15789473684210525,0.18181818181818182,0.07692307692307693,0.05555555555555555,0.06451612903225808,0.14285714285714285,0.10526315789473684,0.12121212121212122,0.8410404920578003,0.8419324159622192,0.8414862155914307,0.07267922163009644
"When the '--cert' option is an SSLContext object, the '--key' option cannot be used.","A view's endpoint name comes from its function name unless you set one explicitly, and it automatically gets prefixed with the blueprint's name if it's registered through one.",0.078125,0.07142857142857142,0.03225806451612903,0.044444444444444446,0.0,0.0,0.0,0.07142857142857142,0.03225806451612903,0.044444444444444446,0.8447865843772888,0.8328521847724915,0.8387769460678101,0.07132581621408463
"When the '--cert' option is an SSLContext object, the '--key' option cannot be used.","If a view function has a required_methods attribute, Flask will always include those methods on the route, even if you explicitly set different ones in the route() call.",0.078125,0.14285714285714285,0.06896551724137931,0.09302325581395349,0.0,0.0,0.0,0.14285714285714285,0.06896551724137931,0.09302325581395349,0.8647989630699158,0.8516149520874023,0.8581562638282776,-0.06166670471429825
The '--cert' option must also be specified if the '--key' option is provided.,"request, session, g, and current_app are all proxies tied to a context. They only work while the right app or request context is active.",0.05338078291814947,0.15384615384615385,0.08,0.10526315789473685,0.0,0.0,0.0,0.15384615384615385,0.08,0.10526315789473685,0.8451818823814392,0.8395959138870239,0.842379629611969,0.12687668204307556
The '--cert' option must also be specified if the '--key' option is provided.,"Flask's session object doesn't notice when you mutate something in place, like appending to a list. You need to manually set session.modified = True when that happens.",0.016233766233766236,0.0,0.0,0.0,0.0,0.0,0.0,0.0,0.0,0.0,0.8504125475883484,0.8474289178848267,0.8489181399345398,-0.026692712679505348
The '--cert' option must also be specified if the '--key' option is provided.,Sessions are stored in a signed cookie that normally disappears when the browser closes. Setting permanent to True keeps it alive for as long as PERMANENT_SESSION_LIFETIME says.,0.03558718861209964,0.07692307692307693,0.034482758620689655,0.04761904761904762,0.0,0.0,0.0,0.07692307692307693,0.034482758620689655,0.04761904761904762,0.8359861373901367,0.8047969341278076,0.8200950622558594,-0.020251186564564705
The '--cert' option must also be specified if the '--key' option is provided.,"Trailing slashes matter for routing. A route defined with a trailing slash will redirect a request without one to the slash version, and a route without a trailing slash returns a 404 if someone requests it with one.",0.03856041131105398,0.15384615384615385,0.05263157894736842,0.0784313725490196,0.0,0.0,0.0,0.15384615384615385,0.05263157894736842,0.0784313725490196,0.8384305238723755,0.8343343734741211,0.8363773822784424,0.030891764909029007
The '--cert' option must also be specified if the '--key' option is provided.,"If a route has a default value and also accepts POST, the version with the default should only handle GET, since a redirect can't carry form data along with it.",0.07668711656441718,0.3076923076923077,0.12903225806451613,0.18181818181818182,0.0,0.0,0.0,0.15384615384615385,0.06451612903225806,0.09090909090909091,0.8483611941337585,0.8436658382415771,0.8460069894790649,0.06088513880968094
The '--cert' option must also be specified if the '--key' option is provided.,"Routes default to handling GET, along with HEAD. OPTIONS gets added automatically unless provide_automatic_options is turned off.",0.075,0.3076923076923077,0.21052631578947367,0.25,0.08333333333333333,0.05555555555555555,0.06666666666666667,0.23076923076923078,0.15789473684210525,0.18749999999999997,0.8509855270385742,0.8456295132637024,0.8482991456985474,0.1177191361784935
The '--cert' option must also be specified if the '--key' option is provided.,"A view's endpoint name comes from its function name unless you set one explicitly, and it automatically gets prefixed with the blueprint's name if it's registered through one.",0.06309148264984228,0.15384615384615385,0.06451612903225806,0.09090909090909091,0.0,0.0,0.0,0.15384615384615385,0.06451612903225806,0.09090909090909091,0.8467447757720947,0.8382028341293335,0.8424521088600159,0.05028434842824936
The '--cert' option must also be specified if the '--key' option is provided.,"If a view function has a required_methods attribute, Flask will always include those methods on the route, even if you explicitly set different ones in the route() call.",0.06309148264984228,0.23076923076923078,0.10344827586206896,0.14285714285714288,0.0,0.0,0.0,0.23076923076923078,0.10344827586206896,0.14285714285714288,0.8529413938522339,0.8454791307449341,0.8491938710212708,-0.017315559089183807
"The '--env-file' option loads environment variables from a specified file, taking precedence over those set by '.env' and '.flaskenv'.","request, session, g, and current_app are all proxies tied to a context. They only work while the right app or request context is active.",0.08710801393728222,0.15,0.12,0.1333333333333333,0.0,0.0,0.0,0.05,0.04,0.044444444444444446,0.8309207558631897,0.8487113118171692,0.8397217988967896,0.21871799230575562
"The '--env-file' option loads environment variables from a specified file, taking precedence over those set by '.env' and '.flaskenv'.","Flask's session object doesn't notice when you mutate something in place, like appending to a list. You need to manually set session.modified = True when that happens.",0.07961783439490445,0.1,0.06896551724137931,0.08163265306122448,0.0,0.0,0.0,0.1,0.06896551724137931,0.08163265306122448,0.8401638269424438,0.8498769998550415,0.8449925184249878,0.4898318648338318
"The '--env-file' option loads environment variables from a specified file, taking precedence over those set by '.env' and '.flaskenv'.",Sessions are stored in a signed cookie that normally disappears when the browser closes. Setting permanent to True keeps it alive for as long as PERMANENT_SESSION_LIFETIME says.,0.0696864111498258,0.15,0.10344827586206896,0.12244897959183673,0.0,0.0,0.0,0.1,0.06896551724137931,0.08163265306122448,0.8274643421173096,0.815496027469635,0.8214366436004639,0.11991846561431885
"The '--env-file' option loads environment variables from a specified file, taking precedence over those set by '.env' and '.flaskenv'.","Trailing slashes matter for routing. A route defined with a trailing slash will redirect a request without one to the slash version, and a route without a trailing slash returns a 404 if someone requests it with one.",0.0759493670886076,0.15,0.07894736842105263,0.10344827586206896,0.0,0.0,0.0,0.1,0.05263157894736842,0.06896551724137931,0.8195796012878418,0.8348733186721802,0.8271558284759521,0.14199019968509674
"The '--env-file' option loads environment variables from a specified file, taking precedence over those set by '.env' and '.flaskenv'.","If a route has a default value and also accepts POST, the version with the default should only handle GET, since a redirect can't carry form data along with it.",0.09036144578313254,0.15,0.0967741935483871,0.11764705882352941,0.0,0.0,0.0,0.1,0.06451612903225806,0.0784313725490196,0.8214412927627563,0.8358874917030334,0.8286014199256897,0.16651824116706848
"The '--env-file' option loads environment variables from a specified file, taking precedence over those set by '.env' and '.flaskenv'.","Routes default to handling GET, along with HEAD. OPTIONS gets added automatically unless provide_automatic_options is turned off.",0.09708737864077671,0.05,0.05263157894736842,0.05128205128205128,0.0,0.0,0.0,0.05,0.05263157894736842,0.05128205128205128,0.8251020908355713,0.844096302986145,0.8344911336898804,0.28235143423080444
"The '--env-file' option loads environment variables from a specified file, taking precedence over those set by '.env' and '.flaskenv'.","A view's endpoint name comes from its function name unless you set one explicitly, and it automatically gets prefixed with the blueprint's name if it's registered through one.",0.1238390092879257,0.25,0.16129032258064516,0.19607843137254902,0.0,0.0,0.0,0.15,0.0967741935483871,0.11764705882352941,0.83040452003479,0.836228609085083,0.8333063721656799,0.10388056933879852
"The '--env-file' option loads environment variables from a specified file, taking precedence over those set by '.env' and '.flaskenv'.","If a view function has a required_methods attribute, Flask will always include those methods on the route, even if you explicitly set different ones in the route() call.",0.09287925696594426,0.2,0.13793103448275862,0.16326530612244897,0.0,0.0,0.0,0.15,0.10344827586206896,0.12244897959183673,0.8403638601303101,0.8502293825149536,0.8452678322792053,0.47748857736587524
The '--extra-files' option specifies additional files that trigger a reload on change.,"request, session, g, and current_app are all proxies tied to a context. They only work while the right app or request context is active.",0.05415162454873646,0.15384615384615385,0.08,0.10526315789473685,0.0,0.0,0.0,0.07692307692307693,0.04,0.052631578947368425,0.8683662414550781,0.8462259769439697,0.8571531772613525,0.09311181306838989
The '--extra-files' option specifies additional files that trigger a reload on change.,"Flask's session object doesn't notice when you mutate something in place, like appending to a list. You need to manually set session.modified = True when that happens.",0.049342105263157895,0.15384615384615385,0.06896551724137931,0.09523809523809525,0.0,0.0,0.0,0.07692307692307693,0.034482758620689655,0.04761904761904762,0.8684095144271851,0.8562007546424866,0.8622618913650513,0.15609881281852722
The '--extra-files' option specifies additional files that trigger a reload on change.,Sessions are stored in a signed cookie that normally disappears when the browser closes. Setting permanent to True keeps it alive for as long as PERMANENT_SESSION_LIFETIME says.,0.07220216606498195,0.23076923076923078,0.10344827586206896,0.14285714285714288,0.0,0.0,0.0,0.07692307692307693,0.034482758620689655,0.04761904761904762,0.8653409481048584,0.8213626146316528,0.8427784442901611,0.16254043579101562
The '--extra-files' option specifies additional files that trigger a reload on change.,"Trailing slashes matter for routing. A route defined with a trailing slash will redirect a request without one to the slash version, and a route without a trailing slash returns a 404 if someone requests it with one.",0.03896103896103895,0.15384615384615385,0.05263157894736842,0.0784313725490196,0.0,0.0,0.0,0.15384615384615385,0.05263157894736842,0.0784313725490196,0.8558099269866943,0.835109531879425,0.8453330397605896,0.07386942952871323
The '--extra-files' option specifies additional files that trigger a reload on change.,"If a route has a default value and also accepts POST, the version with the default should only handle GET, since a redirect can't carry form data along with it.",0.062111801242236024,0.15384615384615385,0.06451612903225806,0.09090909090909091,0.0,0.0,0.0,0.15384615384615385,0.06451612903225806,0.09090909090909091,0.8583258390426636,0.8439319133758545,0.8510680198669434,0.07005338370800018
The '--extra-files' option specifies additional files that trigger a reload on change.,"Routes default to handling GET, along with HEAD. OPTIONS gets added automatically unless provide_automatic_options is turned off.",0.07653061224489795,0.07692307692307693,0.05263157894736842,0.0625,0.0,0.0,0.0,0.07692307692307693,0.05263157894736842,0.0625,0.8594874143600464,0.8469495177268982,0.8531724810600281,0.14989778399467468
The '--extra-files' option specifies additional files that trigger a reload on change.,"A view's endpoint name comes from its function name unless you set one explicitly, and it automatically gets prefixed with the blueprint's name if it's registered through one.",0.04792332268370606,0.15384615384615385,0.06451612903225806,0.09090909090909091,0.0,0.0,0.0,0.07692307692307693,0.03225806451612903,0.045454545454545456,0.8579482436180115,0.8281883597373962,0.8428056836128235,0.13152772188186646
The '--extra-files' option specifies additional files that trigger a reload on change.,"If a view function has a required_methods attribute, Flask will always include those methods on the route, even if you explicitly set different ones in the route() call.",0.06389776357827476,0.23076923076923078,0.10344827586206896,0.14285714285714288,0.0,0.0,0.0,0.15384615384615385,0.06896551724137931,0.09523809523809525,0.875676155090332,0.8554741144180298,0.8654572367668152,0.08556472510099411
The '--exclude-patterns' option specifies files matching these patterns that will not trigger a reload on change.,"request, session, g, and current_app are all proxies tied to a context. They only work while the right app or request context is active.",0.05338078291814947,0.11764705882352941,0.08,0.09523809523809526,0.0,0.0,0.0,0.058823529411764705,0.04,0.04761904761904763,0.8506896495819092,0.8459630012512207,0.8483197689056396,0.16140058636665344
The '--exclude-patterns' option specifies files matching these patterns that will not trigger a reload on change.,"Flask's session object doesn't notice when you mutate something in place, like appending to a list. You need to manually set session.modified = True when that happens.",0.0487012987012987,0.11764705882352941,0.06896551724137931,0.08695652173913043,0.0,0.0,0.0,0.058823529411764705,0.034482758620689655,0.043478260869565216,0.8545599579811096,0.8541532158851624,0.854356586933136,0.13034552335739136
The '--exclude-patterns' option specifies files matching these patterns that will not trigger a reload on change.,Sessions are stored in a signed cookie that normally disappears when the browser closes. Setting permanent to True keeps it alive for as long as PERMANENT_SESSION_LIFETIME says.,0.08896797153024912,0.17647058823529413,0.10344827586206896,0.13043478260869565,0.0,0.0,0.0,0.058823529411764705,0.034482758620689655,0.043478260869565216,0.848533034324646,0.8221780061721802,0.8351476192474365,0.12896418571472168
The '--exclude-patterns' option specifies files matching these patterns that will not trigger a reload on change.,"Trailing slashes matter for routing. A route defined with a trailing slash will redirect a request without one to the slash version, and a route without a trailing slash returns a 404 if someone requests it with one.",0.05141388174807198,0.17647058823529413,0.07894736842105263,0.10909090909090909,0.0,0.0,0.0,0.11764705882352941,0.05263157894736842,0.07272727272727272,0.8441791534423828,0.8348067998886108,0.8394668698310852,0.0701621025800705
The '--exclude-patterns' option specifies files matching these patterns that will not trigger a reload on change.,"If a route has a default value and also accepts POST, the version with the default should only handle GET, since a redirect can't carry form data along with it.",0.07668711656441718,0.11764705882352941,0.06451612903225806,0.08333333333333333,0.0,0.0,0.0,0.11764705882352941,0.06451612903225806,0.08333333333333333,0.8456178903579712,0.845844030380249,0.8457309603691101,0.13378866016864777
The '--exclude-patterns' option specifies files matching these patterns that will not trigger a reload on change.,"Routes default to handling GET, along with HEAD. OPTIONS gets added automatically unless provide_automatic_options is turned off.",0.075,0.058823529411764705,0.05263157894736842,0.05555555555555555,0.0,0.0,0.0,0.058823529411764705,0.05263157894736842,0.05555555555555555,0.8419705629348755,0.8488485813140869,0.845395565032959,0.17597246170043945
The '--exclude-patterns' option specifies files matching these patterns that will not trigger a reload on change.,"A view's endpoint name comes from its function name unless you set one explicitly, and it automatically gets prefixed with the blueprint's name if it's registered through one.",0.06309148264984228,0.11764705882352941,0.06451612903225806,0.08333333333333333,0.0,0.0,0.0,0.058823529411764705,0.03225806451612903,0.041666666666666664,0.8397642970085144,0.8247717618942261,0.8322005867958069,0.07240256667137146
The '--exclude-patterns' option specifies files matching these patterns that will not trigger a reload on change.,"If a view function has a required_methods attribute, Flask will always include those methods on the route, even if you explicitly set different ones in the route() call.",0.07886435331230285,0.23529411764705882,0.13793103448275862,0.17391304347826086,0.0,0.0,0.0,0.11764705882352941,0.06896551724137931,0.08695652173913043,0.8634247779846191,0.8541443347930908,0.8587595224380493,0.0917704850435257
The application context is automatically available for custom commands registered under 'app.cli' or 'blueprint.cli'.,"request, session, g, and current_app are all proxies tied to a context. They only work while the right app or request context is active.",0.13285714285714287,0.3125,0.2,0.24390243902439027,0.06666666666666667,0.041666666666666664,0.05128205128205127,0.1875,0.12,0.14634146341463414,0.864596962928772,0.8683761358261108,0.8664824366569519,0.3249528706073761
The application context is automatically available for custom commands registered under 'app.cli' or 'blueprint.cli'.,"Flask's session object doesn't notice when you mutate something in place, like appending to a list. You need to manually set session.modified = True when that happens.",0.016286644951140065,0.0,0.0,0.0,0.0,0.0,0.0,0.0,0.0,0.0,0.8539056777954102,0.8508630394935608,0.8523816466331482,0.00475630909204483
The application context is automatically available for custom commands registered under 'app.cli' or 'blueprint.cli'.,Sessions are stored in a signed cookie that normally disappears when the browser closes. Setting permanent to True keeps it alive for as long as PERMANENT_SESSION_LIFETIME says.,0.05357142857142857,0.125,0.06896551724137931,0.08888888888888889,0.0,0.0,0.0,0.125,0.06896551724137931,0.08888888888888889,0.8477050065994263,0.8207598924636841,0.834014892578125,0.046700552105903625
The application context is automatically available for custom commands registered under 'app.cli' or 'blueprint.cli'.,"Trailing slashes matter for routing. A route defined with a trailing slash will redirect a request without one to the slash version, and a route without a trailing slash returns a 404 if someone requests it with one.",0.038659793814432984,0.125,0.05263157894736842,0.07407407407407407,0.0,0.0,0.0,0.0625,0.02631578947368421,0.037037037037037035,0.8475503921508789,0.8292486667633057,0.8382996320724487,-0.01402357593178749
The application context is automatically available for custom commands registered under 'app.cli' or 'blueprint.cli'.,"If a route has a default value and also accepts POST, the version with the default should only handle GET, since a redirect can't carry form data along with it.",0.030769230769230767,0.0625,0.03225806451612903,0.0425531914893617,0.0,0.0,0.0,0.0625,0.03225806451612903,0.0425531914893617,0.8476128578186035,0.8363738656044006,0.8419559001922607,-0.08304667472839355
The application context is automatically available for custom commands registered under 'app.cli' or 'blueprint.cli'.,"Routes default to handling GET, along with HEAD. OPTIONS gets added automatically unless provide_automatic_options is turned off.",0.07537688442211055,0.125,0.10526315789473684,0.11428571428571428,0.0,0.0,0.0,0.0625,0.05263157894736842,0.05714285714285714,0.8528090119361877,0.8530582189559937,0.8529335856437683,0.09151675552129745
The application context is automatically available for custom commands registered under 'app.cli' or 'blueprint.cli'.,"A view's endpoint name comes from its function name unless you set one explicitly, and it automatically gets prefixed with the blueprint's name if it's registered through one.",0.06329113924050633,0.25,0.12903225806451613,0.1702127659574468,0.0,0.0,0.0,0.125,0.06451612903225806,0.0851063829787234,0.8663231134414673,0.8423748016357422,0.8541811108589172,0.38246583938598633
The application context is automatically available for custom commands registered under 'app.cli' or 'blueprint.cli'.,"If a view function has a required_methods attribute, Flask will always include those methods on the route, even if you explicitly set different ones in the route() call.",0.03164556962025317,0.0625,0.034482758620689655,0.044444444444444446,0.0,0.0,0.0,0.0625,0.034482758620689655,0.044444444444444446,0.8623065948486328,0.8474971055984497,0.8548377156257629,0.028869539499282837
The application must be loaded before executing commands that require it.,"request, session, g, and current_app are all proxies tied to a context. They only work while the right app or request context is active.",0.03663003663003663,0.09090909090909091,0.04,0.05555555555555555,0.0,0.0,0.0,0.09090909090909091,0.04,0.05555555555555555,0.8774566650390625,0.8480930328369141,0.8625249862670898,0.246535986661911
The application must be loaded before executing commands that require it.,"Flask's session object doesn't notice when you mutate something in place, like appending to a list. You need to manually set session.modified = True when that happens.",0.03333333333333333,0.09090909090909091,0.034482758620689655,0.05,0.0,0.0,0.0,0.09090909090909091,0.034482758620689655,0.05,0.8713964819908142,0.8472234606742859,0.8591399788856506,0.0595892071723938
The application must be loaded before executing commands that require it.,Sessions are stored in a signed cookie that normally disappears when the browser closes. Setting permanent to True keeps it alive for as long as PERMANENT_SESSION_LIFETIME says.,0.07326007326007326,0.2727272727272727,0.10344827586206896,0.15,0.0,0.0,0.0,0.18181818181818182,0.06896551724137931,0.1,0.8714812994003296,0.8069233894348145,0.8379607796669006,0.04354368522763252
The application must be loaded before executing commands that require it.,"Trailing slashes matter for routing. A route defined with a trailing slash will redirect a request without one to the slash version, and a route without a trailing slash returns a 404 if someone requests it with one.",0.03937007874015747,0.18181818181818182,0.05263157894736842,0.08163265306122448,0.0,0.0,0.0,0.18181818181818182,0.05263157894736842,0.08163265306122448,0.874401330947876,0.8326632976531982,0.853022038936615,0.1026834174990654
The application must be loaded before executing commands that require it.,"If a route has a default value and also accepts POST, the version with the default should only handle GET, since a redirect can't carry form data along with it.",0.08036338225017471,0.18181818181818182,0.06451612903225806,0.09523809523809523,0.0,0.0,0.0,0.18181818181818182,0.06451612903225806,0.09523809523809523,0.8703616857528687,0.8391488194465637,0.8544702529907227,0.029166204854846
The application must be loaded before executing commands that require it.,"Routes default to handling GET, along with HEAD. OPTIONS gets added automatically unless provide_automatic_options is turned off.",0.026041666666666664,0.0,0.0,0.0,0.0,0.0,0.0,0.0,0.0,0.0,0.8658342361450195,0.8383822441101074,0.8518871665000916,0.1552552580833435
The application must be loaded before executing commands that require it.,"A view's endpoint name comes from its function name unless you set one explicitly, and it automatically gets prefixed with the blueprint's name if it's registered through one.",0.04854368932038835,0.18181818181818182,0.06451612903225806,0.09523809523809523,0.0,0.0,0.0,0.18181818181818182,0.06451612903225806,0.09523809523809523,0.8698338270187378,0.8307628631591797,0.8498494625091553,0.1059858500957489
The application must be loaded before executing commands that require it.,"If a view function has a required_methods attribute, Flask will always include those methods on the route, even if you explicitly set different ones in the route() call.",0.032362459546925564,0.18181818181818182,0.06896551724137931,0.1,0.0,0.0,0.0,0.09090909090909091,0.034482758620689655,0.05,0.8719887137413025,0.8419216871261597,0.8566915392875671,0.1476244032382965
"If the application cannot be found or loaded, a NoAppException is raised with a specific error message.","request, session, g, and current_app are all proxies tied to a context. They only work while the right app or request context is active.",0.10676156583629894,0.23529411764705882,0.16,0.19047619047619052,0.0,0.0,0.0,0.17647058823529413,0.12,0.14285714285714282,0.8613069653511047,0.8513668179512024,0.8563080430030823,0.23333609104156494
"If the application cannot be found or loaded, a NoAppException is raised with a specific error message.","Flask's session object doesn't notice when you mutate something in place, like appending to a list. You need to manually set session.modified = True when that happens.",0.06493506493506494,0.058823529411764705,0.034482758620689655,0.043478260869565216,0.0,0.0,0.0,0.058823529411764705,0.034482758620689655,0.043478260869565216,0.8540223240852356,0.8485946655273438,0.8512998819351196,-0.005419397726655006
"If the application cannot be found or loaded, a NoAppException is raised with a specific error message.",Sessions are stored in a signed cookie that normally disappears when the browser closes. Setting permanent to True keeps it alive for as long as PERMANENT_SESSION_LIFETIME says.,0.05338078291814947,0.11764705882352941,0.06896551724137931,0.08695652173913043,0.0,0.0,0.0,0.058823529411764705,0.034482758620689655,0.043478260869565216,0.8492535352706909,0.8110238313674927,0.8296985626220703,0.020948262885212898
"If the application cannot be found or loaded, a NoAppException is raised with a specific error message.","Trailing slashes matter for routing. A route defined with a trailing slash will redirect a request without one to the slash version, and a route without a trailing slash returns a 404 if someone requests it with one.",0.08997429305912595,0.29411764705882354,0.13157894736842105,0.1818181818181818,0.0625,0.02702702702702703,0.03773584905660377,0.17647058823529413,0.07894736842105263,0.10909090909090909,0.8607425689697266,0.8350449204444885,0.8476990461349487,0.07659856975078583
"If the application cannot be found or loaded, a NoAppException is raised with a specific error message.","If a route has a default value and also accepts POST, the version with the default should only handle GET, since a redirect can't carry form data along with it.",0.12269938650306748,0.29411764705882354,0.16129032258064516,0.20833333333333331,0.0,0.0,0.0,0.23529411764705882,0.12903225806451613,0.16666666666666666,0.8568097949028015,0.8419212102890015,0.8493002653121948,0.05118890851736069
"If the application cannot be found or loaded, a NoAppException is raised with a specific error message.","Routes default to handling GET, along with HEAD. OPTIONS gets added automatically unless provide_automatic_options is turned off.",0.125,0.11764705882352941,0.10526315789473684,0.1111111111111111,0.0,0.0,0.0,0.058823529411764705,0.05263157894736842,0.05555555555555555,0.8458581566810608,0.832764744758606,0.8392603397369385,0.00026978179812431335
"If the application cannot be found or loaded, a NoAppException is raised with a specific error message.","A view's endpoint name comes from its function name unless you set one explicitly, and it automatically gets prefixed with the blueprint's name if it's registered through one.",0.11041009463722397,0.23529411764705882,0.12903225806451613,0.16666666666666666,0.0,0.0,0.0,0.11764705882352941,0.06451612903225806,0.08333333333333333,0.8553321361541748,0.8344849944114685,0.844779908657074,0.06858622282743454
"If the application cannot be found or loaded, a NoAppException is raised with a specific error message.","If a view function has a required_methods attribute, Flask will always include those methods on the route, even if you explicitly set different ones in the route() call.",0.0946372239747634,0.23529411764705882,0.13793103448275862,0.17391304347826086,0.0,0.0,0.0,0.17647058823529413,0.10344827586206896,0.13043478260869565,0.8635411262512207,0.8481637239456177,0.8557833433151245,0.052614495158195496
"The '--version' option shows the versions of Python, Flask, and Werkzeug.","request, session, g, and current_app are all proxies tied to a context. They only work while the right app or request context is active.",0.13381294964028778,0.18181818181818182,0.08,0.1111111111111111,0.0,0.0,0.0,0.09090909090909091,0.04,0.05555555555555555,0.8541455864906311,0.8513701558113098,0.852755606174469,0.11945021152496338
"The '--version' option shows the versions of Python, Flask, and Werkzeug.","Flask's session object doesn't notice when you mutate something in place, like appending to a list. You need to manually set session.modified = True when that happens.",0.04918032786885246,0.09090909090909091,0.034482758620689655,0.05,0.0,0.0,0.0,0.09090909090909091,0.034482758620689655,0.05,0.848071813583374,0.8453909754753113,0.8467292785644531,0.2696564793586731
"The '--version' option shows the versions of Python, Flask, and Werkzeug.",Sessions are stored in a signed cookie that normally disappears when the browser closes. Setting permanent to True keeps it alive for as long as PERMANENT_SESSION_LIFETIME says.,0.03597122302158273,0.09090909090909091,0.034482758620689655,0.05,0.0,0.0,0.0,0.09090909090909091,0.034482758620689655,0.05,0.8387038707733154,0.8105971813201904,0.8244110345840454,0.061337269842624664
"The '--version' option shows the versions of Python, Flask, and Werkzeug.","Trailing slashes matter for routing. A route defined with a trailing slash will redirect a request without one to the slash version, and a route without a trailing slash returns a 404 if someone requests it with one.",0.09637305699481864,0.2727272727272727,0.07894736842105263,0.12244897959183672,0.0,0.0,0.0,0.2727272727272727,0.07894736842105263,0.12244897959183672,0.842045783996582,0.8269237875938416,0.8344162702560425,0.08241160213947296
"The '--version' option shows the versions of Python, Flask, and Werkzeug.","If a route has a default value and also accepts POST, the version with the default should only handle GET, since a redirect can't carry form data along with it.",0.10835913312693497,0.36363636363636365,0.12903225806451613,0.19047619047619047,0.1,0.03333333333333333,0.05,0.2727272727272727,0.0967741935483871,0.14285714285714285,0.8478116989135742,0.8359273076057434,0.8418275713920593,0.12105119228363037
"The '--version' option shows the versions of Python, Flask, and Werkzeug.","Routes default to handling GET, along with HEAD. OPTIONS gets added automatically unless provide_automatic_options is turned off.",0.07614213197969542,0.09090909090909091,0.05263157894736842,0.06666666666666667,0.0,0.0,0.0,0.09090909090909091,0.05263157894736842,0.06666666666666667,0.8424199819564819,0.8430397510528564,0.8427297472953796,0.16727149486541748
"The '--version' option shows the versions of Python, Flask, and Werkzeug.","A view's endpoint name comes from its function name unless you set one explicitly, and it automatically gets prefixed with the blueprint's name if it's registered through one.",0.10051751592356688,0.18181818181818182,0.06451612903225806,0.09523809523809523,0.0,0.0,0.0,0.09090909090909091,0.03225806451612903,0.047619047619047616,0.8464037179946899,0.825225293636322,0.835680365562439,0.13656915724277496
"The '--version' option shows the versions of Python, Flask, and Werkzeug.","If a view function has a required_methods attribute, Flask will always include those methods on the route, even if you explicitly set different ones in the route() call.",0.13579263977353148,0.2727272727272727,0.10344827586206896,0.15,0.0,0.0,0.0,0.18181818181818182,0.06896551724137931,0.1,0.8563770055770874,0.8444914221763611,0.850392758846283,0.32108446955680847
The application will use a default session lifetime of 31 days unless specified otherwise.,"request, session, g, and current_app are all proxies tied to a context. They only work while the right app or request context is active.",0.07246376811594203,0.21428571428571427,0.12,0.15384615384615383,0.0,0.0,0.0,0.07142857142857142,0.04,0.05128205128205128,0.8608145713806152,0.848332941532135,0.8545281887054443,0.30397674441337585
The application will use a default session lifetime of 31 days unless specified otherwise.,"Flask's session object doesn't notice when you mutate something in place, like appending to a list. You need to manually set session.modified = True when that happens.",0.04950495049504951,0.14285714285714285,0.06896551724137931,0.09302325581395349,0.0,0.0,0.0,0.14285714285714285,0.06896551724137931,0.09302325581395349,0.8633257150650024,0.8465553522109985,0.8548583388328552,0.20483970642089844
The application will use a default session lifetime of 31 days unless specified otherwise.,Sessions are stored in a signed cookie that normally disappears when the browser closes. Setting permanent to True keeps it alive for as long as PERMANENT_SESSION_LIFETIME says.,0.07246376811594203,0.2857142857142857,0.13793103448275862,0.18604651162790697,0.07692307692307693,0.03571428571428571,0.04878048780487805,0.21428571428571427,0.10344827586206896,0.1395348837209302,0.8724881410598755,0.8283089995384216,0.849824845790863,0.6244937777519226
The application will use a default session lifetime of 31 days unless specified otherwise.,"Trailing slashes matter for routing. A route defined with a trailing slash will redirect a request without one to the slash version, and a route without a trailing slash returns a 404 if someone requests it with one.",0.052083333333333336,0.21428571428571427,0.07894736842105263,0.11538461538461539,0.0,0.0,0.0,0.14285714285714285,0.05263157894736842,0.07692307692307693,0.8583309650421143,0.8244507312774658,0.8410497903823853,0.014719716273248196
The application will use a default session lifetime of 31 days unless specified otherwise.,"If a route has a default value and also accepts POST, the version with the default should only handle GET, since a redirect can't carry form data along with it.",0.06230529595015576,0.21428571428571427,0.0967741935483871,0.13333333333333333,0.07692307692307693,0.03333333333333333,0.046511627906976744,0.14285714285714285,0.06451612903225806,0.08888888888888889,0.8624964952468872,0.8387292623519897,0.850446879863739,0.13398189842700958
The application will use a default session lifetime of 31 days unless specified otherwise.,"Routes default to handling GET, along with HEAD. OPTIONS gets added automatically unless provide_automatic_options is turned off.",0.07692307692307691,0.14285714285714285,0.10526315789473684,0.12121212121212122,0.0,0.0,0.0,0.14285714285714285,0.10526315789473684,0.12121212121212122,0.8784549236297607,0.8477948307991028,0.8628526329994202,0.17037229239940643
The application will use a default session lifetime of 31 days unless specified otherwise.,"A view's endpoint name comes from its function name unless you set one explicitly, and it automatically gets prefixed with the blueprint's name if it's registered through one.",0.08012820512820513,0.21428571428571427,0.0967741935483871,0.13333333333333333,0.0,0.0,0.0,0.14285714285714285,0.06451612903225806,0.08888888888888889,0.8817574977874756,0.8327253460884094,0.856540322303772,0.08422482758760452
The application will use a default session lifetime of 31 days unless specified otherwise.,"If a view function has a required_methods attribute, Flask will always include those methods on the route, even if you explicitly set different ones in the route() call.",0.08012820512820513,0.21428571428571427,0.10344827586206896,0.1395348837209302,0.0,0.0,0.0,0.07142857142857142,0.034482758620689655,0.046511627906976744,0.8702843189239502,0.8390669822692871,0.854390561580658,0.05816067010164261
"The application will not allow requests larger than 500,000 bytes by default.","request, session, g, and current_app are all proxies tied to a context. They only work while the right app or request context is active.",0.05474452554744526,0.15384615384615385,0.08,0.10526315789473685,0.0,0.0,0.0,0.15384615384615385,0.08,0.10526315789473685,0.858544647693634,0.8458257913589478,0.8521376848220825,0.33120715618133545
"The application will not allow requests larger than 500,000 bytes by default.","Flask's session object doesn't notice when you mutate something in place, like appending to a list. You need to manually set session.modified = True when that happens.",0.01661129568106312,0.0,0.0,0.0,0.0,0.0,0.0,0.0,0.0,0.0,0.8587490916252136,0.8422720432281494,0.8504307270050049,0.0036889147013425827
"The application will not allow requests larger than 500,000 bytes by default.",Sessions are stored in a signed cookie that normally disappears when the browser closes. Setting permanent to True keeps it alive for as long as PERMANENT_SESSION_LIFETIME says.,0.03649635036496351,0.07692307692307693,0.034482758620689655,0.04761904761904762,0.0,0.0,0.0,0.07692307692307693,0.034482758620689655,0.04761904761904762,0.8547179102897644,0.8079116344451904,0.8306559324264526,0.10911989212036133
"The application will not allow requests larger than 500,000 bytes by default.","Trailing slashes matter for routing. A route defined with a trailing slash will redirect a request without one to the slash version, and a route without a trailing slash returns a 404 if someone requests it with one.",0.05235602094240838,0.23076923076923078,0.07894736842105263,0.11764705882352941,0.0,0.0,0.0,0.15384615384615385,0.05263157894736842,0.0784313725490196,0.8534876108169556,0.8297287225723267,0.8414404988288879,0.1127493605017662
"The application will not allow requests larger than 500,000 bytes by default.","If a route has a default value and also accepts POST, the version with the default should only handle GET, since a redirect can't carry form data along with it.",0.04702194357366772,0.15384615384615385,0.06451612903225806,0.09090909090909091,0.0,0.0,0.0,0.15384615384615385,0.06451612903225806,0.09090909090909091,0.8601492643356323,0.8474627137184143,0.8537588119506836,0.1398506611585617
"The application will not allow requests larger than 500,000 bytes by default.","Routes default to handling GET, along with HEAD. OPTIONS gets added automatically unless provide_automatic_options is turned off.",0.05181347150259067,0.07692307692307693,0.05263157894736842,0.0625,0.0,0.0,0.0,0.07692307692307693,0.05263157894736842,0.0625,0.8523696064949036,0.8435331583023071,0.8479282855987549,0.20350219309329987
"The application will not allow requests larger than 500,000 bytes by default.","A view's endpoint name comes from its function name unless you set one explicitly, and it automatically gets prefixed with the blueprint's name if it's registered through one.",0.03225806451612903,0.07692307692307693,0.03225806451612903,0.045454545454545456,0.0,0.0,0.0,0.07692307692307693,0.03225806451612903,0.045454545454545456,0.8507864475250244,0.8176865577697754,0.8339081406593323,0.003973215818405151
"The application will not allow requests larger than 500,000 bytes by default.","If a view function has a required_methods attribute, Flask will always include those methods on the route, even if you explicitly set different ones in the route() call.",0.04838709677419355,0.15384615384615385,0.06896551724137931,0.09523809523809525,0.0,0.0,0.0,0.07692307692307693,0.034482758620689655,0.04761904761904762,0.8558540344238281,0.8341494798660278,0.8448624014854431,0.05622706562280655
"The application will allow a maximum of 1,000 form parts in a request.","request, session, g, and current_app are all proxies tied to a context. They only work while the right app or request context is active.",0.09090909090909093,0.21428571428571427,0.12,0.15384615384615383,0.0,0.0,0.0,0.14285714285714285,0.08,0.10256410256410256,0.8771936893463135,0.8384011387825012,0.8573588728904724,0.21351635456085205
"The application will allow a maximum of 1,000 form parts in a request.","Flask's session object doesn't notice when you mutate something in place, like appending to a list. You need to manually set session.modified = True when that happens.",0.049668874172185434,0.14285714285714285,0.06896551724137931,0.09302325581395349,0.0,0.0,0.0,0.14285714285714285,0.06896551724137931,0.09302325581395349,0.8677197098731995,0.8370246887207031,0.8520958423614502,0.01673651486635208
"The application will allow a maximum of 1,000 form parts in a request.",Sessions are stored in a signed cookie that normally disappears when the browser closes. Setting permanent to True keeps it alive for as long as PERMANENT_SESSION_LIFETIME says.,0.11477272727272729,0.21428571428571427,0.10344827586206896,0.1395348837209302,0.07692307692307693,0.03571428571428571,0.04878048780487805,0.14285714285714285,0.06896551724137931,0.09302325581395349,0.8679751753807068,0.8045521974563599,0.835061252117157,0.08205381780862808
"The application will allow a maximum of 1,000 form parts in a request.","Trailing slashes matter for routing. A route defined with a trailing slash will redirect a request without one to the slash version, and a route without a trailing slash returns a 404 if someone requests it with one.",0.0783289817232376,0.35714285714285715,0.13157894736842105,0.1923076923076923,0.07692307692307693,0.02702702702702703,0.04,0.2857142857142857,0.10526315789473684,0.15384615384615385,0.8694702982902527,0.8284872770309448,0.848484218120575,0.008624866604804993
"The application will allow a maximum of 1,000 form parts in a request.","If a route has a default value and also accepts POST, the version with the default should only handle GET, since a redirect can't carry form data along with it.",0.078125,0.2857142857142857,0.12903225806451613,0.17777777777777778,0.0,0.0,0.0,0.21428571428571427,0.0967741935483871,0.13333333333333333,0.8741866946220398,0.8391059637069702,0.8562872409820557,0.15476864576339722
"The application will allow a maximum of 1,000 form parts in a request.","Routes default to handling GET, along with HEAD. OPTIONS gets added automatically unless provide_automatic_options is turned off.",0.02577319587628866,0.0,0.0,0.0,0.0,0.0,0.0,0.0,0.0,0.0,0.8562487363815308,0.8267110586166382,0.8412206768989563,0.1313139796257019
"The application will allow a maximum of 1,000 form parts in a request.","A view's endpoint name comes from its function name unless you set one explicitly, and it automatically gets prefixed with the blueprint's name if it's registered through one.",0.06430868167202572,0.14285714285714285,0.06451612903225806,0.08888888888888889,0.0,0.0,0.0,0.07142857142857142,0.03225806451612903,0.044444444444444446,0.8647682666778564,0.816551685333252,0.8399686217308044,0.06871258467435837
"The application will allow a maximum of 1,000 form parts in a request.","If a view function has a required_methods attribute, Flask will always include those methods on the route, even if you explicitly set different ones in the route() call.",0.11254019292604503,0.35714285714285715,0.1724137931034483,0.23255813953488377,0.0,0.0,0.0,0.14285714285714285,0.06896551724137931,0.09302325581395349,0.8691445589065552,0.8368948101997375,0.8527148962020874,0.09271781146526337
The application will raise a RuntimeError if the 'static_folder' is not set when trying to serve static files.,"request, session, g, and current_app are all proxies tied to a context. They only work while the right app or request context is active.",0.08865248226950355,0.21052631578947367,0.16,0.1818181818181818,0.0,0.0,0.0,0.15789473684210525,0.12,0.13636363636363635,0.8618043661117554,0.8540030121803284,0.8578859567642212,0.22634732723236084
The application will raise a RuntimeError if the 'static_folder' is not set when trying to serve static files.,"Flask's session object doesn't notice when you mutate something in place, like appending to a list. You need to manually set session.modified = True when that happens.",0.08090614886731393,0.21052631578947367,0.13793103448275862,0.16666666666666666,0.0,0.0,0.0,0.15789473684210525,0.10344827586206896,0.125,0.8675671219825745,0.8620803356170654,0.8648149967193604,0.2168315351009369
The application will raise a RuntimeError if the 'static_folder' is not set when trying to serve static files.,Sessions are stored in a signed cookie that normally disappears when the browser closes. Setting permanent to True keeps it alive for as long as PERMANENT_SESSION_LIFETIME says.,0.10638297872340427,0.2631578947368421,0.1724137931034483,0.20833333333333334,0.0,0.0,0.0,0.21052631578947367,0.13793103448275862,0.16666666666666666,0.8557227849960327,0.8250980377197266,0.840131402015686,0.11538389325141907
The application will raise a RuntimeError if the 'static_folder' is not set when trying to serve static files.,"Trailing slashes matter for routing. A route defined with a trailing slash will redirect a request without one to the slash version, and a route without a trailing slash returns a 404 if someone requests it with one.",0.07692307692307691,0.2631578947368421,0.13157894736842105,0.17543859649122803,0.0,0.0,0.0,0.15789473684210525,0.07894736842105263,0.10526315789473684,0.8553415536880493,0.8408558964729309,0.8480368256568909,0.22455677390098572
The application will raise a RuntimeError if the 'static_folder' is not set when trying to serve static files.,"If a route has a default value and also accepts POST, the version with the default should only handle GET, since a redirect can't carry form data along with it.",0.07645259938837921,0.21052631578947367,0.12903225806451613,0.15999999999999998,0.0,0.0,0.0,0.10526315789473684,0.06451612903225806,0.07999999999999999,0.8547190427780151,0.8420780897140503,0.8483514189720154,0.0843471810221672
The application will raise a RuntimeError if the 'static_folder' is not set when trying to serve static files.,"Routes default to handling GET, along with HEAD. OPTIONS gets added automatically unless provide_automatic_options is turned off.",0.0746268656716418,0.10526315789473684,0.10526315789473684,0.10526315789473684,0.0,0.0,0.0,0.05263157894736842,0.05263157894736842,0.05263157894736842,0.8498181104660034,0.8592847585678101,0.8545252084732056,0.1610531508922577
The application will raise a RuntimeError if the 'static_folder' is not set when trying to serve static files.,"A view's endpoint name comes from its function name unless you set one explicitly, and it automatically gets prefixed with the blueprint's name if it's registered through one.",0.07861635220125786,0.21052631578947367,0.12903225806451613,0.15999999999999998,0.0,0.0,0.0,0.10526315789473684,0.06451612903225806,0.07999999999999999,0.8509098887443542,0.8347750902175903,0.8427653312683105,0.050801437348127365
The application will raise a RuntimeError if the 'static_folder' is not set when trying to serve static files.,"If a view function has a required_methods attribute, Flask will always include those methods on the route, even if you explicitly set different ones in the route() call.",0.11006289308176101,0.3157894736842105,0.20689655172413793,0.25,0.0,0.0,0.0,0.15789473684210525,0.10344827586206896,0.125,0.8764832019805908,0.8603335618972778,0.8683332800865173,0.24480383098125458
"The application will only allow resources to be opened in read mode ('r', 'rt', 'rb').","request, session, g, and current_app are all proxies tied to a context. They only work while the right app or request context is active.",0.10452961672473869,0.2,0.12,0.15,0.0,0.0,0.0,0.06666666666666667,0.04,0.05,0.8564374446868896,0.8541926145553589,0.8553135991096497,0.2840452790260315
"The application will only allow resources to be opened in read mode ('r', 'rt', 'rb').","Flask's session object doesn't notice when you mutate something in place, like appending to a list. You need to manually set session.modified = True when that happens.",0.06369426751592357,0.13333333333333333,0.06896551724137931,0.09090909090909091,0.0,0.0,0.0,0.06666666666666667,0.034482758620689655,0.045454545454545456,0.8329397439956665,0.8459309339523315,0.8393850922584534,0.06836680322885513
"The application will only allow resources to be opened in read mode ('r', 'rt', 'rb').",Sessions are stored in a signed cookie that normally disappears when the browser closes. Setting permanent to True keeps it alive for as long as PERMANENT_SESSION_LIFETIME says.,0.08710801393728222,0.2,0.10344827586206896,0.13636363636363635,0.0,0.0,0.0,0.13333333333333333,0.06896551724137931,0.09090909090909091,0.8276364207267761,0.8082174062728882,0.8178116679191589,0.0873948484659195
"The application will only allow resources to be opened in read mode ('r', 'rt', 'rb').","Trailing slashes matter for routing. A route defined with a trailing slash will redirect a request without one to the slash version, and a route without a trailing slash returns a 404 if someone requests it with one.",0.06329113924050633,0.2,0.07894736842105263,0.11320754716981134,0.0,0.0,0.0,0.13333333333333333,0.05263157894736842,0.07547169811320754,0.82823246717453,0.824109673500061,0.8261659145355225,0.06081707775592804
"The application will only allow resources to be opened in read mode ('r', 'rt', 'rb').","If a route has a default value and also accepts POST, the version with the default should only handle GET, since a redirect can't carry form data along with it.",0.0753012048192771,0.13333333333333333,0.06451612903225806,0.08695652173913043,0.0,0.0,0.0,0.13333333333333333,0.06451612903225806,0.08695652173913043,0.8378037810325623,0.840196430683136,0.8389984369277954,0.057064130902290344
"The application will only allow resources to be opened in read mode ('r', 'rt', 'rb').","Routes default to handling GET, along with HEAD. OPTIONS gets added automatically unless provide_automatic_options is turned off.",0.07281553398058252,0.06666666666666667,0.05263157894736842,0.058823529411764705,0.0,0.0,0.0,0.06666666666666667,0.05263157894736842,0.058823529411764705,0.8391940593719482,0.8365563154220581,0.837873101234436,0.2126801759004593
"The application will only allow resources to be opened in read mode ('r', 'rt', 'rb').","A view's endpoint name comes from its function name unless you set one explicitly, and it automatically gets prefixed with the blueprint's name if it's registered through one.",0.04643962848297213,0.06666666666666667,0.03225806451612903,0.043478260869565216,0.0,0.0,0.0,0.06666666666666667,0.03225806451612903,0.043478260869565216,0.8306232690811157,0.8197367191314697,0.8251441121101379,0.10234451293945312
"The application will only allow resources to be opened in read mode ('r', 'rt', 'rb').","If a view function has a required_methods attribute, Flask will always include those methods on the route, even if you explicitly set different ones in the route() call.",0.1238390092879257,0.2,0.10344827586206896,0.13636363636363635,0.0,0.0,0.0,0.13333333333333333,0.06896551724137931,0.09090909090909091,0.8352594971656799,0.8375238180160522,0.8363901376724243,0.05085032805800438
The application will return None for the max age of a file if the 'SEND_FILE_MAX_AGE_DEFAULT' configuration is set to None.,"request, session, g, and current_app are all proxies tied to a context. They only work while the right app or request context is active.",0.0880281690140845,0.16666666666666666,0.16,0.16326530612244897,0.0,0.0,0.0,0.125,0.12,0.12244897959183673,0.8449682593345642,0.848794162273407,0.8468769192695618,0.13742034137248993
The application will return None for the max age of a file if the 'SEND_FILE_MAX_AGE_DEFAULT' configuration is set to None.,"Flask's session object doesn't notice when you mutate something in place, like appending to a list. You need to manually set session.modified = True when that happens.",0.06430868167202572,0.125,0.10344827586206896,0.11320754716981132,0.0,0.0,0.0,0.08333333333333333,0.06896551724137931,0.07547169811320754,0.8429215550422668,0.8584538102149963,0.8506167531013489,0.16961735486984253
The application will return None for the max age of a file if the 'SEND_FILE_MAX_AGE_DEFAULT' configuration is set to None.,Sessions are stored in a signed cookie that normally disappears when the browser closes. Setting permanent to True keeps it alive for as long as PERMANENT_SESSION_LIFETIME says.,0.10563380281690139,0.20833333333333334,0.1724137931034483,0.18867924528301888,0.0,0.0,0.0,0.16666666666666666,0.13793103448275862,0.1509433962264151,0.8631719350814819,0.8376607894897461,0.850225031375885,0.24849556386470795
The application will return None for the max age of a file if the 'SEND_FILE_MAX_AGE_DEFAULT' configuration is set to None.,"Trailing slashes matter for routing. A route defined with a trailing slash will redirect a request without one to the slash version, and a route without a trailing slash returns a 404 if someone requests it with one.",0.10204081632653061,0.2916666666666667,0.18421052631578946,0.22580645161290325,0.0,0.0,0.0,0.16666666666666666,0.10526315789473684,0.12903225806451615,0.8271933794021606,0.8401787281036377,0.8336355090141296,0.0757887065410614
The application will return None for the max age of a file if the 'SEND_FILE_MAX_AGE_DEFAULT' configuration is set to None.,"If a route has a default value and also accepts POST, the version with the default should only handle GET, since a redirect can't carry form data along with it.",0.07598784194528875,0.20833333333333334,0.16129032258064516,0.1818181818181818,0.0,0.0,0.0,0.125,0.0967741935483871,0.10909090909090909,0.8300535678863525,0.8454983234405518,0.8377047777175903,0.2566986382007599
The application will return None for the max age of a file if the 'SEND_FILE_MAX_AGE_DEFAULT' configuration is set to None.,"Routes default to handling GET, along with HEAD. OPTIONS gets added automatically unless provide_automatic_options is turned off.",0.07389162561576354,0.125,0.15789473684210525,0.13953488372093023,0.0,0.0,0.0,0.08333333333333333,0.10526315789473684,0.0930232558139535,0.8488991260528564,0.8625841736793518,0.8556869626045227,0.23812595009803772
The application will return None for the max age of a file if the 'SEND_FILE_MAX_AGE_DEFAULT' configuration is set to None.,"A view's endpoint name comes from its function name unless you set one explicitly, and it automatically gets prefixed with the blueprint's name if it's registered through one.",0.078125,0.16666666666666666,0.12903225806451613,0.14545454545454548,0.0,0.0,0.0,0.08333333333333333,0.06451612903225806,0.07272727272727274,0.8330284357070923,0.8389421105384827,0.8359747529029846,0.030688613653182983
The application will return None for the max age of a file if the 'SEND_FILE_MAX_AGE_DEFAULT' configuration is set to None.,"If a view function has a required_methods attribute, Flask will always include those methods on the route, even if you explicitly set different ones in the route() call.",0.10937500000000001,0.25,0.20689655172413793,0.22641509433962265,0.0,0.0,0.0,0.16666666666666666,0.13793103448275862,0.1509433962264151,0.8609781265258789,0.8581099510192871,0.8595415949821472,0.08968672156333923
The application will use the 'SERVER_NAME' configuration to determine the host for URL generation when not in an active request.,"request, session, g, and current_app are all proxies tied to a context. They only work while the right app or request context is active.",0.0880281690140845,0.19047619047619047,0.16,0.17391304347826086,0.0,0.0,0.0,0.14285714285714285,0.12,0.13043478260869565,0.8694140315055847,0.863614559173584,0.8665046095848083,0.4128563404083252
The application will use the 'SERVER_NAME' configuration to determine the host for URL generation when not in an active request.,"Flask's session object doesn't notice when you mutate something in place, like appending to a list. You need to manually set session.modified = True when that happens.",0.06430868167202572,0.14285714285714285,0.10344827586206896,0.12000000000000001,0.0,0.0,0.0,0.09523809523809523,0.06896551724137931,0.08,0.8611398935317993,0.8518933057785034,0.8564916253089905,0.014177192002534866
The application will use the 'SERVER_NAME' configuration to determine the host for URL generation when not in an active request.,Sessions are stored in a signed cookie that normally disappears when the browser closes. Setting permanent to True keeps it alive for as long as PERMANENT_SESSION_LIFETIME says.,0.10563380281690139,0.23809523809523808,0.1724137931034483,0.19999999999999998,0.0,0.0,0.0,0.14285714285714285,0.10344827586206896,0.12000000000000001,0.8617938160896301,0.8288771510124207,0.8450150489807129,0.2246793806552887
The application will use the 'SERVER_NAME' configuration to determine the host for URL generation when not in an active request.,"Trailing slashes matter for routing. A route defined with a trailing slash will redirect a request without one to the slash version, and a route without a trailing slash returns a 404 if someone requests it with one.",0.07653061224489796,0.23809523809523808,0.13157894736842105,0.1694915254237288,0.0,0.0,0.0,0.19047619047619047,0.10526315789473684,0.13559322033898305,0.8557593822479248,0.8379237651824951,0.846747636795044,0.2628963589668274
The application will use the 'SERVER_NAME' configuration to determine the host for URL generation when not in an active request.,"If a route has a default value and also accepts POST, the version with the default should only handle GET, since a redirect can't carry form data along with it.",0.04559270516717325,0.09523809523809523,0.06451612903225806,0.07692307692307691,0.0,0.0,0.0,0.09523809523809523,0.06451612903225806,0.07692307692307691,0.854236900806427,0.84410560131073,0.849141001701355,0.2709929049015045
The application will use the 'SERVER_NAME' configuration to determine the host for URL generation when not in an active request.,"Routes default to handling GET, along with HEAD. OPTIONS gets added automatically unless provide_automatic_options is turned off.",0.04926108374384237,0.047619047619047616,0.05263157894736842,0.05,0.0,0.0,0.0,0.047619047619047616,0.05263157894736842,0.05,0.8516993522644043,0.8564317226409912,0.8540589809417725,0.3151005804538727
The application will use the 'SERVER_NAME' configuration to determine the host for URL generation when not in an active request.,"A view's endpoint name comes from its function name unless you set one explicitly, and it automatically gets prefixed with the blueprint's name if it's registered through one.",0.046875,0.09523809523809523,0.06451612903225806,0.07692307692307691,0.0,0.0,0.0,0.09523809523809523,0.06451612903225806,0.07692307692307691,0.8620560765266418,0.8427891731262207,0.852313756942749,0.19696550071239471
The application will use the 'SERVER_NAME' configuration to determine the host for URL generation when not in an active request.,"If a view function has a required_methods attribute, Flask will always include those methods on the route, even if you explicitly set different ones in the route() call.",0.09375,0.19047619047619047,0.13793103448275862,0.16,0.0,0.0,0.0,0.14285714285714285,0.10344827586206896,0.12000000000000001,0.8705011606216431,0.8574951887130737,0.8639492392539978,0.07972008734941483
The application will log exceptions and return a 500 Internal Server Error if no error handler is found for an unhandled exception.,"request, session, g, and current_app are all proxies tied to a context. They only work while the right app or request context is active.",0.0880281690140845,0.18181818181818182,0.16,0.1702127659574468,0.0,0.0,0.0,0.13636363636363635,0.12,0.1276595744680851,0.8396400809288025,0.8449417352676392,0.8422825932502747,0.24391266703605652
The application will log exceptions and return a 500 Internal Server Error if no error handler is found for an unhandled exception.,"Flask's session object doesn't notice when you mutate something in place, like appending to a list. You need to manually set session.modified = True when that happens.",0.04823151125401928,0.045454545454545456,0.034482758620689655,0.0392156862745098,0.0,0.0,0.0,0.045454545454545456,0.034482758620689655,0.0392156862745098,0.8395979404449463,0.8477672934532166,0.8436627984046936,0.020004481077194214
The application will log exceptions and return a 500 Internal Server Error if no error handler is found for an unhandled exception.,Sessions are stored in a signed cookie that normally disappears when the browser closes. Setting permanent to True keeps it alive for as long as PERMANENT_SESSION_LIFETIME says.,0.0704225352112676,0.13636363636363635,0.10344827586206896,0.11764705882352941,0.0,0.0,0.0,0.09090909090909091,0.06896551724137931,0.0784313725490196,0.838815450668335,0.8117613792419434,0.8250666856765747,0.1738809049129486
The application will log exceptions and return a 500 Internal Server Error if no error handler is found for an unhandled exception.,"Trailing slashes matter for routing. A route defined with a trailing slash will redirect a request without one to the slash version, and a route without a trailing slash returns a 404 if someone requests it with one.",0.13572225765306123,0.3181818181818182,0.18421052631578946,0.23333333333333334,0.047619047619047616,0.02702702702702703,0.034482758620689655,0.22727272727272727,0.13157894736842105,0.16666666666666666,0.859033465385437,0.8415695428848267,0.8502117991447449,0.11737962067127228
The application will log exceptions and return a 500 Internal Server Error if no error handler is found for an unhandled exception.,"If a route has a default value and also accepts POST, the version with the default should only handle GET, since a redirect can't carry form data along with it.",0.0911854103343465,0.18181818181818182,0.12903225806451613,0.1509433962264151,0.0,0.0,0.0,0.09090909090909091,0.06451612903225806,0.07547169811320754,0.8452947735786438,0.8396220207214355,0.842448890209198,0.0800708681344986
The application will log exceptions and return a 500 Internal Server Error if no error handler is found for an unhandled exception.,"Routes default to handling GET, along with HEAD. OPTIONS gets added automatically unless provide_automatic_options is turned off.",0.07389162561576354,0.045454545454545456,0.05263157894736842,0.04878048780487805,0.0,0.0,0.0,0.045454545454545456,0.05263157894736842,0.04878048780487805,0.8382440805435181,0.8434637188911438,0.8408457636833191,0.09460802376270294
The application will log exceptions and return a 500 Internal Server Error if no error handler is found for an unhandled exception.,"A view's endpoint name comes from its function name unless you set one explicitly, and it automatically gets prefixed with the blueprint's name if it's registered through one.",0.09375,0.18181818181818182,0.12903225806451613,0.1509433962264151,0.0,0.0,0.0,0.09090909090909091,0.06451612903225806,0.07547169811320754,0.8428107500076294,0.8317103981971741,0.8372237682342529,0.1276502013206482
The application will log exceptions and return a 500 Internal Server Error if no error handler is found for an unhandled exception.,"If a view function has a required_methods attribute, Flask will always include those methods on the route, even if you explicitly set different ones in the route() call.",0.078125,0.18181818181818182,0.13793103448275862,0.1568627450980392,0.0,0.0,0.0,0.09090909090909091,0.06896551724137931,0.0784313725490196,0.8482623100280762,0.8446224927902222,0.846438467502594,0.0915016233921051
The application will not propagate exceptions if 'PROPAGATE_EXCEPTIONS' is set to False.,"request, session, g, and current_app are all proxies tied to a context. They only work while the right app or request context is active.",0.07246376811594203,0.23076923076923078,0.12,0.15789473684210525,0.0,0.0,0.0,0.15384615384615385,0.08,0.10526315789473685,0.836776614189148,0.8505862355232239,0.8436248898506165,0.2648382782936096
The application will not propagate exceptions if 'PROPAGATE_EXCEPTIONS' is set to False.,"Flask's session object doesn't notice when you mutate something in place, like appending to a list. You need to manually set session.modified = True when that happens.",0.04950495049504951,0.15384615384615385,0.06896551724137931,0.09523809523809525,0.0,0.0,0.0,0.07692307692307693,0.034482758620689655,0.04761904761904762,0.8567808866500854,0.8639093637466431,0.86033034324646,0.07312005013227463
The application will not propagate exceptions if 'PROPAGATE_EXCEPTIONS' is set to False.,Sessions are stored in a signed cookie that normally disappears when the browser closes. Setting permanent to True keeps it alive for as long as PERMANENT_SESSION_LIFETIME says.,0.07246376811594203,0.23076923076923078,0.10344827586206896,0.14285714285714288,0.0,0.0,0.0,0.23076923076923078,0.10344827586206896,0.14285714285714288,0.8618102669715881,0.8394417762756348,0.8504789471626282,-0.05836329609155655
The application will not propagate exceptions if 'PROPAGATE_EXCEPTIONS' is set to False.,"Trailing slashes matter for routing. A route defined with a trailing slash will redirect a request without one to the slash version, and a route without a trailing slash returns a 404 if someone requests it with one.",0.06510416666666667,0.3076923076923077,0.10526315789473684,0.1568627450980392,0.0,0.0,0.0,0.15384615384615385,0.05263157894736842,0.0784313725490196,0.8289669752120972,0.8350744247436523,0.832009494304657,0.11130094528198242
The application will not propagate exceptions if 'PROPAGATE_EXCEPTIONS' is set to False.,"If a route has a default value and also accepts POST, the version with the default should only handle GET, since a redirect can't carry form data along with it.",0.04672897196261683,0.15384615384615385,0.06451612903225806,0.09090909090909091,0.0,0.0,0.0,0.07692307692307693,0.03225806451612903,0.045454545454545456,0.8343901038169861,0.8430789709091187,0.8387120962142944,0.1836617887020111
The application will not propagate exceptions if 'PROPAGATE_EXCEPTIONS' is set to False.,"Routes default to handling GET, along with HEAD. OPTIONS gets added automatically unless provide_automatic_options is turned off.",0.07692307692307691,0.15384615384615385,0.10526315789473684,0.125,0.0,0.0,0.0,0.07692307692307693,0.05263157894736842,0.0625,0.8533666729927063,0.8682844638824463,0.8607609272003174,0.15637926757335663
The application will not propagate exceptions if 'PROPAGATE_EXCEPTIONS' is set to False.,"A view's endpoint name comes from its function name unless you set one explicitly, and it automatically gets prefixed with the blueprint's name if it's registered through one.",0.0641025641025641,0.23076923076923078,0.0967741935483871,0.13636363636363635,0.0,0.0,0.0,0.15384615384615385,0.06451612903225806,0.09090909090909091,0.827822744846344,0.8318530321121216,0.8298329710960388,0.09738516807556152
The application will not propagate exceptions if 'PROPAGATE_EXCEPTIONS' is set to False.,"If a view function has a required_methods attribute, Flask will always include those methods on the route, even if you explicitly set different ones in the route() call.",0.08012820512820513,0.3076923076923077,0.13793103448275862,0.1904761904761905,0.0,0.0,0.0,0.23076923076923078,0.10344827586206896,0.14285714285714288,0.8621129989624023,0.8575670719146729,0.8598340749740601,0.1855868399143219
The application will automatically reload in debug mode when code changes are detected.,"request, session, g, and current_app are all proxies tied to a context. They only work while the right app or request context is active.",0.05454545454545454,0.15384615384615385,0.08,0.10526315789473685,0.0,0.0,0.0,0.07692307692307693,0.04,0.052631578947368425,0.873144268989563,0.847836971282959,0.8603045344352722,0.2065500020980835
The application will automatically reload in debug mode when code changes are detected.,"Flask's session object doesn't notice when you mutate something in place, like appending to a list. You need to manually set session.modified = True when that happens.",0.049668874172185434,0.15384615384615385,0.06896551724137931,0.09523809523809525,0.0,0.0,0.0,0.15384615384615385,0.06896551724137931,0.09523809523809525,0.8806127309799194,0.8608711957931519,0.8706300854682922,0.06418701261281967
The application will automatically reload in debug mode when code changes are detected.,Sessions are stored in a signed cookie that normally disappears when the browser closes. Setting permanent to True keeps it alive for as long as PERMANENT_SESSION_LIFETIME says.,0.09090909090909093,0.3076923076923077,0.13793103448275862,0.1904761904761905,0.0,0.0,0.0,0.15384615384615385,0.06896551724137931,0.09523809523809525,0.866937518119812,0.8146156668663025,0.8399626016616821,0.22078606486320496
The application will automatically reload in debug mode when code changes are detected.,"Trailing slashes matter for routing. A route defined with a trailing slash will redirect a request without one to the slash version, and a route without a trailing slash returns a 404 if someone requests it with one.",0.0391644908616188,0.15384615384615385,0.05263157894736842,0.0784313725490196,0.0,0.0,0.0,0.07692307692307693,0.02631578947368421,0.0392156862745098,0.8709200620651245,0.8339417576789856,0.8520298600196838,-0.025724828243255615
The application will automatically reload in debug mode when code changes are detected.,"If a route has a default value and also accepts POST, the version with the default should only handle GET, since a redirect can't carry form data along with it.",0.03125,0.07692307692307693,0.03225806451612903,0.045454545454545456,0.0,0.0,0.0,0.07692307692307693,0.03225806451612903,0.045454545454545456,0.8686127662658691,0.8385027050971985,0.8532921671867371,0.0315895713865757
The application will automatically reload in debug mode when code changes are detected.,"Routes default to handling GET, along with HEAD. OPTIONS gets added automatically unless provide_automatic_options is turned off.",0.05154639175257732,0.07692307692307693,0.05263157894736842,0.0625,0.0,0.0,0.0,0.07692307692307693,0.05263157894736842,0.0625,0.8707318902015686,0.8486618995666504,0.8595553040504456,0.08592543751001358
The application will automatically reload in debug mode when code changes are detected.,"A view's endpoint name comes from its function name unless you set one explicitly, and it automatically gets prefixed with the blueprint's name if it's registered through one.",0.048231511254019296,0.15384615384615385,0.06451612903225806,0.09090909090909091,0.0,0.0,0.0,0.07692307692307693,0.03225806451612903,0.045454545454545456,0.8732670545578003,0.8346632719039917,0.8535288572311401,0.14571863412857056
The application will automatically reload in debug mode when code changes are detected.,"If a view function has a required_methods attribute, Flask will always include those methods on the route, even if you explicitly set different ones in the route() call.",0.06430868167202572,0.23076923076923078,0.10344827586206896,0.14285714285714288,0.0,0.0,0.0,0.15384615384615385,0.06896551724137931,0.09523809523809525,0.8774726390838623,0.8482198715209961,0.8625983595848083,0.003984232433140278
The application will suppress server errors with a generic error page unless it is in debug mode.,"request, session, g, and current_app are all proxies tied to a context. They only work while the right app or request context is active.",0.07168458781362007,0.17647058823529413,0.12,0.14285714285714282,0.0,0.0,0.0,0.11764705882352941,0.08,0.09523809523809526,0.8636212348937988,0.8438194990158081,0.8536055684089661,0.2026345133781433
The application will suppress server errors with a generic error page unless it is in debug mode.,"Flask's session object doesn't notice when you mutate something in place, like appending to a list. You need to manually set session.modified = True when that happens.",0.04901960784313726,0.11764705882352941,0.06896551724137931,0.08695652173913043,0.0,0.0,0.0,0.058823529411764705,0.034482758620689655,0.043478260869565216,0.8615683317184448,0.8475520610809326,0.8545027375221252,0.002796660177409649
The application will suppress server errors with a generic error page unless it is in debug mode.,Sessions are stored in a signed cookie that normally disappears when the browser closes. Setting permanent to True keeps it alive for as long as PERMANENT_SESSION_LIFETIME says.,0.08960573476702512,0.23529411764705882,0.13793103448275862,0.17391304347826086,0.0,0.0,0.0,0.11764705882352941,0.06896551724137931,0.08695652173913043,0.8565634489059448,0.810417890548706,0.8328519463539124,0.17565768957138062
The application will suppress server errors with a generic error page unless it is in debug mode.,"Trailing slashes matter for routing. A route defined with a trailing slash will redirect a request without one to the slash version, and a route without a trailing slash returns a 404 if someone requests it with one.",0.07751937984496123,0.29411764705882354,0.13157894736842105,0.1818181818181818,0.0625,0.02702702702702703,0.03773584905660377,0.17647058823529413,0.07894736842105263,0.10909090909090909,0.857741117477417,0.8338549137115479,0.8456293940544128,0.1546766459941864
The application will suppress server errors with a generic error page unless it is in debug mode.,"If a route has a default value and also accepts POST, the version with the default should only handle GET, since a redirect can't carry form data along with it.",0.07716049382716049,0.23529411764705882,0.12903225806451613,0.16666666666666666,0.0,0.0,0.0,0.23529411764705882,0.12903225806451613,0.16666666666666666,0.8600383996963501,0.839605450630188,0.849699079990387,0.14519214630126953
The application will suppress server errors with a generic error page unless it is in debug mode.,"Routes default to handling GET, along with HEAD. OPTIONS gets added automatically unless provide_automatic_options is turned off.",0.10101010101010102,0.17647058823529413,0.15789473684210525,0.16666666666666669,0.0,0.0,0.0,0.17647058823529413,0.15789473684210525,0.16666666666666669,0.8656870126724243,0.8515354990959167,0.8585529923439026,0.1321091651916504
The application will suppress server errors with a generic error page unless it is in debug mode.,"A view's endpoint name comes from its function name unless you set one explicitly, and it automatically gets prefixed with the blueprint's name if it's registered through one.",0.09523809523809525,0.29411764705882354,0.16129032258064516,0.20833333333333331,0.0,0.0,0.0,0.17647058823529413,0.0967741935483871,0.125,0.8675281405448914,0.8357206583023071,0.8513274192810059,0.1022244244813919
The application will suppress server errors with a generic error page unless it is in debug mode.,"If a view function has a required_methods attribute, Flask will always include those methods on the route, even if you explicitly set different ones in the route() call.",0.07936507936507937,0.23529411764705882,0.13793103448275862,0.17391304347826086,0.0,0.0,0.0,0.11764705882352941,0.06896551724137931,0.08695652173913043,0.865418553352356,0.8431298136711121,0.8541288375854492,0.09682032465934753
The application will require the 'SERVER_NAME' configuration to be set for generating external URLs outside of an active request.,"request, session, g, and current_app are all proxies tied to a context. They only work while the right app or request context is active.",0.088339222614841,0.2,0.16,0.17777777777777778,0.0,0.0,0.0,0.1,0.08,0.08888888888888889,0.8721768856048584,0.8606422543525696,0.866371214389801,0.4612194895744324
The application will require the 'SERVER_NAME' configuration to be set for generating external URLs outside of an active request.,"Flask's session object doesn't notice when you mutate something in place, like appending to a list. You need to manually set session.modified = True when that happens.",0.04838709677419354,0.1,0.06896551724137931,0.08163265306122448,0.0,0.0,0.0,0.1,0.06896551724137931,0.08163265306122448,0.8656139373779297,0.8538071513175964,0.8596699833869934,0.10004906356334686
The application will require the 'SERVER_NAME' configuration to be set for generating external URLs outside of an active request.,Sessions are stored in a signed cookie that normally disappears when the browser closes. Setting permanent to True keeps it alive for as long as PERMANENT_SESSION_LIFETIME says.,0.088339222614841,0.2,0.13793103448275862,0.16326530612244897,0.0,0.0,0.0,0.15,0.10344827586206896,0.12244897959183673,0.8642541766166687,0.8261553049087524,0.844775378704071,0.17189708352088928
The application will require the 'SERVER_NAME' configuration to be set for generating external URLs outside of an active request.,"Trailing slashes matter for routing. A route defined with a trailing slash will redirect a request without one to the slash version, and a route without a trailing slash returns a 404 if someone requests it with one.",0.07672634271099743,0.25,0.13157894736842105,0.1724137931034483,0.0,0.0,0.0,0.15,0.07894736842105263,0.10344827586206896,0.8575251698493958,0.8375232815742493,0.8474062085151672,0.3014470934867859
The application will require the 'SERVER_NAME' configuration to be set for generating external URLs outside of an active request.,"If a route has a default value and also accepts POST, the version with the default should only handle GET, since a redirect can't carry form data along with it.",0.04573170731707316,0.1,0.06451612903225806,0.0784313725490196,0.0,0.0,0.0,0.1,0.06451612903225806,0.0784313725490196,0.8564596772193909,0.8430780172348022,0.8497161865234375,0.2779168486595154
The application will require the 'SERVER_NAME' configuration to be set for generating external URLs outside of an active request.,"Routes default to handling GET, along with HEAD. OPTIONS gets added automatically unless provide_automatic_options is turned off.",0.049504950495049514,0.05,0.05263157894736842,0.05128205128205128,0.0,0.0,0.0,0.05,0.05263157894736842,0.05128205128205128,0.8546428680419922,0.8561459183692932,0.8553937673568726,0.3864072561264038
The application will require the 'SERVER_NAME' configuration to be set for generating external URLs outside of an active request.,"A view's endpoint name comes from its function name unless you set one explicitly, and it automatically gets prefixed with the blueprint's name if it's registered through one.",0.04702194357366771,0.15,0.0967741935483871,0.11764705882352941,0.0,0.0,0.0,0.1,0.06451612903225806,0.0784313725490196,0.8629831075668335,0.8372452259063721,0.849919319152832,0.2119717299938202
The application will require the 'SERVER_NAME' configuration to be set for generating external URLs outside of an active request.,"If a view function has a required_methods attribute, Flask will always include those methods on the route, even if you explicitly set different ones in the route() call.",0.07836990595611286,0.25,0.1724137931034483,0.20408163265306123,0.0,0.0,0.0,0.15,0.10344827586206896,0.12244897959183673,0.8723198771476746,0.8559008836746216,0.8640323877334595,0.1858125776052475
The 'after_this_request' function can only be used when a request context is active.,"request, session, g, and current_app are all proxies tied to a context. They only work while the right app or request context is active.",0.29705397334759553,0.5333333333333333,0.32,0.4,0.21428571428571427,0.125,0.15789473684210525,0.4,0.24,0.3,0.9067103266716003,0.8871130347251892,0.8968046307563782,0.42867934703826904
The 'after_this_request' function can only be used when a request context is active.,"Flask's session object doesn't notice when you mutate something in place, like appending to a list. You need to manually set session.modified = True when that happens.",0.049342105263157895,0.13333333333333333,0.06896551724137931,0.09090909090909091,0.0,0.0,0.0,0.13333333333333333,0.06896551724137931,0.09090909090909091,0.8619045615196228,0.8594925999641418,0.8606969118118286,0.3231245279312134
The 'after_this_request' function can only be used when a request context is active.,Sessions are stored in a signed cookie that normally disappears when the browser closes. Setting permanent to True keeps it alive for as long as PERMANENT_SESSION_LIFETIME says.,0.07220216606498195,0.2,0.10344827586206896,0.13636363636363635,0.0,0.0,0.0,0.06666666666666667,0.034482758620689655,0.045454545454545456,0.8637087345123291,0.8287432193756104,0.8458648324012756,0.22115527093410492
The 'after_this_request' function can only be used when a request context is active.,"Trailing slashes matter for routing. A route defined with a trailing slash will redirect a request without one to the slash version, and a route without a trailing slash returns a 404 if someone requests it with one.",0.051948051948051945,0.26666666666666666,0.10526315789473684,0.1509433962264151,0.07142857142857142,0.02702702702702703,0.0392156862745098,0.2,0.07894736842105263,0.11320754716981134,0.8515198230743408,0.8397594094276428,0.8455987572669983,0.13874444365501404
The 'after_this_request' function can only be used when a request context is active.,"If a route has a default value and also accepts POST, the version with the default should only handle GET, since a redirect can't carry form data along with it.",0.062111801242236024,0.26666666666666666,0.12903225806451613,0.17391304347826086,0.0,0.0,0.0,0.2,0.0967741935483871,0.13043478260869568,0.8534145355224609,0.8488177061080933,0.8511099219322205,0.28987473249435425
The 'after_this_request' function can only be used when a request context is active.,"Routes default to handling GET, along with HEAD. OPTIONS gets added automatically unless provide_automatic_options is turned off.",0.05102040816326531,0.06666666666666667,0.05263157894736842,0.058823529411764705,0.0,0.0,0.0,0.06666666666666667,0.05263157894736842,0.058823529411764705,0.8594732284545898,0.8573986291885376,0.8584346771240234,0.3706895709037781
The 'after_this_request' function can only be used when a request context is active.,"A view's endpoint name comes from its function name unless you set one explicitly, and it automatically gets prefixed with the blueprint's name if it's registered through one.",0.06389776357827476,0.2,0.0967741935483871,0.13043478260869568,0.0,0.0,0.0,0.06666666666666667,0.03225806451612903,0.043478260869565216,0.8570680618286133,0.8401020765304565,0.8485002517700195,0.1783604621887207
The 'after_this_request' function can only be used when a request context is active.,"If a view function has a required_methods attribute, Flask will always include those methods on the route, even if you explicitly set different ones in the route() call.",0.06389776357827476,0.2,0.10344827586206896,0.13636363636363635,0.0,0.0,0.0,0.13333333333333333,0.06896551724137931,0.09090909090909091,0.8773976564407349,0.862200140953064,0.8697324991226196,0.3369061350822449
The 'copy_current_request_context' function can only be used when a request context is active.,"request, session, g, and current_app are all proxies tied to a context. They only work while the right app or request context is active.",0.29705397334759553,0.625,0.4,0.48780487804878053,0.2,0.125,0.15384615384615385,0.4375,0.28,0.34146341463414637,0.9104208946228027,0.889258623123169,0.8997153639793396,0.46501418948173523
The 'copy_current_request_context' function can only be used when a request context is active.,"Flask's session object doesn't notice when you mutate something in place, like appending to a list. You need to manually set session.modified = True when that happens.",0.049342105263157895,0.125,0.06896551724137931,0.08888888888888889,0.0,0.0,0.0,0.125,0.06896551724137931,0.08888888888888889,0.8596565127372742,0.8598640561103821,0.8597602248191833,0.2347603589296341
The 'copy_current_request_context' function can only be used when a request context is active.,Sessions are stored in a signed cookie that normally disappears when the browser closes. Setting permanent to True keeps it alive for as long as PERMANENT_SESSION_LIFETIME says.,0.07220216606498195,0.1875,0.10344827586206896,0.13333333333333333,0.0,0.0,0.0,0.0625,0.034482758620689655,0.044444444444444446,0.8665851354598999,0.8289463520050049,0.8473480343818665,0.1632935255765915
The 'copy_current_request_context' function can only be used when a request context is active.,"Trailing slashes matter for routing. A route defined with a trailing slash will redirect a request without one to the slash version, and a route without a trailing slash returns a 404 if someone requests it with one.",0.051948051948051945,0.25,0.10526315789473684,0.14814814814814814,0.06666666666666667,0.02702702702702703,0.038461538461538464,0.1875,0.07894736842105263,0.11111111111111109,0.8466899394989014,0.8388922810554504,0.8427731394767761,0.11648416519165039
The 'copy_current_request_context' function can only be used when a request context is active.,"If a route has a default value and also accepts POST, the version with the default should only handle GET, since a redirect can't carry form data along with it.",0.062111801242236024,0.25,0.12903225806451613,0.1702127659574468,0.0,0.0,0.0,0.1875,0.0967741935483871,0.12765957446808507,0.850396454334259,0.8487645387649536,0.8495796918869019,0.2086227536201477
The 'copy_current_request_context' function can only be used when a request context is active.,"Routes default to handling GET, along with HEAD. OPTIONS gets added automatically unless provide_automatic_options is turned off.",0.05102040816326531,0.0625,0.05263157894736842,0.05714285714285714,0.0,0.0,0.0,0.0625,0.05263157894736842,0.05714285714285714,0.8636575937271118,0.8576955795288086,0.8606662750244141,0.23705032467842102
The 'copy_current_request_context' function can only be used when a request context is active.,"A view's endpoint name comes from its function name unless you set one explicitly, and it automatically gets prefixed with the blueprint's name if it's registered through one.",0.06389776357827476,0.1875,0.0967741935483871,0.12765957446808507,0.0,0.0,0.0,0.0625,0.03225806451612903,0.0425531914893617,0.8543248176574707,0.8403178453445435,0.8472634553909302,0.1566009670495987
The 'copy_current_request_context' function can only be used when a request context is active.,"If a view function has a required_methods attribute, Flask will always include those methods on the route, even if you explicitly set different ones in the route() call.",0.06389776357827476,0.1875,0.10344827586206896,0.13333333333333333,0.0,0.0,0.0,0.125,0.06896551724137931,0.08888888888888889,0.8778256177902222,0.8620507717132568,0.869866669178009,0.23104922473430634
The 'has_request_context' function returns true if an app context is active and has request information.,"request, session, g, and current_app are all proxies tied to a context. They only work while the right app or request context is active.",0.24669233151909375,0.5294117647058824,0.36,0.42857142857142855,0.1875,0.125,0.15,0.35294117647058826,0.24,0.28571428571428564,0.8862617611885071,0.8805547952651978,0.8833990693092346,0.6240271925926208
The 'has_request_context' function returns true if an app context is active and has request information.,"Flask's session object doesn't notice when you mutate something in place, like appending to a list. You need to manually set session.modified = True when that happens.",0.032679738562091505,0.058823529411764705,0.034482758620689655,0.043478260869565216,0.0,0.0,0.0,0.058823529411764705,0.034482758620689655,0.043478260869565216,0.8606128096580505,0.857439398765564,0.8590232133865356,0.19070598483085632
The 'has_request_context' function returns true if an app context is active and has request information.,Sessions are stored in a signed cookie that normally disappears when the browser closes. Setting permanent to True keeps it alive for as long as PERMANENT_SESSION_LIFETIME says.,0.053763440860215055,0.11764705882352941,0.06896551724137931,0.08695652173913043,0.0,0.0,0.0,0.11764705882352941,0.06896551724137931,0.08695652173913043,0.8642197847366333,0.8268872499465942,0.8451414108276367,0.20355965197086334
The 'has_request_context' function returns true if an app context is active and has request information.,"Trailing slashes matter for routing. A route defined with a trailing slash will redirect a request without one to the slash version, and a route without a trailing slash returns a 404 if someone requests it with one.",0.07751937984496123,0.35294117647058826,0.15789473684210525,0.21818181818181817,0.0,0.0,0.0,0.23529411764705882,0.10526315789473684,0.14545454545454545,0.8493952751159668,0.8392825126647949,0.844308614730835,0.14249187707901
The 'has_request_context' function returns true if an app context is active and has request information.,"If a route has a default value and also accepts POST, the version with the default should only handle GET, since a redirect can't carry form data along with it.",0.07716049382716049,0.23529411764705882,0.12903225806451613,0.16666666666666666,0.0,0.0,0.0,0.11764705882352941,0.06451612903225806,0.08333333333333333,0.8520601987838745,0.8459478616714478,0.8489930033683777,0.2224648892879486
The 'has_request_context' function returns true if an app context is active and has request information.,"Routes default to handling GET, along with HEAD. OPTIONS gets added automatically unless provide_automatic_options is turned off.",0.05050505050505051,0.058823529411764705,0.05263157894736842,0.05555555555555555,0.0,0.0,0.0,0.058823529411764705,0.05263157894736842,0.05555555555555555,0.8574441075325012,0.8551287055015564,0.8562847971916199,0.31583553552627563
The 'has_request_context' function returns true if an app context is active and has request information.,"A view's endpoint name comes from its function name unless you set one explicitly, and it automatically gets prefixed with the blueprint's name if it's registered through one.",0.07936507936507937,0.23529411764705882,0.12903225806451613,0.16666666666666666,0.0,0.0,0.0,0.11764705882352941,0.06451612903225806,0.08333333333333333,0.8521837592124939,0.836471676826477,0.8442546129226685,0.22391822934150696
The 'has_request_context' function returns true if an app context is active and has request information.,"If a view function has a required_methods attribute, Flask will always include those methods on the route, even if you explicitly set different ones in the route() call.",0.07936507936507937,0.23529411764705882,0.13793103448275862,0.17391304347826086,0.0,0.0,0.0,0.11764705882352941,0.06896551724137931,0.08695652173913043,0.8743686676025391,0.8609869480133057,0.8676261901855469,0.27284690737724304
The 'has_app_context' function returns true if an app context is active.,"request, session, g, and current_app are all proxies tied to a context. They only work while the right app or request context is active.",0.23079777365491652,0.5384615384615384,0.28,0.3684210526315789,0.16666666666666666,0.08333333333333333,0.1111111111111111,0.46153846153846156,0.24,0.3157894736842105,0.8985152244567871,0.8760353326797485,0.8871328830718994,0.501526415348053
The 'has_app_context' function returns true if an app context is active.,"Flask's session object doesn't notice when you mutate something in place, like appending to a list. You need to manually set session.modified = True when that happens.",0.033112582781456956,0.07692307692307693,0.034482758620689655,0.04761904761904762,0.0,0.0,0.0,0.07692307692307693,0.034482758620689655,0.04761904761904762,0.8707072734832764,0.8577757477760315,0.8641932010650635,0.16818013787269592
The 'has_app_context' function returns true if an app context is active.,Sessions are stored in a signed cookie that normally disappears when the browser closes. Setting permanent to True keeps it alive for as long as PERMANENT_SESSION_LIFETIME says.,0.05454545454545454,0.15384615384615385,0.06896551724137931,0.09523809523809525,0.0,0.0,0.0,0.15384615384615385,0.06896551724137931,0.09523809523809525,0.8718665242195129,0.8279824256896973,0.8493580222129822,0.19082805514335632
The 'has_app_context' function returns true if an app context is active.,"Trailing slashes matter for routing. A route defined with a trailing slash will redirect a request without one to the slash version, and a route without a trailing slash returns a 404 if someone requests it with one.",0.05221932114882507,0.23076923076923078,0.07894736842105263,0.11764705882352941,0.0,0.0,0.0,0.23076923076923078,0.07894736842105263,0.11764705882352941,0.8458557724952698,0.8344658613204956,0.8401222229003906,0.041924670338630676
The 'has_app_context' function returns true if an app context is active.,"If a route has a default value and also accepts POST, the version with the default should only handle GET, since a redirect can't carry form data along with it.",0.046875,0.23076923076923078,0.0967741935483871,0.13636363636363635,0.0,0.0,0.0,0.07692307692307693,0.03225806451612903,0.045454545454545456,0.84757000207901,0.8316960334777832,0.8395580053329468,0.07685387134552002
The 'has_app_context' function returns true if an app context is active.,"Routes default to handling GET, along with HEAD. OPTIONS gets added automatically unless provide_automatic_options is turned off.",0.05154639175257732,0.07692307692307693,0.05263157894736842,0.0625,0.0,0.0,0.0,0.07692307692307693,0.05263157894736842,0.0625,0.8658528327941895,0.855509340763092,0.8606500625610352,0.1883595883846283
The 'has_app_context' function returns true if an app context is active.,"A view's endpoint name comes from its function name unless you set one explicitly, and it automatically gets prefixed with the blueprint's name if it's registered through one.",0.06430868167202572,0.23076923076923078,0.0967741935483871,0.13636363636363635,0.0,0.0,0.0,0.15384615384615385,0.06451612903225806,0.09090909090909091,0.853148877620697,0.8350830674171448,0.84401935338974,0.20860998332500458
The 'has_app_context' function returns true if an app context is active.,"If a view function has a required_methods attribute, Flask will always include those methods on the route, even if you explicitly set different ones in the route() call.",0.06430868167202572,0.3076923076923077,0.13793103448275862,0.1904761904761905,0.0,0.0,0.0,0.15384615384615385,0.06896551724137931,0.09523809523809525,0.8804665207862854,0.8593572974205017,0.8697838187217712,0.19149331748485565
The 'request' property raises a RuntimeError if there is no request in the current context.,"request, session, g, and current_app are all proxies tied to a context. They only work while the right app or request context is active.",0.12544802867383512,0.4666666666666667,0.28,0.35000000000000003,0.0,0.0,0.0,0.26666666666666666,0.16,0.2,0.8842102289199829,0.8708472847938538,0.8774778842926025,0.400921106338501
The 'request' property raises a RuntimeError if there is no request in the current context.,"Flask's session object doesn't notice when you mutate something in place, like appending to a list. You need to manually set session.modified = True when that happens.",0.04901960784313726,0.13333333333333333,0.06896551724137931,0.09090909090909091,0.0,0.0,0.0,0.06666666666666667,0.034482758620689655,0.045454545454545456,0.8713530898094177,0.8549971580505371,0.863097608089447,0.29657483100891113
The 'request' property raises a RuntimeError if there is no request in the current context.,Sessions are stored in a signed cookie that normally disappears when the browser closes. Setting permanent to True keeps it alive for as long as PERMANENT_SESSION_LIFETIME says.,0.07168458781362007,0.2,0.10344827586206896,0.13636363636363635,0.0,0.0,0.0,0.13333333333333333,0.06896551724137931,0.09090909090909091,0.8576750159263611,0.8170695304870605,0.8368799686431885,0.08162399381399155
The 'request' property raises a RuntimeError if there is no request in the current context.,"Trailing slashes matter for routing. A route defined with a trailing slash will redirect a request without one to the slash version, and a route without a trailing slash returns a 404 if someone requests it with one.",0.07751937984496123,0.3333333333333333,0.13157894736842105,0.18867924528301885,0.0,0.0,0.0,0.26666666666666666,0.10526315789473684,0.1509433962264151,0.8726599812507629,0.8453092575073242,0.8587669134140015,0.22782105207443237
The 'request' property raises a RuntimeError if there is no request in the current context.,"If a route has a default value and also accepts POST, the version with the default should only handle GET, since a redirect can't carry form data along with it.",0.07716049382716049,0.26666666666666666,0.12903225806451613,0.17391304347826086,0.0,0.0,0.0,0.13333333333333333,0.06451612903225806,0.08695652173913043,0.8647673726081848,0.841744065284729,0.8531003594398499,0.34338194131851196
The 'request' property raises a RuntimeError if there is no request in the current context.,"Routes default to handling GET, along with HEAD. OPTIONS gets added automatically unless provide_automatic_options is turned off.",0.05050505050505051,0.06666666666666667,0.05263157894736842,0.058823529411764705,0.0,0.0,0.0,0.06666666666666667,0.05263157894736842,0.058823529411764705,0.8571207523345947,0.8428305387496948,0.8499155640602112,0.3400197923183441
The 'request' property raises a RuntimeError if there is no request in the current context.,"A view's endpoint name comes from its function name unless you set one explicitly, and it automatically gets prefixed with the blueprint's name if it's registered through one.",0.0634920634920635,0.2,0.0967741935483871,0.13043478260869568,0.0,0.0,0.0,0.13333333333333333,0.06451612903225806,0.08695652173913043,0.8648816347122192,0.8325223922729492,0.8483936190605164,0.13624906539916992
The 'request' property raises a RuntimeError if there is no request in the current context.,"If a view function has a required_methods attribute, Flask will always include those methods on the route, even if you explicitly set different ones in the route() call.",0.1353615520282187,0.3333333333333333,0.1724137931034483,0.22727272727272724,0.07142857142857142,0.03571428571428571,0.047619047619047616,0.26666666666666666,0.13793103448275862,0.18181818181818182,0.8749329447746277,0.8559753894805908,0.8653503656387329,0.3464130163192749
The 'session' property raises a RuntimeError if there is no request in the current context.,"request, session, g, and current_app are all proxies tied to a context. They only work while the right app or request context is active.",0.12544802867383512,0.4666666666666667,0.28,0.35000000000000003,0.0,0.0,0.0,0.26666666666666666,0.16,0.2,0.8846045732498169,0.870917558670044,0.8777076601982117,0.4937567412853241
The 'session' property raises a RuntimeError if there is no request in the current context.,"Flask's session object doesn't notice when you mutate something in place, like appending to a list. You need to manually set session.modified = True when that happens.",0.06535947712418301,0.2,0.10344827586206896,0.13636363636363635,0.0,0.0,0.0,0.13333333333333333,0.06896551724137931,0.09090909090909091,0.8735635280609131,0.8582971096038818,0.8658630847930908,0.5299949645996094
The 'session' property raises a RuntimeError if there is no request in the current context.,Sessions are stored in a signed cookie that normally disappears when the browser closes. Setting permanent to True keeps it alive for as long as PERMANENT_SESSION_LIFETIME says.,0.08960573476702512,0.26666666666666666,0.13793103448275862,0.18181818181818182,0.0,0.0,0.0,0.2,0.10344827586206896,0.13636363636363635,0.8591977953910828,0.8205450773239136,0.8394267559051514,0.4306691884994507
The 'session' property raises a RuntimeError if there is no request in the current context.,"Trailing slashes matter for routing. A route defined with a trailing slash will redirect a request without one to the slash version, and a route without a trailing slash returns a 404 if someone requests it with one.",0.06459948320413438,0.26666666666666666,0.10526315789473684,0.1509433962264151,0.0,0.0,0.0,0.26666666666666666,0.10526315789473684,0.1509433962264151,0.8685348629951477,0.8432406783103943,0.8557008504867554,0.13364607095718384
The 'session' property raises a RuntimeError if there is no request in the current context.,"If a route has a default value and also accepts POST, the version with the default should only handle GET, since a redirect can't carry form data along with it.",0.07716049382716049,0.26666666666666666,0.12903225806451613,0.17391304347826086,0.0,0.0,0.0,0.13333333333333333,0.06451612903225806,0.08695652173913043,0.8633182048797607,0.8411697149276733,0.8521000742912292,0.271727979183197
The 'session' property raises a RuntimeError if there is no request in the current context.,"Routes default to handling GET, along with HEAD. OPTIONS gets added automatically unless provide_automatic_options is turned off.",0.05050505050505051,0.06666666666666667,0.05263157894736842,0.058823529411764705,0.0,0.0,0.0,0.06666666666666667,0.05263157894736842,0.058823529411764705,0.853718101978302,0.8427824974060059,0.8482151031494141,0.27744096517562866
The 'session' property raises a RuntimeError if there is no request in the current context.,"A view's endpoint name comes from its function name unless you set one explicitly, and it automatically gets prefixed with the blueprint's name if it's registered through one.",0.0634920634920635,0.2,0.0967741935483871,0.13043478260869568,0.0,0.0,0.0,0.13333333333333333,0.06451612903225806,0.08695652173913043,0.8632703423500061,0.8314294815063477,0.8470507860183716,0.114423967897892
The 'session' property raises a RuntimeError if there is no request in the current context.,"If a view function has a required_methods attribute, Flask will always include those methods on the route, even if you explicitly set different ones in the route() call.",0.1353615520282187,0.3333333333333333,0.1724137931034483,0.22727272727272724,0.07142857142857142,0.03571428571428571,0.047619047619047616,0.26666666666666666,0.13793103448275862,0.18181818181818182,0.8708677291870117,0.8521351218223572,0.8613995313644409,0.26604536175727844
The 'push' method triggers routing matching only if the context is not currently pushed.,"request, session, g, and current_app are all proxies tied to a context. They only work while the right app or request context is active.",0.13381294964028778,0.35714285714285715,0.2,0.25641025641025644,0.07692307692307693,0.041666666666666664,0.05405405405405406,0.2857142857142857,0.16,0.20512820512820512,0.8815826177597046,0.8666672110557556,0.8740612864494324,0.33862581849098206
The 'push' method triggers routing matching only if the context is not currently pushed.,"Flask's session object doesn't notice when you mutate something in place, like appending to a list. You need to manually set session.modified = True when that happens.",0.01639344262295082,0.0,0.0,0.0,0.0,0.0,0.0,0.0,0.0,0.0,0.860637903213501,0.8546193838119507,0.8576180934906006,0.14325489103794098
The 'push' method triggers routing matching only if the context is not currently pushed.,Sessions are stored in a signed cookie that normally disappears when the browser closes. Setting permanent to True keeps it alive for as long as PERMANENT_SESSION_LIFETIME says.,0.03597122302158273,0.07142857142857142,0.034482758620689655,0.046511627906976744,0.0,0.0,0.0,0.07142857142857142,0.034482758620689655,0.046511627906976744,0.8509206175804138,0.8148890137672424,0.8325151205062866,0.031200360506772995
The 'push' method triggers routing matching only if the context is not currently pushed.,"Trailing slashes matter for routing. A route defined with a trailing slash will redirect a request without one to the slash version, and a route without a trailing slash returns a 404 if someone requests it with one.",0.05181347150259068,0.21428571428571427,0.07894736842105263,0.11538461538461539,0.0,0.0,0.0,0.21428571428571427,0.07894736842105263,0.11538461538461539,0.8640954494476318,0.8417235612869263,0.8527628183364868,0.3265129327774048
The 'push' method triggers routing matching only if the context is not currently pushed.,"If a route has a default value and also accepts POST, the version with the default should only handle GET, since a redirect can't carry form data along with it.",0.09287925696594428,0.35714285714285715,0.16129032258064516,0.2222222222222222,0.0,0.0,0.0,0.14285714285714285,0.06451612903225806,0.08888888888888889,0.8684200048446655,0.8452114462852478,0.8566585779190063,0.35592174530029297
The 'push' method triggers routing matching only if the context is not currently pushed.,"Routes default to handling GET, along with HEAD. OPTIONS gets added automatically unless provide_automatic_options is turned off.",0.07614213197969542,0.14285714285714285,0.10526315789473684,0.12121212121212122,0.0,0.0,0.0,0.14285714285714285,0.10526315789473684,0.12121212121212122,0.8613809943199158,0.8486830592155457,0.8549848794937134,0.39385977387428284
The 'push' method triggers routing matching only if the context is not currently pushed.,"A view's endpoint name comes from its function name unless you set one explicitly, and it automatically gets prefixed with the blueprint's name if it's registered through one.",0.04777070063694267,0.14285714285714285,0.06451612903225806,0.08888888888888889,0.0,0.0,0.0,0.14285714285714285,0.06451612903225806,0.08888888888888889,0.8623175621032715,0.8344718813896179,0.8481662273406982,0.21148332953453064
The 'push' method triggers routing matching only if the context is not currently pushed.,"If a view function has a required_methods attribute, Flask will always include those methods on the route, even if you explicitly set different ones in the route() call.",0.09554140127388534,0.35714285714285715,0.1724137931034483,0.23255813953488377,0.0,0.0,0.0,0.2857142857142857,0.13793103448275862,0.18604651162790697,0.8702406287193298,0.8571866750717163,0.8636643886566162,0.29005172848701477
The 'pop' method raises a RuntimeError if the context is not the active context.,"request, session, g, and current_app are all proxies tied to a context. They only work while the right app or request context is active.",0.12589928057553956,0.42857142857142855,0.24,0.30769230769230765,0.07692307692307693,0.041666666666666664,0.05405405405405406,0.35714285714285715,0.2,0.25641025641025644,0.8814868330955505,0.862829864025116,0.8720585703849792,0.2421855330467224
The 'pop' method raises a RuntimeError if the context is not the active context.,"Flask's session object doesn't notice when you mutate something in place, like appending to a list. You need to manually set session.modified = True when that happens.",0.03278688524590164,0.07142857142857142,0.034482758620689655,0.046511627906976744,0.0,0.0,0.0,0.07142857142857142,0.034482758620689655,0.046511627906976744,0.8660301566123962,0.8555002808570862,0.8607329726219177,0.31552791595458984
The 'pop' method raises a RuntimeError if the context is not the active context.,Sessions are stored in a signed cookie that normally disappears when the browser closes. Setting permanent to True keeps it alive for as long as PERMANENT_SESSION_LIFETIME says.,0.0539568345323741,0.14285714285714285,0.06896551724137931,0.09302325581395349,0.0,0.0,0.0,0.14285714285714285,0.06896551724137931,0.09302325581395349,0.855069637298584,0.8122766017913818,0.8331239819526672,0.05784193053841591
The 'pop' method raises a RuntimeError if the context is not the active context.,"Trailing slashes matter for routing. A route defined with a trailing slash will redirect a request without one to the slash version, and a route without a trailing slash returns a 404 if someone requests it with one.",0.05181347150259068,0.21428571428571427,0.07894736842105263,0.11538461538461539,0.0,0.0,0.0,0.21428571428571427,0.07894736842105263,0.11538461538461539,0.8629440069198608,0.8425561785697937,0.852628231048584,-0.06147944927215576
The 'pop' method raises a RuntimeError if the context is not the active context.,"If a route has a default value and also accepts POST, the version with the default should only handle GET, since a redirect can't carry form data along with it.",0.07739938080495357,0.2857142857142857,0.12903225806451613,0.17777777777777778,0.0,0.0,0.0,0.21428571428571427,0.0967741935483871,0.13333333333333333,0.8602603673934937,0.8389723896980286,0.8494830131530762,0.04191681742668152
The 'pop' method raises a RuntimeError if the context is not the active context.,"Routes default to handling GET, along with HEAD. OPTIONS gets added automatically unless provide_automatic_options is turned off.",0.050761421319796954,0.07142857142857142,0.05263157894736842,0.06060606060606061,0.0,0.0,0.0,0.07142857142857142,0.05263157894736842,0.06060606060606061,0.8535450100898743,0.841692328453064,0.8475772142410278,0.10441623628139496
The 'pop' method raises a RuntimeError if the context is not the active context.,"A view's endpoint name comes from its function name unless you set one explicitly, and it automatically gets prefixed with the blueprint's name if it's registered through one.",0.06369426751592357,0.21428571428571427,0.0967741935483871,0.13333333333333333,0.0,0.0,0.0,0.14285714285714285,0.06451612903225806,0.08888888888888889,0.8613264560699463,0.8318718671798706,0.8463429808616638,0.1414591372013092
The 'pop' method raises a RuntimeError if the context is not the active context.,"If a view function has a required_methods attribute, Flask will always include those methods on the route, even if you explicitly set different ones in the route() call.",0.09554140127388534,0.35714285714285715,0.1724137931034483,0.23255813953488377,0.0,0.0,0.0,0.21428571428571427,0.10344827586206896,0.1395348837209302,0.8693851232528687,0.8559831976890564,0.862632155418396,0.24322018027305603
The 'pop' method will only trigger cleanup once the context has been popped as many times as it was pushed.,"request, session, g, and current_app are all proxies tied to a context. They only work while the right app or request context is active.",0.0880281690140845,0.15,0.12,0.1333333333333333,0.0,0.0,0.0,0.15,0.12,0.1333333333333333,0.8640538454055786,0.8634052276611328,0.8637294173240662,0.19393190741539001
The 'pop' method will only trigger cleanup once the context has been popped as many times as it was pushed.,"Flask's session object doesn't notice when you mutate something in place, like appending to a list. You need to manually set session.modified = True when that happens.",0.03215434083601286,0.0,0.0,0.0,0.0,0.0,0.0,0.0,0.0,0.0,0.85220867395401,0.856816828250885,0.8545065522193909,0.22619904577732086
The 'pop' method will only trigger cleanup once the context has been popped as many times as it was pushed.,Sessions are stored in a signed cookie that normally disappears when the browser closes. Setting permanent to True keeps it alive for as long as PERMANENT_SESSION_LIFETIME says.,0.0880281690140845,0.2,0.13793103448275862,0.16326530612244897,0.0,0.0,0.0,0.15,0.10344827586206896,0.12244897959183673,0.8562160134315491,0.8214882612228394,0.8384926915168762,0.21087849140167236
The 'pop' method will only trigger cleanup once the context has been popped as many times as it was pushed.,"Trailing slashes matter for routing. A route defined with a trailing slash will redirect a request without one to the slash version, and a route without a trailing slash returns a 404 if someone requests it with one.",0.07653061224489796,0.15,0.07894736842105263,0.10344827586206896,0.0,0.0,0.0,0.15,0.07894736842105263,0.10344827586206896,0.8490166068077087,0.8392993211746216,0.8441300392150879,-0.08047574013471603
The 'pop' method will only trigger cleanup once the context has been popped as many times as it was pushed.,"If a route has a default value and also accepts POST, the version with the default should only handle GET, since a redirect can't carry form data along with it.",0.121580547112462,0.25,0.16129032258064516,0.19607843137254902,0.0,0.0,0.0,0.15,0.0967741935483871,0.11764705882352941,0.8514345288276672,0.8469589948654175,0.8491908311843872,0.016162483021616936
The 'pop' method will only trigger cleanup once the context has been popped as many times as it was pushed.,"Routes default to handling GET, along with HEAD. OPTIONS gets added automatically unless provide_automatic_options is turned off.",0.024630541871921183,0.0,0.0,0.0,0.0,0.0,0.0,0.0,0.0,0.0,0.843244194984436,0.8466364145278931,0.8449369072914124,0.11264628916978836
The 'pop' method will only trigger cleanup once the context has been popped as many times as it was pushed.,"A view's endpoint name comes from its function name unless you set one explicitly, and it automatically gets prefixed with the blueprint's name if it's registered through one.",0.0625,0.1,0.06451612903225806,0.0784313725490196,0.0,0.0,0.0,0.1,0.06451612903225806,0.0784313725490196,0.8529693484306335,0.8321759700775146,0.8424443006515503,0.14600354433059692
The 'pop' method will only trigger cleanup once the context has been popped as many times as it was pushed.,"If a view function has a required_methods attribute, Flask will always include those methods on the route, even if you explicitly set different ones in the route() call.",0.125,0.25,0.1724137931034483,0.20408163265306123,0.0,0.0,0.0,0.15,0.10344827586206896,0.12244897959183673,0.8589092493057251,0.8581327199935913,0.8585208058357239,0.10460241138935089
The base_url cannot be provided along with subdomain or url_scheme when initializing the EnvironBuilder.,"request, session, g, and current_app are all proxies tied to a context. They only work while the right app or request context is active.",0.05415162454873646,0.125,0.08,0.09756097560975609,0.0,0.0,0.0,0.125,0.08,0.09756097560975609,0.8505933880805969,0.8551902174949646,0.8528856039047241,0.17592154443264008
The base_url cannot be provided along with subdomain or url_scheme when initializing the EnvironBuilder.,"Flask's session object doesn't notice when you mutate something in place, like appending to a list. You need to manually set session.modified = True when that happens.",0.03289473684210526,0.0625,0.034482758620689655,0.044444444444444446,0.0,0.0,0.0,0.0625,0.034482758620689655,0.044444444444444446,0.8393409252166748,0.8507078289985657,0.8449862003326416,0.027109574526548386
The base_url cannot be provided along with subdomain or url_scheme when initializing the EnvironBuilder.,Sessions are stored in a signed cookie that normally disappears when the browser closes. Setting permanent to True keeps it alive for as long as PERMANENT_SESSION_LIFETIME says.,0.05415162454873646,0.125,0.06896551724137931,0.08888888888888889,0.0,0.0,0.0,0.125,0.06896551724137931,0.08888888888888889,0.8385828733444214,0.819200873374939,0.8287786245346069,-0.10812652856111526
The base_url cannot be provided along with subdomain or url_scheme when initializing the EnvironBuilder.,"Trailing slashes matter for routing. A route defined with a trailing slash will redirect a request without one to the slash version, and a route without a trailing slash returns a 404 if someone requests it with one.",0.03896103896103895,0.125,0.05263157894736842,0.07407407407407407,0.0,0.0,0.0,0.125,0.05263157894736842,0.07407407407407407,0.8271480798721313,0.8335880041122437,0.8303555250167847,0.22877931594848633
The base_url cannot be provided along with subdomain or url_scheme when initializing the EnvironBuilder.,"If a route has a default value and also accepts POST, the version with the default should only handle GET, since a redirect can't carry form data along with it.",0.11552795031055901,0.25,0.12903225806451613,0.1702127659574468,0.06666666666666667,0.03333333333333333,0.04444444444444444,0.1875,0.0967741935483871,0.12765957446808507,0.8353512287139893,0.8485240936279297,0.8418861031532288,0.16416563093662262
The base_url cannot be provided along with subdomain or url_scheme when initializing the EnvironBuilder.,"Routes default to handling GET, along with HEAD. OPTIONS gets added automatically unless provide_automatic_options is turned off.",0.13038548752834464,0.1875,0.15789473684210525,0.17142857142857143,0.06666666666666667,0.05555555555555555,0.0606060606060606,0.125,0.10526315789473684,0.11428571428571428,0.8499054908752441,0.8595530986785889,0.8547020554542542,0.21432214975357056
The base_url cannot be provided along with subdomain or url_scheme when initializing the EnvironBuilder.,"A view's endpoint name comes from its function name unless you set one explicitly, and it automatically gets prefixed with the blueprint's name if it's registered through one.",0.04792332268370606,0.125,0.06451612903225806,0.0851063829787234,0.0,0.0,0.0,0.125,0.06451612903225806,0.0851063829787234,0.8386282324790955,0.836747944355011,0.837687075138092,0.10854040086269379
The base_url cannot be provided along with subdomain or url_scheme when initializing the EnvironBuilder.,"If a view function has a required_methods attribute, Flask will always include those methods on the route, even if you explicitly set different ones in the route() call.",0.06389776357827476,0.125,0.06896551724137931,0.08888888888888889,0.0,0.0,0.0,0.125,0.06896551724137931,0.08888888888888889,0.8538738489151001,0.8542803525924683,0.8540770411491394,0.08300264179706573
"If base_url is not provided, it is constructed using the application's SERVER_NAME and APPLICATION_ROOT.","request, session, g, and current_app are all proxies tied to a context. They only work while the right app or request context is active.",0.08992805755395684,0.16666666666666666,0.12,0.13953488372093023,0.0,0.0,0.0,0.05555555555555555,0.04,0.046511627906976744,0.8604313135147095,0.856719970703125,0.8585716485977173,0.3932715654373169
"If base_url is not provided, it is constructed using the application's SERVER_NAME and APPLICATION_ROOT.","Flask's session object doesn't notice when you mutate something in place, like appending to a list. You need to manually set session.modified = True when that happens.",0.04918032786885246,0.05555555555555555,0.034482758620689655,0.0425531914893617,0.0,0.0,0.0,0.05555555555555555,0.034482758620689655,0.0425531914893617,0.8479291796684265,0.8501913547515869,0.8490587472915649,0.08427120000123978
"If base_url is not provided, it is constructed using the application's SERVER_NAME and APPLICATION_ROOT.",Sessions are stored in a signed cookie that normally disappears when the browser closes. Setting permanent to True keeps it alive for as long as PERMANENT_SESSION_LIFETIME says.,0.0539568345323741,0.1111111111111111,0.06896551724137931,0.0851063829787234,0.0,0.0,0.0,0.05555555555555555,0.034482758620689655,0.0425531914893617,0.857175886631012,0.825194239616394,0.8408810496330261,0.15104246139526367
"If base_url is not provided, it is constructed using the application's SERVER_NAME and APPLICATION_ROOT.","Trailing slashes matter for routing. A route defined with a trailing slash will redirect a request without one to the slash version, and a route without a trailing slash returns a 404 if someone requests it with one.",0.077720207253886,0.2222222222222222,0.10526315789473684,0.14285714285714285,0.0,0.0,0.0,0.1111111111111111,0.05263157894736842,0.07142857142857142,0.8356797099113464,0.8377149701118469,0.8366960883140564,0.3373953700065613
"If base_url is not provided, it is constructed using the application's SERVER_NAME and APPLICATION_ROOT.","If a route has a default value and also accepts POST, the version with the default should only handle GET, since a redirect can't carry form data along with it.",0.09287925696594428,0.2222222222222222,0.12903225806451613,0.16326530612244897,0.0,0.0,0.0,0.1111111111111111,0.06451612903225806,0.08163265306122448,0.8410149812698364,0.8429982662200928,0.8420054912567139,0.2209082543849945
"If base_url is not provided, it is constructed using the application's SERVER_NAME and APPLICATION_ROOT.","Routes default to handling GET, along with HEAD. OPTIONS gets added automatically unless provide_automatic_options is turned off.",0.07614213197969542,0.1111111111111111,0.10526315789473684,0.10810810810810811,0.0,0.0,0.0,0.1111111111111111,0.10526315789473684,0.10810810810810811,0.8563840389251709,0.8590052127838135,0.8576926589012146,0.2982340157032013
"If base_url is not provided, it is constructed using the application's SERVER_NAME and APPLICATION_ROOT.","A view's endpoint name comes from its function name unless you set one explicitly, and it automatically gets prefixed with the blueprint's name if it's registered through one.",0.12738853503184713,0.3333333333333333,0.1935483870967742,0.24489795918367346,0.0,0.0,0.0,0.2222222222222222,0.12903225806451613,0.16326530612244897,0.8507913947105408,0.8570132255554199,0.8538909554481506,0.1862289160490036
"If base_url is not provided, it is constructed using the application's SERVER_NAME and APPLICATION_ROOT.","If a view function has a required_methods attribute, Flask will always include those methods on the route, even if you explicitly set different ones in the route() call.",0.07961783439490445,0.1111111111111111,0.06896551724137931,0.0851063829787234,0.0,0.0,0.0,0.1111111111111111,0.06896551724137931,0.0851063829787234,0.8654327392578125,0.8547950983047485,0.8600810170173645,0.13694915175437927
The session_transaction method raises a TypeError if cookies are disabled.,"request, session, g, and current_app are all proxies tied to a context. They only work while the right app or request context is active.",0.07352941176470588,0.36363636363636365,0.16,0.2222222222222222,0.0,0.0,0.0,0.18181818181818182,0.08,0.1111111111111111,0.8745906352996826,0.8581893444061279,0.8663123250007629,0.29259732365608215
The session_transaction method raises a TypeError if cookies are disabled.,"Flask's session object doesn't notice when you mutate something in place, like appending to a list. You need to manually set session.modified = True when that happens.",0.033444816053511704,0.18181818181818182,0.06896551724137931,0.1,0.0,0.0,0.0,0.18181818181818182,0.06896551724137931,0.1,0.8683990836143494,0.8613151907920837,0.8648426532745361,0.44980520009994507
The session_transaction method raises a TypeError if cookies are disabled.,Sessions are stored in a signed cookie that normally disappears when the browser closes. Setting permanent to True keeps it alive for as long as PERMANENT_SESSION_LIFETIME says.,0.09191176470588237,0.45454545454545453,0.1724137931034483,0.25000000000000006,0.0,0.0,0.0,0.2727272727272727,0.10344827586206896,0.15,0.8646242022514343,0.8302048444747925,0.8470650911331177,0.4105706214904785
The session_transaction method raises a TypeError if cookies are disabled.,"Trailing slashes matter for routing. A route defined with a trailing slash will redirect a request without one to the slash version, and a route without a trailing slash returns a 404 if someone requests it with one.",0.05263157894736842,0.2727272727272727,0.07894736842105263,0.12244897959183672,0.0,0.0,0.0,0.2727272727272727,0.07894736842105263,0.12244897959183672,0.8551323413848877,0.8398268222808838,0.8474105000495911,0.044393494725227356
The session_transaction method raises a TypeError if cookies are disabled.,"If a route has a default value and also accepts POST, the version with the default should only handle GET, since a redirect can't carry form data along with it.",0.06309148264984227,0.2727272727272727,0.0967741935483871,0.14285714285714285,0.0,0.0,0.0,0.18181818181818182,0.06451612903225806,0.09523809523809523,0.8560662865638733,0.8371644020080566,0.8465098738670349,0.16165930032730103
The session_transaction method raises a TypeError if cookies are disabled.,"Routes default to handling GET, along with HEAD. OPTIONS gets added automatically unless provide_automatic_options is turned off.",0.026178010471204192,0.0,0.0,0.0,0.0,0.0,0.0,0.0,0.0,0.0,0.8576014637947083,0.8579249382019043,0.8577632308006287,0.26672905683517456
The session_transaction method raises a TypeError if cookies are disabled.,"A view's endpoint name comes from its function name unless you set one explicitly, and it automatically gets prefixed with the blueprint's name if it's registered through one.",0.06493506493506493,0.2727272727272727,0.0967741935483871,0.14285714285714285,0.0,0.0,0.0,0.18181818181818182,0.06451612903225806,0.09523809523809523,0.8530669212341309,0.8312777280807495,0.8420313596725464,-0.021449407562613487
The session_transaction method raises a TypeError if cookies are disabled.,"If a view function has a required_methods attribute, Flask will always include those methods on the route, even if you explicitly set different ones in the route() call.",0.08116883116883118,0.36363636363636365,0.13793103448275862,0.2,0.0,0.0,0.0,0.18181818181818182,0.06896551724137931,0.1,0.8727656006813049,0.8636549115180969,0.8681864142417908,0.23843450844287872
The session_transaction method raises a RuntimeError if the session backend does not open a session.,"request, session, g, and current_app are all proxies tied to a context. They only work while the right app or request context is active.",0.07220216606498195,0.1875,0.12,0.14634146341463414,0.0,0.0,0.0,0.1875,0.12,0.14634146341463414,0.8713554739952087,0.862786054611206,0.867049515247345,0.3392356038093567
The session_transaction method raises a RuntimeError if the session backend does not open a session.,"Flask's session object doesn't notice when you mutate something in place, like appending to a list. You need to manually set session.modified = True when that happens.",0.06578947368421052,0.1875,0.10344827586206896,0.13333333333333333,0.0,0.0,0.0,0.1875,0.10344827586206896,0.13333333333333333,0.8735779523849487,0.8627408742904663,0.8681256175041199,0.447628378868103
The session_transaction method raises a RuntimeError if the session backend does not open a session.,Sessions are stored in a signed cookie that normally disappears when the browser closes. Setting permanent to True keeps it alive for as long as PERMANENT_SESSION_LIFETIME says.,0.07220216606498195,0.25,0.13793103448275862,0.17777777777777778,0.0,0.0,0.0,0.25,0.13793103448275862,0.17777777777777778,0.8602859973907471,0.8291009664535522,0.8444056510925293,0.3392966687679291
The session_transaction method raises a RuntimeError if the session backend does not open a session.,"Trailing slashes matter for routing. A route defined with a trailing slash will redirect a request without one to the slash version, and a route without a trailing slash returns a 404 if someone requests it with one.",0.06493506493506493,0.25,0.10526315789473684,0.14814814814814814,0.0,0.0,0.0,0.1875,0.07894736842105263,0.11111111111111109,0.8513864278793335,0.8407065272331238,0.8460128307342529,0.04426252841949463
The session_transaction method raises a RuntimeError if the session backend does not open a session.,"If a route has a default value and also accepts POST, the version with the default should only handle GET, since a redirect can't carry form data along with it.",0.09316770186335403,0.3125,0.16129032258064516,0.2127659574468085,0.0,0.0,0.0,0.1875,0.0967741935483871,0.12765957446808507,0.8502865433692932,0.8411348462104797,0.8456859588623047,0.1440100520849228
The session_transaction method raises a RuntimeError if the session backend does not open a session.,"Routes default to handling GET, along with HEAD. OPTIONS gets added automatically unless provide_automatic_options is turned off.",0.025510204081632654,0.0,0.0,0.0,0.0,0.0,0.0,0.0,0.0,0.0,0.8445464372634888,0.8524168729782104,0.8484633564949036,0.1980157047510147
The session_transaction method raises a RuntimeError if the session backend does not open a session.,"A view's endpoint name comes from its function name unless you set one explicitly, and it automatically gets prefixed with the blueprint's name if it's registered through one.",0.06389776357827476,0.1875,0.0967741935483871,0.12765957446808507,0.0,0.0,0.0,0.125,0.06451612903225806,0.0851063829787234,0.8519023656845093,0.8381345272064209,0.8449624180793762,0.05597057193517685
The session_transaction method raises a RuntimeError if the session backend does not open a session.,"If a view function has a required_methods attribute, Flask will always include those methods on the route, even if you explicitly set different ones in the route() call.",0.11182108626198084,0.375,0.20689655172413793,0.26666666666666666,0.0,0.0,0.0,0.1875,0.10344827586206896,0.13333333333333333,0.8645890951156616,0.8622326254844666,0.8634092807769775,0.22283488512039185
The open method clears previously preserved contexts to prevent them from being preserved across redirects or multiple requests.,"request, session, g, and current_app are all proxies tied to a context. They only work while the right app or request context is active.",0.10714285714285714,0.2777777777777778,0.2,0.23255813953488372,0.0,0.0,0.0,0.16666666666666666,0.12,0.13953488372093023,0.8647696375846863,0.85582435131073,0.8602737784385681,0.4532220661640167
The open method clears previously preserved contexts to prevent them from being preserved across redirects or multiple requests.,"Flask's session object doesn't notice when you mutate something in place, like appending to a list. You need to manually set session.modified = True when that happens.",0.03257328990228013,0.05555555555555555,0.034482758620689655,0.0425531914893617,0.0,0.0,0.0,0.05555555555555555,0.034482758620689655,0.0425531914893617,0.85271155834198,0.8489895462989807,0.8508464097976685,0.1459663063287735
The open method clears previously preserved contexts to prevent them from being preserved across redirects or multiple requests.,Sessions are stored in a signed cookie that normally disappears when the browser closes. Setting permanent to True keeps it alive for as long as PERMANENT_SESSION_LIFETIME says.,0.07142857142857142,0.1111111111111111,0.06896551724137931,0.0851063829787234,0.0,0.0,0.0,0.1111111111111111,0.06896551724137931,0.0851063829787234,0.857965886592865,0.8164989948272705,0.8367189168930054,0.36077553033828735
The open method clears previously preserved contexts to prevent them from being preserved across redirects or multiple requests.,"Trailing slashes matter for routing. A route defined with a trailing slash will redirect a request without one to the slash version, and a route without a trailing slash returns a 404 if someone requests it with one.",0.06443298969072166,0.2222222222222222,0.10526315789473684,0.14285714285714285,0.0,0.0,0.0,0.1111111111111111,0.05263157894736842,0.07142857142857142,0.857729434967041,0.8413628339767456,0.8494673371315002,0.31041043996810913
The open method clears previously preserved contexts to prevent them from being preserved across redirects or multiple requests.,"If a route has a default value and also accepts POST, the version with the default should only handle GET, since a redirect can't carry form data along with it.",0.046153846153846156,0.1111111111111111,0.06451612903225806,0.08163265306122448,0.0,0.0,0.0,0.1111111111111111,0.06451612903225806,0.08163265306122448,0.8583258986473083,0.8455926179885864,0.8519116640090942,0.43348580598831177
The open method clears previously preserved contexts to prevent them from being preserved across redirects or multiple requests.,"Routes default to handling GET, along with HEAD. OPTIONS gets added automatically unless provide_automatic_options is turned off.",0.05025125628140704,0.05555555555555555,0.05263157894736842,0.05405405405405406,0.0,0.0,0.0,0.05555555555555555,0.05263157894736842,0.05405405405405406,0.8447880744934082,0.836783766746521,0.8407668471336365,0.3476265072822571
The open method clears previously preserved contexts to prevent them from being preserved across redirects or multiple requests.,"A view's endpoint name comes from its function name unless you set one explicitly, and it automatically gets prefixed with the blueprint's name if it's registered through one.",0.04746835443037975,0.1111111111111111,0.06451612903225806,0.08163265306122448,0.0,0.0,0.0,0.05555555555555555,0.03225806451612903,0.04081632653061224,0.8516147136688232,0.8299047946929932,0.8406196236610413,0.22185243666172028
The open method clears previously preserved contexts to prevent them from being preserved across redirects or multiple requests.,"If a view function has a required_methods attribute, Flask will always include those methods on the route, even if you explicitly set different ones in the route() call.",0.04746835443037975,0.1111111111111111,0.06896551724137931,0.0851063829787234,0.0,0.0,0.0,0.05555555555555555,0.034482758620689655,0.0425531914893617,0.8557752966880798,0.8472778797149658,0.8515053391456604,0.2516076862812042
The __enter__ method raises a RuntimeError if client invocations are nested.,"request, session, g, and current_app are all proxies tied to a context. They only work while the right app or request context is active.",0.07326007326007326,0.2727272727272727,0.12,0.16666666666666666,0.0,0.0,0.0,0.09090909090909091,0.04,0.05555555555555555,0.8497167229652405,0.8508939743041992,0.8503049612045288,0.2928480803966522
The __enter__ method raises a RuntimeError if client invocations are nested.,"Flask's session object doesn't notice when you mutate something in place, like appending to a list. You need to manually set session.modified = True when that happens.",0.03333333333333333,0.09090909090909091,0.034482758620689655,0.05,0.0,0.0,0.0,0.09090909090909091,0.034482758620689655,0.05,0.8499308824539185,0.8594260215759277,0.8546521067619324,0.31490981578826904
The __enter__ method raises a RuntimeError if client invocations are nested.,Sessions are stored in a signed cookie that normally disappears when the browser closes. Setting permanent to True keeps it alive for as long as PERMANENT_SESSION_LIFETIME says.,0.07326007326007326,0.2727272727272727,0.10344827586206896,0.15,0.0,0.0,0.0,0.09090909090909091,0.034482758620689655,0.05,0.8384621143341064,0.8131365776062012,0.8256051540374756,0.06335340440273285
The __enter__ method raises a RuntimeError if client invocations are nested.,"Trailing slashes matter for routing. A route defined with a trailing slash will redirect a request without one to the slash version, and a route without a trailing slash returns a 404 if someone requests it with one.",0.052493438320209966,0.2727272727272727,0.07894736842105263,0.12244897959183672,0.0,0.0,0.0,0.2727272727272727,0.07894736842105263,0.12244897959183672,0.8453102707862854,0.8443567752838135,0.844833254814148,0.06331916898488998
The __enter__ method raises a RuntimeError if client invocations are nested.,"If a route has a default value and also accepts POST, the version with the default should only handle GET, since a redirect can't carry form data along with it.",0.06289308176100629,0.2727272727272727,0.0967741935483871,0.14285714285714285,0.0,0.0,0.0,0.18181818181818182,0.06451612903225806,0.09523809523809523,0.8401896953582764,0.840065598487854,0.8401276469230652,0.13307222723960876
The __enter__ method raises a RuntimeError if client invocations are nested.,"Routes default to handling GET, along with HEAD. OPTIONS gets added automatically unless provide_automatic_options is turned off.",0.026041666666666664,0.0,0.0,0.0,0.0,0.0,0.0,0.0,0.0,0.0,0.8394953608512878,0.8429427146911621,0.8412154912948608,0.23341602087020874
The __enter__ method raises a RuntimeError if client invocations are nested.,"A view's endpoint name comes from its function name unless you set one explicitly, and it automatically gets prefixed with the blueprint's name if it's registered through one.",0.06472491909385113,0.2727272727272727,0.0967741935483871,0.14285714285714285,0.0,0.0,0.0,0.18181818181818182,0.06451612903225806,0.09523809523809523,0.8464921712875366,0.8385935425758362,0.8425243496894836,0.1288800835609436
The __enter__ method raises a RuntimeError if client invocations are nested.,"If a view function has a required_methods attribute, Flask will always include those methods on the route, even if you explicitly set different ones in the route() call.",0.08090614886731393,0.36363636363636365,0.13793103448275862,0.2,0.0,0.0,0.0,0.18181818181818182,0.06896551724137931,0.1,0.860819399356842,0.8613904118537903,0.8611047863960266,0.2965465188026428
