generated_rule,ground_truth_rule,meteor,rouge1_precision,rouge1_recall,rouge1_fmeasure,rouge2_precision,rouge2_recall,rouge2_fmeasure,rougeL_precision,rougeL_recall,rougeL_fmeasure,bert_precision,bert_recall,bert_f1,cosine_similarity
The session is considered permanent if the '_permanent' key is set to true.,"request, session, g, and current_app are all proxies tied to a context. They only work while the right app or request context is active.",0.09025270758122744,0.3076923076923077,0.16,0.2105263157894737,0.0,0.0,0.0,0.23076923076923078,0.12,0.15789473684210525,0.8744010329246521,0.8620434999465942,0.8681783080101013,0.30536407232284546
The session is considered permanent if the '_permanent' key is set to true.,"Flask's session object doesn't notice when you mutate something in place, like appending to a list. You need to manually set session.modified = True when that happens.",0.08223684210526316,0.3076923076923077,0.13793103448275862,0.1904761904761905,0.0,0.0,0.0,0.23076923076923078,0.10344827586206896,0.14285714285714288,0.8835253119468689,0.8688841462135315,0.8761435747146606,0.3769639730453491
The session is considered permanent if the '_permanent' key is set to true.,Sessions are stored in a signed cookie that normally disappears when the browser closes. Setting permanent to True keeps it alive for as long as PERMANENT_SESSION_LIFETIME says.,0.1731378471966404,0.5384615384615384,0.2413793103448276,0.3333333333333333,0.08333333333333333,0.03571428571428571,0.05,0.38461538461538464,0.1724137931034483,0.23809523809523808,0.8904017210006714,0.852832555770874,0.8712123036384583,0.7596231698989868
The session is considered permanent if the '_permanent' key is set to true.,"Trailing slashes matter for routing. A route defined with a trailing slash will redirect a request without one to the slash version, and a route without a trailing slash returns a 404 if someone requests it with one.",0.051948051948051945,0.23076923076923078,0.07894736842105263,0.11764705882352941,0.0,0.0,0.0,0.15384615384615385,0.05263157894736842,0.0784313725490196,0.8478286862373352,0.8365140557289124,0.8421333432197571,0.019338078796863556
The session is considered permanent if the '_permanent' key is set to true.,"If a route has a default value and also accepts POST, the version with the default should only handle GET, since a redirect can't carry form data along with it.",0.062111801242236024,0.23076923076923078,0.0967741935483871,0.13636363636363635,0.0,0.0,0.0,0.15384615384615385,0.06451612903225806,0.09090909090909091,0.8560311794281006,0.8429588079452515,0.8494447469711304,0.13721036911010742
The session is considered permanent if the '_permanent' key is set to true.,"Routes default to handling GET, along with HEAD. OPTIONS gets added automatically unless provide_automatic_options is turned off.",0.07653061224489795,0.15384615384615385,0.10526315789473684,0.125,0.0,0.0,0.0,0.07692307692307693,0.05263157894736842,0.0625,0.8679067492485046,0.8588932156562805,0.8633764982223511,0.2656780183315277
The session is considered permanent if the '_permanent' key is set to true.,"A view's endpoint name comes from its function name unless you set one explicitly, and it automatically gets prefixed with the blueprint's name if it's registered through one.",0.07987220447284345,0.23076923076923078,0.0967741935483871,0.13636363636363635,0.0,0.0,0.0,0.15384615384615385,0.06451612903225806,0.09090909090909091,0.8566890954971313,0.8418550491333008,0.8492072820663452,0.10863704979419708
The session is considered permanent if the '_permanent' key is set to true.,"If a view function has a required_methods attribute, Flask will always include those methods on the route, even if you explicitly set different ones in the route() call.",0.07987220447284345,0.3076923076923077,0.13793103448275862,0.1904761904761905,0.0,0.0,0.0,0.23076923076923078,0.10344827586206896,0.14285714285714288,0.8794233798980713,0.8591325879096985,0.8691595792770386,0.07105215638875961
The session will not be modified unless the modified attribute is explicitly set to true.,"request, session, g, and current_app are all proxies tied to a context. They only work while the right app or request context is active.",0.09025270758122744,0.26666666666666666,0.16,0.2,0.0,0.0,0.0,0.2,0.12,0.15,0.876462996006012,0.8536663055419922,0.8649144768714905,0.27975356578826904
The session will not be modified unless the modified attribute is explicitly set to true.,"Flask's session object doesn't notice when you mutate something in place, like appending to a list. You need to manually set session.modified = True when that happens.",0.08223684210526316,0.3333333333333333,0.1724137931034483,0.22727272727272724,0.0,0.0,0.0,0.2,0.10344827586206896,0.13636363636363635,0.9042189717292786,0.8733197450637817,0.8885007500648499,0.5182670950889587
The session will not be modified unless the modified attribute is explicitly set to true.,Sessions are stored in a signed cookie that normally disappears when the browser closes. Setting permanent to True keeps it alive for as long as PERMANENT_SESSION_LIFETIME says.,0.15393100681909347,0.3333333333333333,0.1724137931034483,0.22727272727272724,0.07142857142857142,0.03571428571428571,0.047619047619047616,0.3333333333333333,0.1724137931034483,0.22727272727272724,0.8805795311927795,0.8275097012519836,0.8532202243804932,0.4973958730697632
The session will not be modified unless the modified attribute is explicitly set to true.,"Trailing slashes matter for routing. A route defined with a trailing slash will redirect a request without one to the slash version, and a route without a trailing slash returns a 404 if someone requests it with one.",0.051948051948051945,0.2,0.07894736842105263,0.11320754716981134,0.0,0.0,0.0,0.13333333333333333,0.05263157894736842,0.07547169811320754,0.8615000247955322,0.8347231149673462,0.8479002714157104,0.05134650692343712
The session will not be modified unless the modified attribute is explicitly set to true.,"If a route has a default value and also accepts POST, the version with the default should only handle GET, since a redirect can't carry form data along with it.",0.046583850931677016,0.13333333333333333,0.06451612903225806,0.08695652173913043,0.0,0.0,0.0,0.13333333333333333,0.06451612903225806,0.08695652173913043,0.865276575088501,0.8407320976257324,0.852827787399292,0.25466907024383545
The session will not be modified unless the modified attribute is explicitly set to true.,"Routes default to handling GET, along with HEAD. OPTIONS gets added automatically unless provide_automatic_options is turned off.",0.10204081632653061,0.2,0.15789473684210525,0.17647058823529413,0.0,0.0,0.0,0.13333333333333333,0.10526315789473684,0.11764705882352941,0.8715920448303223,0.850811243057251,0.861076295375824,0.22140304744243622
The session will not be modified unless the modified attribute is explicitly set to true.,"A view's endpoint name comes from its function name unless you set one explicitly, and it automatically gets prefixed with the blueprint's name if it's registered through one.",0.07987220447284345,0.26666666666666666,0.12903225806451613,0.17391304347826086,0.0,0.0,0.0,0.13333333333333333,0.06451612903225806,0.08695652173913043,0.8844248056411743,0.8440531492233276,0.8637675046920776,0.10002274811267853
The session will not be modified unless the modified attribute is explicitly set to true.,"If a view function has a required_methods attribute, Flask will always include those methods on the route, even if you explicitly set different ones in the route() call.",0.1532242289887201,0.4,0.20689655172413793,0.2727272727272727,0.07142857142857142,0.03571428571428571,0.047619047619047616,0.26666666666666666,0.13793103448275862,0.18181818181818182,0.894816517829895,0.8589692711830139,0.8765265345573425,0.11214857548475266
"If the session is empty and modified, the cookie will be deleted from the response.","request, session, g, and current_app are all proxies tied to a context. They only work while the right app or request context is active.",0.1079136690647482,0.26666666666666666,0.16,0.2,0.0,0.0,0.0,0.2,0.12,0.15,0.8741072416305542,0.848569929599762,0.861149251461029,0.23371809720993042
"If the session is empty and modified, the cookie will be deleted from the response.","Flask's session object doesn't notice when you mutate something in place, like appending to a list. You need to manually set session.modified = True when that happens.",0.04918032786885246,0.13333333333333333,0.06896551724137931,0.09090909090909091,0.0,0.0,0.0,0.13333333333333333,0.06896551724137931,0.09090909090909091,0.8719444274902344,0.8543460369110107,0.8630555272102356,0.3575510084629059
"If the session is empty and modified, the cookie will be deleted from the response.",Sessions are stored in a signed cookie that normally disappears when the browser closes. Setting permanent to True keeps it alive for as long as PERMANENT_SESSION_LIFETIME says.,0.07194244604316546,0.2,0.10344827586206896,0.13636363636363635,0.0,0.0,0.0,0.2,0.10344827586206896,0.13636363636363635,0.8810304999351501,0.8224186897277832,0.8507161736488342,0.5896898508071899
"If the session is empty and modified, the cookie will be deleted from the response.","Trailing slashes matter for routing. A route defined with a trailing slash will redirect a request without one to the slash version, and a route without a trailing slash returns a 404 if someone requests it with one.",0.077720207253886,0.26666666666666666,0.10526315789473684,0.1509433962264151,0.0,0.0,0.0,0.13333333333333333,0.05263157894736842,0.07547169811320754,0.8694170713424683,0.8360141515731812,0.8523885011672974,0.12480450421571732
"If the session is empty and modified, the cookie will be deleted from the response.","If a route has a default value and also accepts POST, the version with the default should only handle GET, since a redirect can't carry form data along with it.",0.09287925696594428,0.26666666666666666,0.12903225806451613,0.17391304347826086,0.0,0.0,0.0,0.26666666666666666,0.12903225806451613,0.17391304347826086,0.8828796148300171,0.8486557006835938,0.8654294610023499,0.2624351382255554
"If the session is empty and modified, the cookie will be deleted from the response.","Routes default to handling GET, along with HEAD. OPTIONS gets added automatically unless provide_automatic_options is turned off.",0.07614213197969542,0.06666666666666667,0.05263157894736842,0.058823529411764705,0.0,0.0,0.0,0.06666666666666667,0.05263157894736842,0.058823529411764705,0.8563855886459351,0.8371372222900391,0.8466520309448242,0.19886216521263123
"If the session is empty and modified, the cookie will be deleted from the response.","A view's endpoint name comes from its function name unless you set one explicitly, and it automatically gets prefixed with the blueprint's name if it's registered through one.",0.09554140127388534,0.26666666666666666,0.12903225806451613,0.17391304347826086,0.0,0.0,0.0,0.13333333333333333,0.06451612903225806,0.08695652173913043,0.8728598952293396,0.8378531336784363,0.8549983501434326,0.05631176754832268
"If the session is empty and modified, the cookie will be deleted from the response.","If a view function has a required_methods attribute, Flask will always include those methods on the route, even if you explicitly set different ones in the route() call.",0.09554140127388534,0.26666666666666666,0.13793103448275862,0.18181818181818182,0.0,0.0,0.0,0.2,0.10344827586206896,0.13636363636363635,0.8872935771942139,0.8532475829124451,0.869937539100647,0.1185227558016777
A null session will be created if the session support cannot be loaded due to a configuration error.,"request, session, g, and current_app are all proxies tied to a context. They only work while the right app or request context is active.",0.13238434163701068,0.2222222222222222,0.16,0.18604651162790697,0.058823529411764705,0.041666666666666664,0.048780487804878044,0.16666666666666666,0.12,0.13953488372093023,0.8775134086608887,0.8528687357902527,0.8650155067443848,0.32706719636917114
A null session will be created if the session support cannot be loaded due to a configuration error.,"Flask's session object doesn't notice when you mutate something in place, like appending to a list. You need to manually set session.modified = True when that happens.",0.06493506493506494,0.2222222222222222,0.13793103448275862,0.1702127659574468,0.058823529411764705,0.03571428571428571,0.044444444444444446,0.16666666666666666,0.10344827586206896,0.1276595744680851,0.878483235836029,0.8544321060180664,0.8662907481193542,0.24386274814605713
A null session will be created if the session support cannot be loaded due to a configuration error.,Sessions are stored in a signed cookie that normally disappears when the browser closes. Setting permanent to True keeps it alive for as long as PERMANENT_SESSION_LIFETIME says.,0.10676156583629894,0.2777777777777778,0.1724137931034483,0.21276595744680854,0.0,0.0,0.0,0.16666666666666666,0.10344827586206896,0.1276595744680851,0.8740564584732056,0.8198502063751221,0.8460859656333923,0.4870387315750122
A null session will be created if the session support cannot be loaded due to a configuration error.,"Trailing slashes matter for routing. A route defined with a trailing slash will redirect a request without one to the slash version, and a route without a trailing slash returns a 404 if someone requests it with one.",0.08997429305912595,0.3333333333333333,0.15789473684210525,0.21428571428571427,0.0,0.0,0.0,0.2222222222222222,0.10526315789473684,0.14285714285714285,0.8719532489776611,0.8380910754203796,0.8546868562698364,0.1015409454703331
A null session will be created if the session support cannot be loaded due to a configuration error.,"If a route has a default value and also accepts POST, the version with the default should only handle GET, since a redirect can't carry form data along with it.",0.07668711656441718,0.2222222222222222,0.12903225806451613,0.16326530612244897,0.0,0.0,0.0,0.16666666666666666,0.0967741935483871,0.12244897959183673,0.8683549761772156,0.8355509638786316,0.8516371846199036,0.18125325441360474
A null session will be created if the session support cannot be loaded due to a configuration error.,"Routes default to handling GET, along with HEAD. OPTIONS gets added automatically unless provide_automatic_options is turned off.",0.05000000000000001,0.05555555555555555,0.05263157894736842,0.05405405405405406,0.0,0.0,0.0,0.05555555555555555,0.05263157894736842,0.05405405405405406,0.862714946269989,0.842108964920044,0.8522873520851135,0.2040187269449234
A null session will be created if the session support cannot be loaded due to a configuration error.,"A view's endpoint name comes from its function name unless you set one explicitly, and it automatically gets prefixed with the blueprint's name if it's registered through one.",0.06309148264984228,0.16666666666666666,0.0967741935483871,0.12244897959183673,0.0,0.0,0.0,0.1111111111111111,0.06451612903225806,0.08163265306122448,0.8681437969207764,0.838550329208374,0.8530905246734619,0.08912035077810287
A null session will be created if the session support cannot be loaded due to a configuration error.,"If a view function has a required_methods attribute, Flask will always include those methods on the route, even if you explicitly set different ones in the route() call.",0.0946372239747634,0.2777777777777778,0.1724137931034483,0.21276595744680854,0.0,0.0,0.0,0.2222222222222222,0.13793103448275862,0.1702127659574468,0.8665255308151245,0.8443104028701782,0.8552737236022949,0.09416281431913376
The session cookie name is determined by the 'SESSION_COOKIE_NAME' configuration value.,"request, session, g, and current_app are all proxies tied to a context. They only work while the right app or request context is active.",0.07272727272727274,0.23076923076923078,0.12,0.15789473684210525,0.0,0.0,0.0,0.15384615384615385,0.08,0.10526315789473685,0.8506848216056824,0.8509621620178223,0.8508234620094299,0.37294596433639526
The session cookie name is determined by the 'SESSION_COOKIE_NAME' configuration value.,"Flask's session object doesn't notice when you mutate something in place, like appending to a list. You need to manually set session.modified = True when that happens.",0.049668874172185434,0.15384615384615385,0.06896551724137931,0.09523809523809525,0.0,0.0,0.0,0.15384615384615385,0.06896551724137931,0.09523809523809525,0.8485650420188904,0.8468867540359497,0.8477250933647156,0.3117790222167969
The session cookie name is determined by the 'SESSION_COOKIE_NAME' configuration value.,Sessions are stored in a signed cookie that normally disappears when the browser closes. Setting permanent to True keeps it alive for as long as PERMANENT_SESSION_LIFETIME says.,0.07272727272727274,0.3076923076923077,0.13793103448275862,0.1904761904761905,0.0,0.0,0.0,0.3076923076923077,0.13793103448275862,0.1904761904761905,0.8826907873153687,0.8424628973007202,0.8621078133583069,0.5290852785110474
The session cookie name is determined by the 'SESSION_COOKIE_NAME' configuration value.,"Trailing slashes matter for routing. A route defined with a trailing slash will redirect a request without one to the slash version, and a route without a trailing slash returns a 404 if someone requests it with one.",0.026109660574412535,0.07692307692307693,0.02631578947368421,0.0392156862745098,0.0,0.0,0.0,0.07692307692307693,0.02631578947368421,0.0392156862745098,0.8194041848182678,0.8278277516365051,0.8235944509506226,0.06985922157764435
The session cookie name is determined by the 'SESSION_COOKIE_NAME' configuration value.,"If a route has a default value and also accepts POST, the version with the default should only handle GET, since a redirect can't carry form data along with it.",0.0625,0.23076923076923078,0.0967741935483871,0.13636363636363635,0.0,0.0,0.0,0.15384615384615385,0.06451612903225806,0.09090909090909091,0.8273681998252869,0.8335171937942505,0.830431342124939,0.13926121592521667
The session cookie name is determined by the 'SESSION_COOKIE_NAME' configuration value.,"Routes default to handling GET, along with HEAD. OPTIONS gets added automatically unless provide_automatic_options is turned off.",0.05154639175257732,0.07692307692307693,0.05263157894736842,0.0625,0.0,0.0,0.0,0.07692307692307693,0.05263157894736842,0.0625,0.8407952785491943,0.8499066233634949,0.8453263640403748,0.21121445298194885
The session cookie name is determined by the 'SESSION_COOKIE_NAME' configuration value.,"A view's endpoint name comes from its function name unless you set one explicitly, and it automatically gets prefixed with the blueprint's name if it's registered through one.",0.048231511254019296,0.23076923076923078,0.0967741935483871,0.13636363636363635,0.0,0.0,0.0,0.23076923076923078,0.0967741935483871,0.13636363636363635,0.847661018371582,0.847966194152832,0.847813606262207,0.26114410161972046
The session cookie name is determined by the 'SESSION_COOKIE_NAME' configuration value.,"If a view function has a required_methods attribute, Flask will always include those methods on the route, even if you explicitly set different ones in the route() call.",0.06430868167202572,0.15384615384615385,0.06896551724137931,0.09523809523809525,0.0,0.0,0.0,0.15384615384615385,0.06896551724137931,0.09523809523809525,0.8545501232147217,0.8441914319992065,0.8493391871452332,0.09584739804267883
The session cookie domain is determined by the 'SESSION_COOKIE_DOMAIN' configuration value.,"request, session, g, and current_app are all proxies tied to a context. They only work while the right app or request context is active.",0.07272727272727274,0.23076923076923078,0.12,0.15789473684210525,0.0,0.0,0.0,0.15384615384615385,0.08,0.10526315789473685,0.8464532494544983,0.8514553308486938,0.8489468693733215,0.4266268014907837
The session cookie domain is determined by the 'SESSION_COOKIE_DOMAIN' configuration value.,"Flask's session object doesn't notice when you mutate something in place, like appending to a list. You need to manually set session.modified = True when that happens.",0.033112582781456956,0.15384615384615385,0.06896551724137931,0.09523809523809525,0.0,0.0,0.0,0.15384615384615385,0.06896551724137931,0.09523809523809525,0.8432697057723999,0.8468219637870789,0.8450421094894409,0.25021257996559143
The session cookie domain is determined by the 'SESSION_COOKIE_DOMAIN' configuration value.,Sessions are stored in a signed cookie that normally disappears when the browser closes. Setting permanent to True keeps it alive for as long as PERMANENT_SESSION_LIFETIME says.,0.07272727272727274,0.3076923076923077,0.13793103448275862,0.1904761904761905,0.0,0.0,0.0,0.3076923076923077,0.13793103448275862,0.1904761904761905,0.8758009672164917,0.8413164019584656,0.858212411403656,0.5434667468070984
The session cookie domain is determined by the 'SESSION_COOKIE_DOMAIN' configuration value.,"Trailing slashes matter for routing. A route defined with a trailing slash will redirect a request without one to the slash version, and a route without a trailing slash returns a 404 if someone requests it with one.",0.026109660574412535,0.07692307692307693,0.02631578947368421,0.0392156862745098,0.0,0.0,0.0,0.07692307692307693,0.02631578947368421,0.0392156862745098,0.8189389109611511,0.8277204036712646,0.8233062028884888,0.07756917923688889
The session cookie domain is determined by the 'SESSION_COOKIE_DOMAIN' configuration value.,"If a route has a default value and also accepts POST, the version with the default should only handle GET, since a redirect can't carry form data along with it.",0.0625,0.23076923076923078,0.0967741935483871,0.13636363636363635,0.0,0.0,0.0,0.15384615384615385,0.06451612903225806,0.09090909090909091,0.8242833614349365,0.833585798740387,0.8289085030555725,0.16221736371517181
The session cookie domain is determined by the 'SESSION_COOKIE_DOMAIN' configuration value.,"Routes default to handling GET, along with HEAD. OPTIONS gets added automatically unless provide_automatic_options is turned off.",0.05154639175257732,0.07692307692307693,0.05263157894736842,0.0625,0.0,0.0,0.0,0.07692307692307693,0.05263157894736842,0.0625,0.836023211479187,0.8513907194137573,0.8436369895935059,0.20941102504730225
The session cookie domain is determined by the 'SESSION_COOKIE_DOMAIN' configuration value.,"A view's endpoint name comes from its function name unless you set one explicitly, and it automatically gets prefixed with the blueprint's name if it's registered through one.",0.03215434083601286,0.07692307692307693,0.03225806451612903,0.045454545454545456,0.0,0.0,0.0,0.07692307692307693,0.03225806451612903,0.045454545454545456,0.836958646774292,0.838966965675354,0.8379616141319275,0.16581058502197266
The session cookie domain is determined by the 'SESSION_COOKIE_DOMAIN' configuration value.,"If a view function has a required_methods attribute, Flask will always include those methods on the route, even if you explicitly set different ones in the route() call.",0.048231511254019296,0.15384615384615385,0.06896551724137931,0.09523809523809525,0.0,0.0,0.0,0.15384615384615385,0.06896551724137931,0.09523809523809525,0.8503385782241821,0.8445941209793091,0.8474566340446472,0.059807825833559036
The session cookie path is determined by the 'SESSION_COOKIE_PATH' configuration value or falls back to 'APPLICATION_ROOT' or '/' if not set.,"request, session, g, and current_app are all proxies tied to a context. They only work while the right app or request context is active.",0.10416666666666669,0.21739130434782608,0.2,0.20833333333333331,0.0,0.0,0.0,0.13043478260869565,0.12,0.12499999999999997,0.8208431005477905,0.8560599088668823,0.8380817174911499,0.49744895100593567
The session cookie path is determined by the 'SESSION_COOKIE_PATH' configuration value or falls back to 'APPLICATION_ROOT' or '/' if not set.,"Flask's session object doesn't notice when you mutate something in place, like appending to a list. You need to manually set session.modified = True when that happens.",0.0634920634920635,0.17391304347826086,0.13793103448275862,0.15384615384615385,0.0,0.0,0.0,0.13043478260869565,0.10344827586206896,0.11538461538461538,0.821803092956543,0.8564085364341736,0.8387489914894104,0.35072317719459534
The session cookie path is determined by the 'SESSION_COOKIE_PATH' configuration value or falls back to 'APPLICATION_ROOT' or '/' if not set.,Sessions are stored in a signed cookie that normally disappears when the browser closes. Setting permanent to True keeps it alive for as long as PERMANENT_SESSION_LIFETIME says.,0.10416666666666669,0.2608695652173913,0.20689655172413793,0.23076923076923075,0.0,0.0,0.0,0.17391304347826086,0.13793103448275862,0.15384615384615385,0.8425058126449585,0.8469338417053223,0.8447140455245972,0.5287879705429077
The session cookie path is determined by the 'SESSION_COOKIE_PATH' configuration value or falls back to 'APPLICATION_ROOT' or '/' if not set.,"Trailing slashes matter for routing. A route defined with a trailing slash will redirect a request without one to the slash version, and a route without a trailing slash returns a 404 if someone requests it with one.",0.06313131313131314,0.13043478260869565,0.07894736842105263,0.09836065573770492,0.0,0.0,0.0,0.08695652173913043,0.05263157894736842,0.06557377049180328,0.8097763061523438,0.8368951678276062,0.823112428188324,0.24983680248260498
The session cookie path is determined by the 'SESSION_COOKIE_PATH' configuration value or falls back to 'APPLICATION_ROOT' or '/' if not set.,"If a route has a default value and also accepts POST, the version with the default should only handle GET, since a redirect can't carry form data along with it.",0.07507507507507508,0.17391304347826086,0.12903225806451613,0.14814814814814814,0.0,0.0,0.0,0.08695652173913043,0.06451612903225806,0.07407407407407407,0.8083449602127075,0.8389182090759277,0.8233479261398315,0.24754144251346588
The session cookie path is determined by the 'SESSION_COOKIE_PATH' configuration value or falls back to 'APPLICATION_ROOT' or '/' if not set.,"Routes default to handling GET, along with HEAD. OPTIONS gets added automatically unless provide_automatic_options is turned off.",0.07246376811594203,0.08695652173913043,0.10526315789473684,0.09523809523809525,0.0,0.0,0.0,0.043478260869565216,0.05263157894736842,0.04761904761904762,0.8199173212051392,0.8601411581039429,0.8395477533340454,0.3086339831352234
The session cookie path is determined by the 'SESSION_COOKIE_PATH' configuration value or falls back to 'APPLICATION_ROOT' or '/' if not set.,"A view's endpoint name comes from its function name unless you set one explicitly, and it automatically gets prefixed with the blueprint's name if it's registered through one.",0.0771604938271605,0.13043478260869565,0.0967741935483871,0.1111111111111111,0.0,0.0,0.0,0.08695652173913043,0.06451612903225806,0.07407407407407407,0.8243542909622192,0.8516119718551636,0.8377615213394165,0.1682010293006897
The session cookie path is determined by the 'SESSION_COOKIE_PATH' configuration value or falls back to 'APPLICATION_ROOT' or '/' if not set.,"If a view function has a required_methods attribute, Flask will always include those methods on the route, even if you explicitly set different ones in the route() call.",0.0771604938271605,0.17391304347826086,0.13793103448275862,0.15384615384615385,0.0,0.0,0.0,0.13043478260869565,0.10344827586206896,0.11538461538461538,0.8347048759460449,0.8527621030807495,0.8436368703842163,0.1895056664943695
The session cookie will be marked as HttpOnly based on the 'SESSION_COOKIE_HTTPONLY' configuration value.,"request, session, g, and current_app are all proxies tied to a context. They only work while the right app or request context is active.",0.07194244604316546,0.125,0.08,0.09756097560975609,0.0,0.0,0.0,0.125,0.08,0.09756097560975609,0.8341687917709351,0.8549243807792664,0.8444190621376038,0.34420937299728394
The session cookie will be marked as HttpOnly based on the 'SESSION_COOKIE_HTTPONLY' configuration value.,"Flask's session object doesn't notice when you mutate something in place, like appending to a list. You need to manually set session.modified = True when that happens.",0.06557377049180328,0.125,0.06896551724137931,0.08888888888888889,0.0,0.0,0.0,0.125,0.06896551724137931,0.08888888888888889,0.831561803817749,0.8526290059089661,0.8419636487960815,0.3202986717224121
The session cookie will be marked as HttpOnly based on the 'SESSION_COOKIE_HTTPONLY' configuration value.,Sessions are stored in a signed cookie that normally disappears when the browser closes. Setting permanent to True keeps it alive for as long as PERMANENT_SESSION_LIFETIME says.,0.1079136690647482,0.3125,0.1724137931034483,0.22222222222222224,0.0,0.0,0.0,0.25,0.13793103448275862,0.17777777777777778,0.8580203652381897,0.8439178466796875,0.8509106636047363,0.5489224195480347
The session cookie will be marked as HttpOnly based on the 'SESSION_COOKIE_HTTPONLY' configuration value.,"Trailing slashes matter for routing. A route defined with a trailing slash will redirect a request without one to the slash version, and a route without a trailing slash returns a 404 if someone requests it with one.",0.05181347150259068,0.125,0.05263157894736842,0.07407407407407407,0.0,0.0,0.0,0.125,0.05263157894736842,0.07407407407407407,0.8103646039962769,0.8311881422996521,0.8206443190574646,0.11203297227621078
The session cookie will be marked as HttpOnly based on the 'SESSION_COOKIE_HTTPONLY' configuration value.,"If a route has a default value and also accepts POST, the version with the default should only handle GET, since a redirect can't carry form data along with it.",0.09287925696594428,0.1875,0.0967741935483871,0.12765957446808507,0.0,0.0,0.0,0.125,0.06451612903225806,0.0851063829787234,0.8228260278701782,0.8431659936904907,0.8328718543052673,0.18813249468803406
The session cookie will be marked as HttpOnly based on the 'SESSION_COOKIE_HTTPONLY' configuration value.,"Routes default to handling GET, along with HEAD. OPTIONS gets added automatically unless provide_automatic_options is turned off.",0.050761421319796954,0.0,0.0,0.0,0.0,0.0,0.0,0.0,0.0,0.0,0.8310815691947937,0.8586877584457397,0.844659149646759,0.24282990396022797
The session cookie will be marked as HttpOnly based on the 'SESSION_COOKIE_HTTPONLY' configuration value.,"A view's endpoint name comes from its function name unless you set one explicitly, and it automatically gets prefixed with the blueprint's name if it's registered through one.",0.06369426751592357,0.0625,0.03225806451612903,0.0425531914893617,0.0,0.0,0.0,0.0625,0.03225806451612903,0.0425531914893617,0.8187681436538696,0.836114764213562,0.8273505568504333,0.09515326470136642
The session cookie will be marked as HttpOnly based on the 'SESSION_COOKIE_HTTPONLY' configuration value.,"If a view function has a required_methods attribute, Flask will always include those methods on the route, even if you explicitly set different ones in the route() call.",0.11146496815286625,0.25,0.13793103448275862,0.17777777777777778,0.06666666666666667,0.03571428571428571,0.046511627906976744,0.1875,0.10344827586206896,0.13333333333333333,0.8378691673278809,0.851141095161438,0.8444530367851257,0.1433066427707672
The session cookie will be marked as secure based on the 'SESSION_COOKIE_SECURE' configuration value.,"request, session, g, and current_app are all proxies tied to a context. They only work while the right app or request context is active.",0.07194244604316546,0.125,0.08,0.09756097560975609,0.0,0.0,0.0,0.125,0.08,0.09756097560975609,0.8429403305053711,0.8547442555427551,0.8488012552261353,0.2666766941547394
The session cookie will be marked as secure based on the 'SESSION_COOKIE_SECURE' configuration value.,"Flask's session object doesn't notice when you mutate something in place, like appending to a list. You need to manually set session.modified = True when that happens.",0.06557377049180328,0.125,0.06896551724137931,0.08888888888888889,0.0,0.0,0.0,0.125,0.06896551724137931,0.08888888888888889,0.8447955250740051,0.8525398969650269,0.8486499786376953,0.2775392234325409
The session cookie will be marked as secure based on the 'SESSION_COOKIE_SECURE' configuration value.,Sessions are stored in a signed cookie that normally disappears when the browser closes. Setting permanent to True keeps it alive for as long as PERMANENT_SESSION_LIFETIME says.,0.1079136690647482,0.3125,0.1724137931034483,0.22222222222222224,0.0,0.0,0.0,0.25,0.13793103448275862,0.17777777777777778,0.8809271454811096,0.8511204719543457,0.8657673597335815,0.5091449022293091
The session cookie will be marked as secure based on the 'SESSION_COOKIE_SECURE' configuration value.,"Trailing slashes matter for routing. A route defined with a trailing slash will redirect a request without one to the slash version, and a route without a trailing slash returns a 404 if someone requests it with one.",0.05181347150259068,0.125,0.05263157894736842,0.07407407407407407,0.0,0.0,0.0,0.125,0.05263157894736842,0.07407407407407407,0.8193621635437012,0.8317098021507263,0.8254897594451904,-0.031704455614089966
The session cookie will be marked as secure based on the 'SESSION_COOKIE_SECURE' configuration value.,"If a route has a default value and also accepts POST, the version with the default should only handle GET, since a redirect can't carry form data along with it.",0.09287925696594428,0.1875,0.0967741935483871,0.12765957446808507,0.0,0.0,0.0,0.125,0.06451612903225806,0.0851063829787234,0.8245241045951843,0.8404170274734497,0.8323947787284851,0.14938779175281525
The session cookie will be marked as secure based on the 'SESSION_COOKIE_SECURE' configuration value.,"Routes default to handling GET, along with HEAD. OPTIONS gets added automatically unless provide_automatic_options is turned off.",0.050761421319796954,0.0,0.0,0.0,0.0,0.0,0.0,0.0,0.0,0.0,0.8401145935058594,0.8556902408599854,0.8478308916091919,0.17527127265930176
The session cookie will be marked as secure based on the 'SESSION_COOKIE_SECURE' configuration value.,"A view's endpoint name comes from its function name unless you set one explicitly, and it automatically gets prefixed with the blueprint's name if it's registered through one.",0.06369426751592357,0.0625,0.03225806451612903,0.0425531914893617,0.0,0.0,0.0,0.0625,0.03225806451612903,0.0425531914893617,0.8282482624053955,0.8360060453414917,0.8321090340614319,0.05285370349884033
The session cookie will be marked as secure based on the 'SESSION_COOKIE_SECURE' configuration value.,"If a view function has a required_methods attribute, Flask will always include those methods on the route, even if you explicitly set different ones in the route() call.",0.11146496815286625,0.25,0.13793103448275862,0.17777777777777778,0.06666666666666667,0.03571428571428571,0.046511627906976744,0.1875,0.10344827586206896,0.13333333333333333,0.8535957336425781,0.8518420457839966,0.8527179956436157,0.10383062809705734
The SameSite attribute for the session cookie is determined by the 'SESSION_COOKIE_SAMESITE' configuration value.,"request, session, g, and current_app are all proxies tied to a context. They only work while the right app or request context is active.",0.07194244604316546,0.1875,0.12,0.14634146341463414,0.0,0.0,0.0,0.125,0.08,0.09756097560975609,0.8301087021827698,0.8525671362876892,0.8411880135536194,0.3657557964324951
The SameSite attribute for the session cookie is determined by the 'SESSION_COOKIE_SAMESITE' configuration value.,"Flask's session object doesn't notice when you mutate something in place, like appending to a list. You need to manually set session.modified = True when that happens.",0.03278688524590164,0.125,0.06896551724137931,0.08888888888888889,0.0,0.0,0.0,0.125,0.06896551724137931,0.08888888888888889,0.834601879119873,0.8522390127182007,0.8433282375335693,0.28595679998397827
The SameSite attribute for the session cookie is determined by the 'SESSION_COOKIE_SAMESITE' configuration value.,Sessions are stored in a signed cookie that normally disappears when the browser closes. Setting permanent to True keeps it alive for as long as PERMANENT_SESSION_LIFETIME says.,0.08992805755395684,0.3125,0.1724137931034483,0.22222222222222224,0.0,0.0,0.0,0.25,0.13793103448275862,0.17777777777777778,0.8640241622924805,0.8400866985321045,0.8518873453140259,0.5107563138008118
The SameSite attribute for the session cookie is determined by the 'SESSION_COOKIE_SAMESITE' configuration value.,"Trailing slashes matter for routing. A route defined with a trailing slash will redirect a request without one to the slash version, and a route without a trailing slash returns a 404 if someone requests it with one.",0.038860103626943,0.125,0.05263157894736842,0.07407407407407407,0.0,0.0,0.0,0.125,0.05263157894736842,0.07407407407407407,0.8082565069198608,0.8323597311973572,0.8201311230659485,0.08554255962371826
The SameSite attribute for the session cookie is determined by the 'SESSION_COOKIE_SAMESITE' configuration value.,"If a route has a default value and also accepts POST, the version with the default should only handle GET, since a redirect can't carry form data along with it.",0.061919504643962855,0.1875,0.0967741935483871,0.12765957446808507,0.0,0.0,0.0,0.125,0.06451612903225806,0.0851063829787234,0.8147430419921875,0.8396461009979248,0.8270071148872375,0.20074960589408875
The SameSite attribute for the session cookie is determined by the 'SESSION_COOKIE_SAMESITE' configuration value.,"Routes default to handling GET, along with HEAD. OPTIONS gets added automatically unless provide_automatic_options is turned off.",0.050761421319796954,0.0625,0.05263157894736842,0.05714285714285714,0.0,0.0,0.0,0.0625,0.05263157894736842,0.05714285714285714,0.8233553171157837,0.851844310760498,0.8373575806617737,0.20784643292427063
The SameSite attribute for the session cookie is determined by the 'SESSION_COOKIE_SAMESITE' configuration value.,"A view's endpoint name comes from its function name unless you set one explicitly, and it automatically gets prefixed with the blueprint's name if it's registered through one.",0.03184713375796178,0.0625,0.03225806451612903,0.0425531914893617,0.0,0.0,0.0,0.0625,0.03225806451612903,0.0425531914893617,0.8239071369171143,0.8376439213752747,0.8307187557220459,0.14748376607894897
The SameSite attribute for the session cookie is determined by the 'SESSION_COOKIE_SAMESITE' configuration value.,"If a view function has a required_methods attribute, Flask will always include those methods on the route, even if you explicitly set different ones in the route() call.",0.06369426751592357,0.1875,0.10344827586206896,0.13333333333333333,0.0,0.0,0.0,0.1875,0.10344827586206896,0.13333333333333333,0.8417659997940063,0.8513120412826538,0.8465121388435364,0.09486627578735352
The session cookie will be partitioned based on the 'SESSION_COOKIE_PARTITIONED' configuration value.,"request, session, g, and current_app are all proxies tied to a context. They only work while the right app or request context is active.",0.05434782608695652,0.14285714285714285,0.08,0.10256410256410256,0.0,0.0,0.0,0.14285714285714285,0.08,0.10256410256410256,0.841751754283905,0.8565479516983032,0.8490853905677795,0.2887699007987976
The session cookie will be partitioned based on the 'SESSION_COOKIE_PARTITIONED' configuration value.,"Flask's session object doesn't notice when you mutate something in place, like appending to a list. You need to manually set session.modified = True when that happens.",0.033003300330033,0.14285714285714285,0.06896551724137931,0.09302325581395349,0.0,0.0,0.0,0.14285714285714285,0.06896551724137931,0.09302325581395349,0.8454289436340332,0.8562536239624023,0.8508068323135376,0.3268488049507141
The session cookie will be partitioned based on the 'SESSION_COOKIE_PARTITIONED' configuration value.,Sessions are stored in a signed cookie that normally disappears when the browser closes. Setting permanent to True keeps it alive for as long as PERMANENT_SESSION_LIFETIME says.,0.07246376811594203,0.2857142857142857,0.13793103448275862,0.18604651162790697,0.0,0.0,0.0,0.2857142857142857,0.13793103448275862,0.18604651162790697,0.87999427318573,0.8528350591659546,0.8662018179893494,0.4801705479621887
The session cookie will be partitioned based on the 'SESSION_COOKIE_PARTITIONED' configuration value.,"Trailing slashes matter for routing. A route defined with a trailing slash will redirect a request without one to the slash version, and a route without a trailing slash returns a 404 if someone requests it with one.",0.03906249999999999,0.14285714285714285,0.05263157894736842,0.07692307692307693,0.0,0.0,0.0,0.14285714285714285,0.05263157894736842,0.07692307692307693,0.8166078329086304,0.8322969079017639,0.824377715587616,-0.05172614008188248
The session cookie will be partitioned based on the 'SESSION_COOKIE_PARTITIONED' configuration value.,"If a route has a default value and also accepts POST, the version with the default should only handle GET, since a redirect can't carry form data along with it.",0.0778816199376947,0.21428571428571427,0.0967741935483871,0.13333333333333333,0.0,0.0,0.0,0.14285714285714285,0.06451612903225806,0.08888888888888889,0.822834849357605,0.841368556022644,0.8319984674453735,0.09414741396903992
The session cookie will be partitioned based on the 'SESSION_COOKIE_PARTITIONED' configuration value.,"Routes default to handling GET, along with HEAD. OPTIONS gets added automatically unless provide_automatic_options is turned off.",0.05128205128205128,0.0,0.0,0.0,0.0,0.0,0.0,0.0,0.0,0.0,0.8371840119361877,0.8572206497192383,0.8470839262008667,0.12961676716804504
The session cookie will be partitioned based on the 'SESSION_COOKIE_PARTITIONED' configuration value.,"A view's endpoint name comes from its function name unless you set one explicitly, and it automatically gets prefixed with the blueprint's name if it's registered through one.",0.03205128205128205,0.07142857142857142,0.03225806451612903,0.044444444444444446,0.0,0.0,0.0,0.07142857142857142,0.03225806451612903,0.044444444444444446,0.8292407989501953,0.837084949016571,0.8331443667411804,0.037934139370918274
The session cookie will be partitioned based on the 'SESSION_COOKIE_PARTITIONED' configuration value.,"If a view function has a required_methods attribute, Flask will always include those methods on the route, even if you explicitly set different ones in the route() call.",0.08012820512820513,0.2857142857142857,0.13793103448275862,0.18604651162790697,0.07692307692307693,0.03571428571428571,0.04878048780487805,0.21428571428571427,0.10344827586206896,0.1395348837209302,0.854698896408081,0.8532241582870483,0.8539609313011169,0.09287386387586594
The expiration time for a permanent session is set to the current time plus the application's permanent session lifetime.,"request, session, g, and current_app are all proxies tied to a context. They only work while the right app or request context is active.",0.10638297872340427,0.3,0.24,0.2666666666666666,0.0,0.0,0.0,0.15,0.12,0.1333333333333333,0.8701798915863037,0.8605291843414307,0.8653275966644287,0.3072924017906189
The expiration time for a permanent session is set to the current time plus the application's permanent session lifetime.,"Flask's session object doesn't notice when you mutate something in place, like appending to a list. You need to manually set session.modified = True when that happens.",0.09708737864077671,0.3,0.20689655172413793,0.24489795918367346,0.0,0.0,0.0,0.15,0.10344827586206896,0.12244897959183673,0.8660156726837158,0.8558514714241028,0.8609035611152649,0.27196192741394043
The expiration time for a permanent session is set to the current time plus the application's permanent session lifetime.,Sessions are stored in a signed cookie that normally disappears when the browser closes. Setting permanent to True keeps it alive for as long as PERMANENT_SESSION_LIFETIME says.,0.14184397163120566,0.5,0.3448275862068966,0.40816326530612246,0.10526315789473684,0.07142857142857142,0.0851063829787234,0.3,0.20689655172413793,0.24489795918367346,0.8842618465423584,0.8391393423080444,0.8611098527908325,0.6725870370864868
The expiration time for a permanent session is set to the current time plus the application's permanent session lifetime.,"Trailing slashes matter for routing. A route defined with a trailing slash will redirect a request without one to the slash version, and a route without a trailing slash returns a 404 if someone requests it with one.",0.06410256410256411,0.2,0.10526315789473684,0.13793103448275862,0.05263157894736842,0.02702702702702703,0.03571428571428572,0.2,0.10526315789473684,0.13793103448275862,0.8532146215438843,0.8368507623672485,0.8449534177780151,0.030800454318523407
The expiration time for a permanent session is set to the current time plus the application's permanent session lifetime.,"If a route has a default value and also accepts POST, the version with the default should only handle GET, since a redirect can't carry form data along with it.",0.061162079510703356,0.15,0.0967741935483871,0.11764705882352941,0.0,0.0,0.0,0.15,0.0967741935483871,0.11764705882352941,0.8536525368690491,0.8385271430015564,0.8460222482681274,0.08654923737049103
The expiration time for a permanent session is set to the current time plus the application's permanent session lifetime.,"Routes default to handling GET, along with HEAD. OPTIONS gets added automatically unless provide_automatic_options is turned off.",0.0746268656716418,0.1,0.10526315789473684,0.10256410256410256,0.0,0.0,0.0,0.05,0.05263157894736842,0.05128205128205128,0.8493990302085876,0.8408874273300171,0.8451218008995056,0.1086440235376358
The expiration time for a permanent session is set to the current time plus the application's permanent session lifetime.,"A view's endpoint name comes from its function name unless you set one explicitly, and it automatically gets prefixed with the blueprint's name if it's registered through one.",0.07861635220125786,0.2,0.12903225806451613,0.1568627450980392,0.0,0.0,0.0,0.2,0.12903225806451613,0.1568627450980392,0.8667503595352173,0.8439022898674011,0.8551737666130066,0.11278045177459717
The expiration time for a permanent session is set to the current time plus the application's permanent session lifetime.,"If a view function has a required_methods attribute, Flask will always include those methods on the route, even if you explicitly set different ones in the route() call.",0.07861635220125786,0.2,0.13793103448275862,0.16326530612244897,0.0,0.0,0.0,0.15,0.10344827586206896,0.12244897959183673,0.8572885990142822,0.8428391218185425,0.8500024080276489,0.03807307034730911
A Set-Cookie header will be set if the session has been modified or if it is permanent and 'SESSION_REFRESH_EACH_REQUEST' is true.,"request, session, g, and current_app are all proxies tied to a context. They only work while the right app or request context is active.",0.12280701754385967,0.28,0.28,0.28,0.0,0.0,0.0,0.2,0.2,0.20000000000000004,0.825107991695404,0.8555265069007874,0.8400419354438782,0.4084353446960449
A Set-Cookie header will be set if the session has been modified or if it is permanent and 'SESSION_REFRESH_EACH_REQUEST' is true.,"Flask's session object doesn't notice when you mutate something in place, like appending to a list. You need to manually set session.modified = True when that happens.",0.08012820512820513,0.24,0.20689655172413793,0.22222222222222224,0.0,0.0,0.0,0.2,0.1724137931034483,0.1851851851851852,0.8324236273765564,0.8637734651565552,0.847808837890625,0.45942848920822144
A Set-Cookie header will be set if the session has been modified or if it is permanent and 'SESSION_REFRESH_EACH_REQUEST' is true.,Sessions are stored in a signed cookie that normally disappears when the browser closes. Setting permanent to True keeps it alive for as long as PERMANENT_SESSION_LIFETIME says.,0.14035087719298245,0.36,0.3103448275862069,0.3333333333333333,0.0,0.0,0.0,0.24,0.20689655172413793,0.22222222222222224,0.8534895777702332,0.8516128659248352,0.852550208568573,0.630821943283081
A Set-Cookie header will be set if the session has been modified or if it is permanent and 'SESSION_REFRESH_EACH_REQUEST' is true.,"Trailing slashes matter for routing. A route defined with a trailing slash will redirect a request without one to the slash version, and a route without a trailing slash returns a 404 if someone requests it with one.",0.089058524173028,0.28,0.18421052631578946,0.2222222222222222,0.0,0.0,0.0,0.2,0.13157894736842105,0.1587301587301587,0.8047791719436646,0.8327109217643738,0.8185068964958191,0.06394420564174652
A Set-Cookie header will be set if the session has been modified or if it is permanent and 'SESSION_REFRESH_EACH_REQUEST' is true.,"If a route has a default value and also accepts POST, the version with the default should only handle GET, since a redirect can't carry form data along with it.",0.10606060606060606,0.24,0.1935483870967742,0.21428571428571427,0.0,0.0,0.0,0.12,0.0967741935483871,0.10714285714285714,0.806367814540863,0.8366374969482422,0.821223795413971,0.21248474717140198
A Set-Cookie header will be set if the session has been modified or if it is permanent and 'SESSION_REFRESH_EACH_REQUEST' is true.,"Routes default to handling GET, along with HEAD. OPTIONS gets added automatically unless provide_automatic_options is turned off.",0.07352941176470588,0.04,0.05263157894736842,0.04545454545454545,0.0,0.0,0.0,0.04,0.05263157894736842,0.04545454545454545,0.8227708339691162,0.8553409576416016,0.838739812374115,0.354173481464386
A Set-Cookie header will be set if the session has been modified or if it is permanent and 'SESSION_REFRESH_EACH_REQUEST' is true.,"A view's endpoint name comes from its function name unless you set one explicitly, and it automatically gets prefixed with the blueprint's name if it's registered through one.",0.14940555661516947,0.24,0.1935483870967742,0.21428571428571427,0.041666666666666664,0.03333333333333333,0.037037037037037035,0.2,0.16129032258064516,0.17857142857142855,0.8106199502944946,0.8362004160881042,0.8232115507125854,0.07969285547733307
A Set-Cookie header will be set if the session has been modified or if it is permanent and 'SESSION_REFRESH_EACH_REQUEST' is true.,"If a view function has a required_methods attribute, Flask will always include those methods on the route, even if you explicitly set different ones in the route() call.",0.12461059190031153,0.28,0.2413793103448276,0.25925925925925924,0.0,0.0,0.0,0.16,0.13793103448275862,0.14814814814814817,0.8371168375015259,0.851764440536499,0.8443771004676819,0.1984255611896515
"If the session cannot be loaded, the request context will use a null session as a fallback.","request, session, g, and current_app are all proxies tied to a context. They only work while the right app or request context is active.",0.17067325150700852,0.29411764705882354,0.2,0.2380952380952381,0.0625,0.041666666666666664,0.05,0.23529411764705882,0.16,0.19047619047619052,0.8804271221160889,0.8616561889648438,0.8709405660629272,0.5355994701385498
"If the session cannot be loaded, the request context will use a null session as a fallback.","Flask's session object doesn't notice when you mutate something in place, like appending to a list. You need to manually set session.modified = True when that happens.",0.06493506493506494,0.17647058823529413,0.10344827586206896,0.13043478260869565,0.0,0.0,0.0,0.17647058823529413,0.10344827586206896,0.13043478260869565,0.8767842054367065,0.8576534986495972,0.8671133518218994,0.3366014063358307
"If the session cannot be loaded, the request context will use a null session as a fallback.",Sessions are stored in a signed cookie that normally disappears when the browser closes. Setting permanent to True keeps it alive for as long as PERMANENT_SESSION_LIFETIME says.,0.08896797153024912,0.29411764705882354,0.1724137931034483,0.2173913043478261,0.0,0.0,0.0,0.17647058823529413,0.10344827586206896,0.13043478260869565,0.8683969974517822,0.8169949054718018,0.8419120907783508,0.4140773415565491
"If the session cannot be loaded, the request context will use a null session as a fallback.","Trailing slashes matter for routing. A route defined with a trailing slash will redirect a request without one to the slash version, and a route without a trailing slash returns a 404 if someone requests it with one.",0.11568123393316194,0.35294117647058826,0.15789473684210525,0.21818181818181817,0.0,0.0,0.0,0.17647058823529413,0.07894736842105263,0.10909090909090909,0.8743873834609985,0.8448735475540161,0.8593771457672119,0.2524140179157257
"If the session cannot be loaded, the request context will use a null session as a fallback.","If a route has a default value and also accepts POST, the version with the default should only handle GET, since a redirect can't carry form data along with it.",0.12269938650306748,0.29411764705882354,0.16129032258064516,0.20833333333333331,0.0,0.0,0.0,0.23529411764705882,0.12903225806451613,0.16666666666666666,0.872839093208313,0.8494988679885864,0.8610108494758606,0.3624389171600342
"If the session cannot be loaded, the request context will use a null session as a fallback.","Routes default to handling GET, along with HEAD. OPTIONS gets added automatically unless provide_automatic_options is turned off.",0.05000000000000001,0.0,0.0,0.0,0.0,0.0,0.0,0.0,0.0,0.0,0.849053680896759,0.839759111404419,0.844380795955658,0.3114575147628784
"If the session cannot be loaded, the request context will use a null session as a fallback.","A view's endpoint name comes from its function name unless you set one explicitly, and it automatically gets prefixed with the blueprint's name if it's registered through one.",0.0946372239747634,0.17647058823529413,0.0967741935483871,0.125,0.0,0.0,0.0,0.058823529411764705,0.03225806451612903,0.041666666666666664,0.8661942481994629,0.8379535675048828,0.8518399000167847,0.11248370260000229
"If the session cannot be loaded, the request context will use a null session as a fallback.","If a view function has a required_methods attribute, Flask will always include those methods on the route, even if you explicitly set different ones in the route() call.",0.1419558359621451,0.35294117647058826,0.20689655172413793,0.2608695652173913,0.0,0.0,0.0,0.17647058823529413,0.10344827586206896,0.13043478260869565,0.8758974671363831,0.8551282286643982,0.8653882741928101,0.21258823573589325
"The response method requires either positional or keyword arguments, but not both.","request, session, g, and current_app are all proxies tied to a context. They only work while the right app or request context is active.",0.07272727272727274,0.16666666666666666,0.08,0.10810810810810811,0.0,0.0,0.0,0.16666666666666666,0.08,0.10810810810810811,0.8635687828063965,0.8489660024642944,0.8562051057815552,0.18887801468372345
"The response method requires either positional or keyword arguments, but not both.","Flask's session object doesn't notice when you mutate something in place, like appending to a list. You need to manually set session.modified = True when that happens.",0.033112582781456956,0.0,0.0,0.0,0.0,0.0,0.0,0.0,0.0,0.0,0.8573397397994995,0.8438641428947449,0.8505485653877258,0.054320987313985825
"The response method requires either positional or keyword arguments, but not both.",Sessions are stored in a signed cookie that normally disappears when the browser closes. Setting permanent to True keeps it alive for as long as PERMANENT_SESSION_LIFETIME says.,0.03636363636363637,0.08333333333333333,0.034482758620689655,0.04878048780487805,0.0,0.0,0.0,0.08333333333333333,0.034482758620689655,0.04878048780487805,0.8471370935440063,0.8047918081283569,0.8254217505455017,-0.06283809244632721
"The response method requires either positional or keyword arguments, but not both.","Trailing slashes matter for routing. A route defined with a trailing slash will redirect a request without one to the slash version, and a route without a trailing slash returns a 404 if someone requests it with one.",0.0391644908616188,0.08333333333333333,0.02631578947368421,0.04,0.0,0.0,0.0,0.08333333333333333,0.02631578947368421,0.04,0.8540174961090088,0.8301187753677368,0.8418985605239868,0.181998610496521
"The response method requires either positional or keyword arguments, but not both.","If a route has a default value and also accepts POST, the version with the default should only handle GET, since a redirect can't carry form data along with it.",0.046875,0.08333333333333333,0.03225806451612903,0.046511627906976744,0.0,0.0,0.0,0.08333333333333333,0.03225806451612903,0.046511627906976744,0.8582308292388916,0.8402211666107178,0.8491305112838745,0.25059038400650024
"The response method requires either positional or keyword arguments, but not both.","Routes default to handling GET, along with HEAD. OPTIONS gets added automatically unless provide_automatic_options is turned off.",0.05154639175257732,0.0,0.0,0.0,0.0,0.0,0.0,0.0,0.0,0.0,0.856213390827179,0.8398022651672363,0.8479284644126892,0.2533898949623108
"The response method requires either positional or keyword arguments, but not both.","A view's endpoint name comes from its function name unless you set one explicitly, and it automatically gets prefixed with the blueprint's name if it's registered through one.",0.048231511254019296,0.08333333333333333,0.03225806451612903,0.046511627906976744,0.0,0.0,0.0,0.08333333333333333,0.03225806451612903,0.046511627906976744,0.8615862131118774,0.8267878890037537,0.8438284993171692,0.19415155053138733
"The response method requires either positional or keyword arguments, but not both.","If a view function has a required_methods attribute, Flask will always include those methods on the route, even if you explicitly set different ones in the route() call.",0.06430868167202572,0.25,0.10344827586206896,0.14634146341463414,0.0,0.0,0.0,0.08333333333333333,0.034482758620689655,0.04878048780487805,0.8641557097434998,0.8505361080169678,0.8572918176651001,0.23857425153255463
"If no arguments are provided to the response method, None is serialized.","request, session, g, and current_app are all proxies tied to a context. They only work while the right app or request context is active.",0.10909090909090909,0.3333333333333333,0.16,0.21621621621621623,0.0,0.0,0.0,0.3333333333333333,0.16,0.21621621621621623,0.8576027154922485,0.8448992371559143,0.8512035012245178,0.18089091777801514
"If no arguments are provided to the response method, None is serialized.","Flask's session object doesn't notice when you mutate something in place, like appending to a list. You need to manually set session.modified = True when that happens.",0.049668874172185434,0.08333333333333333,0.034482758620689655,0.04878048780487805,0.0,0.0,0.0,0.08333333333333333,0.034482758620689655,0.04878048780487805,0.8570960760116577,0.8463042974472046,0.8516659736633301,0.09743212163448334
"If no arguments are provided to the response method, None is serialized.",Sessions are stored in a signed cookie that normally disappears when the browser closes. Setting permanent to True keeps it alive for as long as PERMANENT_SESSION_LIFETIME says.,0.07272727272727274,0.25,0.10344827586206896,0.14634146341463414,0.0,0.0,0.0,0.16666666666666666,0.06896551724137931,0.0975609756097561,0.8512190580368042,0.8092724084854126,0.8297159075737,0.008850103244185448
"If no arguments are provided to the response method, None is serialized.","Trailing slashes matter for routing. A route defined with a trailing slash will redirect a request without one to the slash version, and a route without a trailing slash returns a 404 if someone requests it with one.",0.09712793733681462,0.25,0.07894736842105263,0.11999999999999998,0.09090909090909091,0.02702702702702703,0.04166666666666667,0.16666666666666666,0.05263157894736842,0.08,0.8576810359954834,0.8337863087654114,0.8455649018287659,0.18029461801052094
"If no arguments are provided to the response method, None is serialized.","If a route has a default value and also accepts POST, the version with the default should only handle GET, since a redirect can't carry form data along with it.",0.0625,0.16666666666666666,0.06451612903225806,0.09302325581395349,0.0,0.0,0.0,0.16666666666666666,0.06451612903225806,0.09302325581395349,0.8612824082374573,0.837395191192627,0.8491708636283875,0.2520204186439514
"If no arguments are provided to the response method, None is serialized.","Routes default to handling GET, along with HEAD. OPTIONS gets added automatically unless provide_automatic_options is turned off.",0.10309278350515463,0.25,0.15789473684210525,0.1935483870967742,0.0,0.0,0.0,0.16666666666666666,0.10526315789473684,0.12903225806451615,0.8543950319290161,0.8379287719726562,0.8460817933082581,0.21426060795783997
"If no arguments are provided to the response method, None is serialized.","A view's endpoint name comes from its function name unless you set one explicitly, and it automatically gets prefixed with the blueprint's name if it's registered through one.",0.06430868167202572,0.16666666666666666,0.06451612903225806,0.09302325581395349,0.0,0.0,0.0,0.08333333333333333,0.03225806451612903,0.046511627906976744,0.8611092567443848,0.8297522068023682,0.8451399207115173,0.09919866919517517
"If no arguments are provided to the response method, None is serialized.","If a view function has a required_methods attribute, Flask will always include those methods on the route, even if you explicitly set different ones in the route() call.",0.08038585209003216,0.25,0.10344827586206896,0.14634146341463414,0.0,0.0,0.0,0.16666666666666666,0.06896551724137931,0.0975609756097561,0.8722007274627686,0.8584392070770264,0.8652652502059937,0.18517771363258362
The dumps method uses a default function to serialize objects that are not natively serializable by json.dumps.,"request, session, g, and current_app are all proxies tied to a context. They only work while the right app or request context is active.",0.10752688172043011,0.2222222222222222,0.16,0.18604651162790697,0.0,0.0,0.0,0.05555555555555555,0.04,0.046511627906976744,0.8603500723838806,0.8429184556007385,0.8515450358390808,0.07601233571767807
The dumps method uses a default function to serialize objects that are not natively serializable by json.dumps.,"Flask's session object doesn't notice when you mutate something in place, like appending to a list. You need to manually set session.modified = True when that happens.",0.08169934640522876,0.2222222222222222,0.13793103448275862,0.1702127659574468,0.0,0.0,0.0,0.16666666666666666,0.10344827586206896,0.1276595744680851,0.86966872215271,0.8558832406997681,0.8627209067344666,0.10772684961557388
The dumps method uses a default function to serialize objects that are not natively serializable by json.dumps.,Sessions are stored in a signed cookie that normally disappears when the browser closes. Setting permanent to True keeps it alive for as long as PERMANENT_SESSION_LIFETIME says.,0.10752688172043011,0.2777777777777778,0.1724137931034483,0.21276595744680854,0.0,0.0,0.0,0.1111111111111111,0.06896551724137931,0.0851063829787234,0.8518009185791016,0.8140785694122314,0.832512617111206,0.012488184496760368
The dumps method uses a default function to serialize objects that are not natively serializable by json.dumps.,"Trailing slashes matter for routing. A route defined with a trailing slash will redirect a request without one to the slash version, and a route without a trailing slash returns a 404 if someone requests it with one.",0.0516795865633075,0.16666666666666666,0.07894736842105263,0.10714285714285714,0.0,0.0,0.0,0.1111111111111111,0.05263157894736842,0.07142857142857142,0.8466125726699829,0.8308454155921936,0.8386548757553101,0.05198683962225914
The dumps method uses a default function to serialize objects that are not natively serializable by json.dumps.,"If a route has a default value and also accepts POST, the version with the default should only handle GET, since a redirect can't carry form data along with it.",0.0617283950617284,0.16666666666666666,0.0967741935483871,0.12244897959183673,0.058823529411764705,0.03333333333333333,0.0425531914893617,0.1111111111111111,0.06451612903225806,0.08163265306122448,0.8601539134979248,0.8480925559997559,0.8540806174278259,0.10506311058998108
The dumps method uses a default function to serialize objects that are not natively serializable by json.dumps.,"Routes default to handling GET, along with HEAD. OPTIONS gets added automatically unless provide_automatic_options is turned off.",0.07575757575757576,0.1111111111111111,0.10526315789473684,0.10810810810810811,0.0,0.0,0.0,0.1111111111111111,0.10526315789473684,0.10810810810810811,0.8528643846511841,0.8464228510856628,0.8496314287185669,0.14815139770507812
The dumps method uses a default function to serialize objects that are not natively serializable by json.dumps.,"A view's endpoint name comes from its function name unless you set one explicitly, and it automatically gets prefixed with the blueprint's name if it's registered through one.",0.0634920634920635,0.16666666666666666,0.0967741935483871,0.12244897959183673,0.0,0.0,0.0,0.1111111111111111,0.06451612903225806,0.08163265306122448,0.8586809039115906,0.8362307548522949,0.8473070859909058,0.08669519424438477
The dumps method uses a default function to serialize objects that are not natively serializable by json.dumps.,"If a view function has a required_methods attribute, Flask will always include those methods on the route, even if you explicitly set different ones in the route() call.",0.07936507936507937,0.2222222222222222,0.13793103448275862,0.1702127659574468,0.0,0.0,0.0,0.1111111111111111,0.06896551724137931,0.0851063829787234,0.8654659986495972,0.854977011680603,0.8601894974708557,0.060562584549188614
The ensure_ascii attribute determines whether non-ASCII characters are replaced with escape sequences during serialization.,"request, session, g, and current_app are all proxies tied to a context. They only work while the right app or request context is active.",0.05434782608695652,0.125,0.08,0.09756097560975609,0.0,0.0,0.0,0.0625,0.04,0.048780487804878044,0.8475562334060669,0.8454290628433228,0.8464913368225098,0.08535677194595337
The ensure_ascii attribute determines whether non-ASCII characters are replaced with escape sequences during serialization.,"Flask's session object doesn't notice when you mutate something in place, like appending to a list. You need to manually set session.modified = True when that happens.",0.0165016501650165,0.0,0.0,0.0,0.0,0.0,0.0,0.0,0.0,0.0,0.8425948023796082,0.8444473147392273,0.8435200452804565,0.1164170354604721
The ensure_ascii attribute determines whether non-ASCII characters are replaced with escape sequences during serialization.,Sessions are stored in a signed cookie that normally disappears when the browser closes. Setting permanent to True keeps it alive for as long as PERMANENT_SESSION_LIFETIME says.,0.05434782608695652,0.125,0.06896551724137931,0.08888888888888889,0.0,0.0,0.0,0.0625,0.034482758620689655,0.044444444444444446,0.8422551155090332,0.8206483125686646,0.8313113451004028,0.057990968227386475
The ensure_ascii attribute determines whether non-ASCII characters are replaced with escape sequences during serialization.,"Trailing slashes matter for routing. A route defined with a trailing slash will redirect a request without one to the slash version, and a route without a trailing slash returns a 404 if someone requests it with one.",0.03906249999999999,0.125,0.05263157894736842,0.07407407407407407,0.0,0.0,0.0,0.125,0.05263157894736842,0.07407407407407407,0.8315790891647339,0.8326891660690308,0.8321337699890137,0.10349664837121964
The ensure_ascii attribute determines whether non-ASCII characters are replaced with escape sequences during serialization.,"If a route has a default value and also accepts POST, the version with the default should only handle GET, since a redirect can't carry form data along with it.",0.04672897196261683,0.125,0.06451612903225806,0.0851063829787234,0.0,0.0,0.0,0.125,0.06451612903225806,0.0851063829787234,0.828396201133728,0.8305060267448425,0.8294498324394226,0.10265559703111649
The ensure_ascii attribute determines whether non-ASCII characters are replaced with escape sequences during serialization.,"Routes default to handling GET, along with HEAD. OPTIONS gets added automatically unless provide_automatic_options is turned off.",0.05128205128205128,0.0625,0.05263157894736842,0.05714285714285714,0.0,0.0,0.0,0.0625,0.05263157894736842,0.05714285714285714,0.8466379046440125,0.8550920486450195,0.8508439660072327,0.1708012819290161
The ensure_ascii attribute determines whether non-ASCII characters are replaced with escape sequences during serialization.,"A view's endpoint name comes from its function name unless you set one explicitly, and it automatically gets prefixed with the blueprint's name if it's registered through one.",0.04807692307692308,0.125,0.06451612903225806,0.0851063829787234,0.0,0.0,0.0,0.0625,0.03225806451612903,0.0425531914893617,0.832392156124115,0.8277410864830017,0.8300601243972778,0.11325529217720032
The ensure_ascii attribute determines whether non-ASCII characters are replaced with escape sequences during serialization.,"If a view function has a required_methods attribute, Flask will always include those methods on the route, even if you explicitly set different ones in the route() call.",0.04807692307692308,0.125,0.06896551724137931,0.08888888888888889,0.0,0.0,0.0,0.0625,0.034482758620689655,0.044444444444444446,0.860047459602356,0.8489985466003418,0.8544872999191284,0.09767898917198181
The sort_keys attribute determines whether the keys in serialized dictionaries are sorted.,"request, session, g, and current_app are all proxies tied to a context. They only work while the right app or request context is active.",0.05474452554744526,0.15384615384615385,0.08,0.10526315789473685,0.0,0.0,0.0,0.07692307692307693,0.04,0.052631578947368425,0.8621436953544617,0.8500978946685791,0.8560783863067627,0.07660388946533203
The sort_keys attribute determines whether the keys in serialized dictionaries are sorted.,"Flask's session object doesn't notice when you mutate something in place, like appending to a list. You need to manually set session.modified = True when that happens.",0.03322259136212624,0.07692307692307693,0.034482758620689655,0.04761904761904762,0.0,0.0,0.0,0.07692307692307693,0.034482758620689655,0.04761904761904762,0.8601271510124207,0.8511219620704651,0.855600893497467,0.11174053698778152
The sort_keys attribute determines whether the keys in serialized dictionaries are sorted.,Sessions are stored in a signed cookie that normally disappears when the browser closes. Setting permanent to True keeps it alive for as long as PERMANENT_SESSION_LIFETIME says.,0.07299270072992702,0.23076923076923078,0.10344827586206896,0.14285714285714288,0.0,0.0,0.0,0.07692307692307693,0.034482758620689655,0.04761904761904762,0.8541185259819031,0.8205410242080688,0.8369931578636169,0.030584288761019707
The sort_keys attribute determines whether the keys in serialized dictionaries are sorted.,"Trailing slashes matter for routing. A route defined with a trailing slash will redirect a request without one to the slash version, and a route without a trailing slash returns a 404 if someone requests it with one.",0.02617801047120419,0.07692307692307693,0.02631578947368421,0.0392156862745098,0.0,0.0,0.0,0.07692307692307693,0.02631578947368421,0.0392156862745098,0.8478406667709351,0.832236111164093,0.8399658799171448,0.05569304898381233
The sort_keys attribute determines whether the keys in serialized dictionaries are sorted.,"If a route has a default value and also accepts POST, the version with the default should only handle GET, since a redirect can't carry form data along with it.",0.06269592476489028,0.15384615384615385,0.06451612903225806,0.09090909090909091,0.0,0.0,0.0,0.15384615384615385,0.06451612903225806,0.09090909090909091,0.8439062237739563,0.8336037397384644,0.838723361492157,0.04302052780985832
The sort_keys attribute determines whether the keys in serialized dictionaries are sorted.,"Routes default to handling GET, along with HEAD. OPTIONS gets added automatically unless provide_automatic_options is turned off.",0.025906735751295335,0.0,0.0,0.0,0.0,0.0,0.0,0.0,0.0,0.0,0.8479413986206055,0.8506416082382202,0.8492893576622009,0.17299742996692657
The sort_keys attribute determines whether the keys in serialized dictionaries are sorted.,"A view's endpoint name comes from its function name unless you set one explicitly, and it automatically gets prefixed with the blueprint's name if it's registered through one.",0.04838709677419355,0.07692307692307693,0.03225806451612903,0.045454545454545456,0.0,0.0,0.0,0.07692307692307693,0.03225806451612903,0.045454545454545456,0.8508135080337524,0.8269486427307129,0.8387113213539124,0.08810728043317795
The sort_keys attribute determines whether the keys in serialized dictionaries are sorted.,"If a view function has a required_methods attribute, Flask will always include those methods on the route, even if you explicitly set different ones in the route() call.",0.08064516129032258,0.3076923076923077,0.13793103448275862,0.1904761904761905,0.0,0.0,0.0,0.23076923076923078,0.10344827586206896,0.14285714285714288,0.8769589066505432,0.8576729893684387,0.8672087788581848,0.10368162393569946
The compact attribute controls the formatting of the response output based on its value and the application's debug mode.,"request, session, g, and current_app are all proxies tied to a context. They only work while the right app or request context is active.",0.053191489361702135,0.1,0.08,0.08888888888888889,0.0,0.0,0.0,0.1,0.08,0.08888888888888889,0.8671774864196777,0.8512842655181885,0.859157383441925,0.038688190281391144
The compact attribute controls the formatting of the response output based on its value and the application's debug mode.,"Flask's session object doesn't notice when you mutate something in place, like appending to a list. You need to manually set session.modified = True when that happens.",0.032362459546925564,0.05,0.034482758620689655,0.04081632653061224,0.0,0.0,0.0,0.05,0.034482758620689655,0.04081632653061224,0.8621363043785095,0.849336564540863,0.8556885719299316,-0.04428837075829506
The compact attribute controls the formatting of the response output based on its value and the application's debug mode.,Sessions are stored in a signed cookie that normally disappears when the browser closes. Setting permanent to True keeps it alive for as long as PERMANENT_SESSION_LIFETIME says.,0.053191489361702135,0.05,0.034482758620689655,0.04081632653061224,0.0,0.0,0.0,0.05,0.034482758620689655,0.04081632653061224,0.861135721206665,0.815223217010498,0.8375507593154907,0.05603910982608795
The compact attribute controls the formatting of the response output based on its value and the application's debug mode.,"Trailing slashes matter for routing. A route defined with a trailing slash will redirect a request without one to the slash version, and a route without a trailing slash returns a 404 if someone requests it with one.",0.05128205128205128,0.1,0.05263157894736842,0.06896551724137931,0.0,0.0,0.0,0.1,0.05263157894736842,0.06896551724137931,0.8595045804977417,0.8369786739349365,0.8480920791625977,0.012880796566605568
The compact attribute controls the formatting of the response output based on its value and the application's debug mode.,"If a route has a default value and also accepts POST, the version with the default should only handle GET, since a redirect can't carry form data along with it.",0.14666417025525808,0.2,0.12903225806451613,0.1568627450980392,0.05263157894736842,0.03333333333333333,0.04081632653061225,0.15,0.0967741935483871,0.11764705882352941,0.8640874624252319,0.839927077293396,0.8518360257148743,0.06252260506153107
The compact attribute controls the formatting of the response output based on its value and the application's debug mode.,"Routes default to handling GET, along with HEAD. OPTIONS gets added automatically unless provide_automatic_options is turned off.",0.04975124378109454,0.0,0.0,0.0,0.0,0.0,0.0,0.0,0.0,0.0,0.8530439138412476,0.8389406204223633,0.8459334969520569,0.09496225416660309
The compact attribute controls the formatting of the response output based on its value and the application's debug mode.,"A view's endpoint name comes from its function name unless you set one explicitly, and it automatically gets prefixed with the blueprint's name if it's registered through one.",0.07861635220125786,0.2,0.12903225806451613,0.1568627450980392,0.0,0.0,0.0,0.2,0.12903225806451613,0.1568627450980392,0.8701232671737671,0.8363131284713745,0.8528832793235779,0.20660404860973358
The compact attribute controls the formatting of the response output based on its value and the application's debug mode.,"If a view function has a required_methods attribute, Flask will always include those methods on the route, even if you explicitly set different ones in the route() call.",0.07861635220125786,0.2,0.13793103448275862,0.16326530612244897,0.0,0.0,0.0,0.15,0.10344827586206896,0.12244897959183673,0.8669216632843018,0.8447567224502563,0.8556956648826599,-0.008905759081244469
The mimetype for the response is set to application/json.,"request, session, g, and current_app are all proxies tied to a context. They only work while the right app or request context is active.",0.07380073800738007,0.3,0.12,0.17142857142857143,0.0,0.0,0.0,0.2,0.08,0.11428571428571428,0.841153621673584,0.845094621181488,0.8431195020675659,0.27399876713752747
The mimetype for the response is set to application/json.,"Flask's session object doesn't notice when you mutate something in place, like appending to a list. You need to manually set session.modified = True when that happens.",0.05033557046979865,0.2,0.06896551724137931,0.10256410256410257,0.0,0.0,0.0,0.1,0.034482758620689655,0.05128205128205129,0.8404548168182373,0.8457956910133362,0.843116819858551,0.11764141172170639
The mimetype for the response is set to application/json.,Sessions are stored in a signed cookie that normally disappears when the browser closes. Setting permanent to True keeps it alive for as long as PERMANENT_SESSION_LIFETIME says.,0.0922509225092251,0.4,0.13793103448275862,0.20512820512820515,0.0,0.0,0.0,0.3,0.10344827586206896,0.15384615384615385,0.8331281542778015,0.8109155893325806,0.821871817111969,0.008647216483950615
The mimetype for the response is set to application/json.,"Trailing slashes matter for routing. A route defined with a trailing slash will redirect a request without one to the slash version, and a route without a trailing slash returns a 404 if someone requests it with one.",0.052770448548812667,0.3,0.07894736842105263,0.125,0.0,0.0,0.0,0.2,0.05263157894736842,0.08333333333333333,0.8293644189834595,0.8254231810569763,0.8273891806602478,0.12626662850379944
The mimetype for the response is set to application/json.,"If a route has a default value and also accepts POST, the version with the default should only handle GET, since a redirect can't carry form data along with it.",0.047468354430379736,0.2,0.06451612903225806,0.0975609756097561,0.0,0.0,0.0,0.2,0.06451612903225806,0.0975609756097561,0.8286935091018677,0.8335930109024048,0.8311359882354736,0.18502289056777954
The mimetype for the response is set to application/json.,"Routes default to handling GET, along with HEAD. OPTIONS gets added automatically unless provide_automatic_options is turned off.",0.07894736842105261,0.2,0.10526315789473684,0.13793103448275862,0.0,0.0,0.0,0.1,0.05263157894736842,0.06896551724137931,0.8395540714263916,0.8448193669319153,0.8421785235404968,0.23732396960258484
The mimetype for the response is set to application/json.,"A view's endpoint name comes from its function name unless you set one explicitly, and it automatically gets prefixed with the blueprint's name if it's registered through one.",0.04885993485342019,0.2,0.06451612903225806,0.0975609756097561,0.0,0.0,0.0,0.1,0.03225806451612903,0.04878048780487805,0.8379733562469482,0.8253697156906128,0.8316237926483154,0.15930227935314178
The mimetype for the response is set to application/json.,"If a view function has a required_methods attribute, Flask will always include those methods on the route, even if you explicitly set different ones in the route() call.",0.06514657980456026,0.3,0.10344827586206896,0.15384615384615385,0.0,0.0,0.0,0.2,0.06896551724137931,0.10256410256410257,0.8375938534736633,0.8399384617805481,0.838764488697052,0.1307380050420761
The load method reads from a file and deserializes the content as JSON.,"request, session, g, and current_app are all proxies tied to a context. They only work while the right app or request context is active.",0.07272727272727274,0.23076923076923078,0.12,0.15789473684210525,0.0,0.0,0.0,0.15384615384615385,0.08,0.10526315789473685,0.85942143201828,0.8450744152069092,0.8521875143051147,0.1966685652732849
The load method reads from a file and deserializes the content as JSON.,"Flask's session object doesn't notice when you mutate something in place, like appending to a list. You need to manually set session.modified = True when that happens.",0.033112582781456956,0.07692307692307693,0.034482758620689655,0.04761904761904762,0.0,0.0,0.0,0.07692307692307693,0.034482758620689655,0.04761904761904762,0.8591201305389404,0.8453636169433594,0.8521863222122192,0.009401485323905945
The load method reads from a file and deserializes the content as JSON.,Sessions are stored in a signed cookie that normally disappears when the browser closes. Setting permanent to True keeps it alive for as long as PERMANENT_SESSION_LIFETIME says.,0.09090909090909093,0.23076923076923078,0.10344827586206896,0.14285714285714288,0.0,0.0,0.0,0.23076923076923078,0.10344827586206896,0.14285714285714288,0.8472931385040283,0.8050298690795898,0.8256210088729858,0.06022811681032181
The load method reads from a file and deserializes the content as JSON.,"Trailing slashes matter for routing. A route defined with a trailing slash will redirect a request without one to the slash version, and a route without a trailing slash returns a 404 if someone requests it with one.",0.06527415143603132,0.23076923076923078,0.07894736842105263,0.11764705882352941,0.0,0.0,0.0,0.15384615384615385,0.05263157894736842,0.0784313725490196,0.8489366769790649,0.8290014266967773,0.8388506770133972,-0.02715163119137287
The load method reads from a file and deserializes the content as JSON.,"If a route has a default value and also accepts POST, the version with the default should only handle GET, since a redirect can't carry form data along with it.",0.09375,0.3076923076923077,0.12903225806451613,0.18181818181818182,0.0,0.0,0.0,0.23076923076923078,0.0967741935483871,0.13636363636363635,0.8602563142776489,0.8391767740249634,0.8495858311653137,0.053206801414489746
The load method reads from a file and deserializes the content as JSON.,"Routes default to handling GET, along with HEAD. OPTIONS gets added automatically unless provide_automatic_options is turned off.",0.02577319587628866,0.0,0.0,0.0,0.0,0.0,0.0,0.0,0.0,0.0,0.8479925394058228,0.8342766761779785,0.8410786986351013,0.057003606110811234
The load method reads from a file and deserializes the content as JSON.,"A view's endpoint name comes from its function name unless you set one explicitly, and it automatically gets prefixed with the blueprint's name if it's registered through one.",0.08038585209003216,0.3076923076923077,0.12903225806451613,0.18181818181818182,0.0,0.0,0.0,0.23076923076923078,0.0967741935483871,0.13636363636363635,0.8605271577835083,0.8257713913917542,0.8427910804748535,0.08995489776134491
The load method reads from a file and deserializes the content as JSON.,"If a view function has a required_methods attribute, Flask will always include those methods on the route, even if you explicitly set different ones in the route() call.",0.09646302250803859,0.3076923076923077,0.13793103448275862,0.1904761904761905,0.0,0.0,0.0,0.15384615384615385,0.06896551724137931,0.09523809523809525,0.8638080358505249,0.8504350185394287,0.8570693135261536,0.03592414781451225
The dump method serializes data as JSON and writes it to a file that must be opened for writing text with UTF-8 encoding.,"request, session, g, and current_app are all proxies tied to a context. They only work while the right app or request context is active.",0.13052631578947368,0.16666666666666666,0.16,0.16326530612244897,0.043478260869565216,0.041666666666666664,0.0425531914893617,0.125,0.12,0.12244897959183673,0.8554159998893738,0.8435534238815308,0.8494433164596558,0.025250714272260666
The dump method serializes data as JSON and writes it to a file that must be opened for writing text with UTF-8 encoding.,"Flask's session object doesn't notice when you mutate something in place, like appending to a list. You need to manually set session.modified = True when that happens.",0.06410256410256411,0.125,0.10344827586206896,0.11320754716981132,0.043478260869565216,0.03571428571428571,0.0392156862745098,0.125,0.10344827586206896,0.11320754716981132,0.854286789894104,0.8497052192687988,0.8519898653030396,-0.008202783763408661
The dump method serializes data as JSON and writes it to a file that must be opened for writing text with UTF-8 encoding.,Sessions are stored in a signed cookie that normally disappears when the browser closes. Setting permanent to True keeps it alive for as long as PERMANENT_SESSION_LIFETIME says.,0.14035087719298245,0.2916666666666667,0.2413793103448276,0.26415094339622647,0.0,0.0,0.0,0.125,0.10344827586206896,0.11320754716981132,0.8555653095245361,0.8152920603752136,0.8349432349205017,-0.028914030641317368
The dump method serializes data as JSON and writes it to a file that must be opened for writing text with UTF-8 encoding.,"Trailing slashes matter for routing. A route defined with a trailing slash will redirect a request without one to the slash version, and a route without a trailing slash returns a 404 if someone requests it with one.",0.11450381679389313,0.2916666666666667,0.18421052631578946,0.22580645161290325,0.0,0.0,0.0,0.16666666666666666,0.10526315789473684,0.12903225806451615,0.85203617811203,0.8373808860778809,0.8446449041366577,0.00748969241976738
The dump method serializes data as JSON and writes it to a file that must be opened for writing text with UTF-8 encoding.,"If a route has a default value and also accepts POST, the version with the default should only handle GET, since a redirect can't carry form data along with it.",0.12121212121212123,0.25,0.1935483870967742,0.21818181818181817,0.0,0.0,0.0,0.125,0.0967741935483871,0.10909090909090909,0.8536909222602844,0.8493592143058777,0.8515195846557617,0.047747936099767685
The dump method serializes data as JSON and writes it to a file that must be opened for writing text with UTF-8 encoding.,"Routes default to handling GET, along with HEAD. OPTIONS gets added automatically unless provide_automatic_options is turned off.",0.07352941176470588,0.08333333333333333,0.10526315789473684,0.0930232558139535,0.0,0.0,0.0,0.08333333333333333,0.10526315789473684,0.0930232558139535,0.84444260597229,0.8361574411392212,0.8402796387672424,0.04253585636615753
The dump method serializes data as JSON and writes it to a file that must be opened for writing text with UTF-8 encoding.,"A view's endpoint name comes from its function name unless you set one explicitly, and it automatically gets prefixed with the blueprint's name if it's registered through one.",0.09345794392523364,0.20833333333333334,0.16129032258064516,0.1818181818181818,0.0,0.0,0.0,0.125,0.0967741935483871,0.10909090909090909,0.8532047271728516,0.8324232697486877,0.8426859378814697,0.029775433242321014
The dump method serializes data as JSON and writes it to a file that must be opened for writing text with UTF-8 encoding.,"If a view function has a required_methods attribute, Flask will always include those methods on the route, even if you explicitly set different ones in the route() call.",0.07788161993769471,0.125,0.10344827586206896,0.11320754716981132,0.0,0.0,0.0,0.041666666666666664,0.034482758620689655,0.03773584905660377,0.8516708612442017,0.8520699143409729,0.8518702983856201,-0.08961447328329086
"If the current application context is available, the dumps function uses the app's json.dumps method to serialize data.","request, session, g, and current_app are all proxies tied to a context. They only work while the right app or request context is active.",0.18866356382978722,0.3,0.24,0.2666666666666666,0.05263157894736842,0.041666666666666664,0.04651162790697675,0.2,0.16,0.17777777777777778,0.8788579702377319,0.8664580583572388,0.8726139664649963,0.24567696452140808
"If the current application context is available, the dumps function uses the app's json.dumps method to serialize data.","Flask's session object doesn't notice when you mutate something in place, like appending to a list. You need to manually set session.modified = True when that happens.",0.06472491909385113,0.1,0.06896551724137931,0.08163265306122448,0.0,0.0,0.0,0.1,0.06896551724137931,0.08163265306122448,0.8715925216674805,0.856900691986084,0.8641842007637024,0.05866339057683945
"If the current application context is available, the dumps function uses the app's json.dumps method to serialize data.",Sessions are stored in a signed cookie that normally disappears when the browser closes. Setting permanent to True keeps it alive for as long as PERMANENT_SESSION_LIFETIME says.,0.053191489361702135,0.1,0.06896551724137931,0.08163265306122448,0.0,0.0,0.0,0.1,0.06896551724137931,0.08163265306122448,0.85975182056427,0.8183313012123108,0.8385303616523743,0.059645023196935654
"If the current application context is available, the dumps function uses the app's json.dumps method to serialize data.","Trailing slashes matter for routing. A route defined with a trailing slash will redirect a request without one to the slash version, and a route without a trailing slash returns a 404 if someone requests it with one.",0.06410256410256411,0.15,0.07894736842105263,0.10344827586206896,0.0,0.0,0.0,0.05,0.02631578947368421,0.034482758620689655,0.8566752672195435,0.833633542060852,0.8449973464012146,0.0055162180215120316
"If the current application context is available, the dumps function uses the app's json.dumps method to serialize data.","If a route has a default value and also accepts POST, the version with the default should only handle GET, since a redirect can't carry form data along with it.",0.09174311926605506,0.2,0.12903225806451613,0.1568627450980392,0.0,0.0,0.0,0.2,0.12903225806451613,0.1568627450980392,0.8677862286567688,0.8499500155448914,0.8587755560874939,0.06080874428153038
"If the current application context is available, the dumps function uses the app's json.dumps method to serialize data.","Routes default to handling GET, along with HEAD. OPTIONS gets added automatically unless provide_automatic_options is turned off.",0.09950248756218907,0.1,0.10526315789473684,0.10256410256410256,0.0,0.0,0.0,0.05,0.05263157894736842,0.05128205128205128,0.8553447723388672,0.8415369987487793,0.8483847379684448,0.11114954203367233
"If the current application context is available, the dumps function uses the app's json.dumps method to serialize data.","A view's endpoint name comes from its function name unless you set one explicitly, and it automatically gets prefixed with the blueprint's name if it's registered through one.",0.09433962264150944,0.2,0.12903225806451613,0.1568627450980392,0.0,0.0,0.0,0.15,0.0967741935483871,0.11764705882352941,0.8708291053771973,0.8428730964660645,0.8566230535507202,0.1660035103559494
"If the current application context is available, the dumps function uses the app's json.dumps method to serialize data.","If a view function has a required_methods attribute, Flask will always include those methods on the route, even if you explicitly set different ones in the route() call.",0.11006289308176101,0.25,0.1724137931034483,0.20408163265306123,0.0,0.0,0.0,0.15,0.10344827586206896,0.12244897959183673,0.8817473649978638,0.8635171055793762,0.8725369572639465,0.014413908123970032
"If the current application context is not available, the dumps function uses the default parameter for serialization.","request, session, g, and current_app are all proxies tied to a context. They only work while the right app or request context is active.",0.15228174603174602,0.23529411764705882,0.16,0.19047619047619052,0.0625,0.041666666666666664,0.05,0.17647058823529413,0.12,0.14285714285714282,0.8769967555999756,0.8640084862709045,0.8704541921615601,0.23012937605381012
"If the current application context is not available, the dumps function uses the default parameter for serialization.","Flask's session object doesn't notice when you mutate something in place, like appending to a list. You need to manually set session.modified = True when that happens.",0.03257328990228013,0.0,0.0,0.0,0.0,0.0,0.0,0.0,0.0,0.0,0.8688192367553711,0.8540933728218079,0.861393392086029,0.04058802127838135
"If the current application context is not available, the dumps function uses the default parameter for serialization.",Sessions are stored in a signed cookie that normally disappears when the browser closes. Setting permanent to True keeps it alive for as long as PERMANENT_SESSION_LIFETIME says.,0.05357142857142857,0.11764705882352941,0.06896551724137931,0.08695652173913043,0.0,0.0,0.0,0.11764705882352941,0.06896551724137931,0.08695652173913043,0.8589619398117065,0.8141385316848755,0.8359497785568237,0.06335118412971497
"If the current application context is not available, the dumps function uses the default parameter for serialization.","Trailing slashes matter for routing. A route defined with a trailing slash will redirect a request without one to the slash version, and a route without a trailing slash returns a 404 if someone requests it with one.",0.06443298969072166,0.17647058823529413,0.07894736842105263,0.10909090909090909,0.0,0.0,0.0,0.058823529411764705,0.02631578947368421,0.03636363636363636,0.8610566854476929,0.8360512852668762,0.8483697175979614,0.025555670261383057
"If the current application context is not available, the dumps function uses the default parameter for serialization.","If a route has a default value and also accepts POST, the version with the default should only handle GET, since a redirect can't carry form data along with it.",0.1311965811965812,0.23529411764705882,0.12903225806451613,0.16666666666666666,0.0625,0.03333333333333333,0.04347826086956522,0.23529411764705882,0.12903225806451613,0.16666666666666666,0.8752610683441162,0.8515735268592834,0.8632549047470093,0.1395541876554489
"If the current application context is not available, the dumps function uses the default parameter for serialization.","Routes default to handling GET, along with HEAD. OPTIONS gets added automatically unless provide_automatic_options is turned off.",0.10050251256281408,0.11764705882352941,0.10526315789473684,0.1111111111111111,0.0,0.0,0.0,0.058823529411764705,0.05263157894736842,0.05555555555555555,0.8600749969482422,0.8435502052307129,0.8517324328422546,0.18893963098526
"If the current application context is not available, the dumps function uses the default parameter for serialization.","A view's endpoint name comes from its function name unless you set one explicitly, and it automatically gets prefixed with the blueprint's name if it's registered through one.",0.07911392405063292,0.17647058823529413,0.0967741935483871,0.125,0.0,0.0,0.0,0.11764705882352941,0.06451612903225806,0.08333333333333333,0.8740150928497314,0.8434687852859497,0.8584702610969543,0.18121939897537231
"If the current application context is not available, the dumps function uses the default parameter for serialization.","If a view function has a required_methods attribute, Flask will always include those methods on the route, even if you explicitly set different ones in the route() call.",0.0949367088607595,0.23529411764705882,0.13793103448275862,0.17391304347826086,0.0,0.0,0.0,0.17647058823529413,0.10344827586206896,0.13043478260869565,0.88095623254776,0.8585577607154846,0.8696128129959106,0.025194942951202393
"If the current application context is available, the dump function uses the app's json.dump method to serialize data and write it to a file.","request, session, g, and current_app are all proxies tied to a context. They only work while the right app or request context is active.",0.25833333333333336,0.3076923076923077,0.32,0.3137254901960784,0.08,0.08333333333333333,0.08163265306122448,0.15384615384615385,0.16,0.1568627450980392,0.8735587000846863,0.8662514686584473,0.8698896765708923,0.22727535665035248
"If the current application context is available, the dump function uses the app's json.dump method to serialize data and write it to a file.","Flask's session object doesn't notice when you mutate something in place, like appending to a list. You need to manually set session.modified = True when that happens.",0.09523809523809525,0.15384615384615385,0.13793103448275862,0.14545454545454548,0.04,0.03571428571428571,0.03773584905660378,0.11538461538461539,0.10344827586206896,0.10909090909090909,0.8709574341773987,0.8555632829666138,0.8631917238235474,0.058559712022542953
"If the current application context is available, the dump function uses the app's json.dump method to serialize data and write it to a file.",Sessions are stored in a signed cookie that normally disappears when the browser closes. Setting permanent to True keeps it alive for as long as PERMANENT_SESSION_LIFETIME says.,0.08680555555555557,0.15384615384615385,0.13793103448275862,0.14545454545454548,0.0,0.0,0.0,0.11538461538461539,0.10344827586206896,0.10909090909090909,0.8588095903396606,0.8150500655174255,0.836357831954956,0.05590357631444931
"If the current application context is available, the dump function uses the app's json.dump method to serialize data and write it to a file.","Trailing slashes matter for routing. A route defined with a trailing slash will redirect a request without one to the slash version, and a route without a trailing slash returns a 404 if someone requests it with one.",0.101010101010101,0.23076923076923078,0.15789473684210525,0.18749999999999997,0.0,0.0,0.0,0.11538461538461539,0.07894736842105263,0.09374999999999999,0.858437180519104,0.8330490589141846,0.8455525636672974,0.005468573421239853
"If the current application context is available, the dump function uses the app's json.dump method to serialize data and write it to a file.","If a route has a default value and also accepts POST, the version with the default should only handle GET, since a redirect can't carry form data along with it.",0.13513513513513511,0.2692307692307692,0.22580645161290322,0.2456140350877193,0.0,0.0,0.0,0.19230769230769232,0.16129032258064516,0.17543859649122806,0.8685420751571655,0.848236083984375,0.8582689762115479,0.05699806287884712
"If the current application context is available, the dump function uses the app's json.dump method to serialize data and write it to a file.","Routes default to handling GET, along with HEAD. OPTIONS gets added automatically unless provide_automatic_options is turned off.",0.09661835748792272,0.07692307692307693,0.10526315789473684,0.08888888888888889,0.0,0.0,0.0,0.038461538461538464,0.05263157894736842,0.044444444444444446,0.8510282039642334,0.8389339447021484,0.844937801361084,0.06085357069969177
"If the current application context is available, the dump function uses the app's json.dump method to serialize data and write it to a file.","A view's endpoint name comes from its function name unless you set one explicitly, and it automatically gets prefixed with the blueprint's name if it's registered through one.",0.13888888888888887,0.2692307692307692,0.22580645161290322,0.2456140350877193,0.0,0.0,0.0,0.15384615384615385,0.12903225806451613,0.14035087719298245,0.8688803911209106,0.8402185440063477,0.8543091416358948,0.15155203640460968
"If the current application context is available, the dump function uses the app's json.dump method to serialize data and write it to a file.","If a view function has a required_methods attribute, Flask will always include those methods on the route, even if you explicitly set different ones in the route() call.",0.12345679012345678,0.23076923076923078,0.20689655172413793,0.21818181818181817,0.0,0.0,0.0,0.11538461538461539,0.10344827586206896,0.10909090909090909,0.8798147439956665,0.8633713722229004,0.8715154528617859,0.014772618189454079
"If the current application context is not available, the dump function uses the default parameter for serialization.","request, session, g, and current_app are all proxies tied to a context. They only work while the right app or request context is active.",0.15228174603174602,0.23529411764705882,0.16,0.19047619047619052,0.0625,0.041666666666666664,0.05,0.17647058823529413,0.12,0.14285714285714282,0.8798806667327881,0.8648439049720764,0.8722975254058838,0.2460424154996872
"If the current application context is not available, the dump function uses the default parameter for serialization.","Flask's session object doesn't notice when you mutate something in place, like appending to a list. You need to manually set session.modified = True when that happens.",0.03257328990228013,0.0,0.0,0.0,0.0,0.0,0.0,0.0,0.0,0.0,0.8704127073287964,0.854846715927124,0.8625594973564148,0.036545008420944214
"If the current application context is not available, the dump function uses the default parameter for serialization.",Sessions are stored in a signed cookie that normally disappears when the browser closes. Setting permanent to True keeps it alive for as long as PERMANENT_SESSION_LIFETIME says.,0.05357142857142857,0.11764705882352941,0.06896551724137931,0.08695652173913043,0.0,0.0,0.0,0.11764705882352941,0.06896551724137931,0.08695652173913043,0.8611284494400024,0.8152686357498169,0.8375713229179382,0.06679502874612808
"If the current application context is not available, the dump function uses the default parameter for serialization.","Trailing slashes matter for routing. A route defined with a trailing slash will redirect a request without one to the slash version, and a route without a trailing slash returns a 404 if someone requests it with one.",0.06443298969072166,0.17647058823529413,0.07894736842105263,0.10909090909090909,0.0,0.0,0.0,0.058823529411764705,0.02631578947368421,0.03636363636363636,0.8647756576538086,0.8377878665924072,0.8510679006576538,0.0281967893242836
"If the current application context is not available, the dump function uses the default parameter for serialization.","If a route has a default value and also accepts POST, the version with the default should only handle GET, since a redirect can't carry form data along with it.",0.1311965811965812,0.23529411764705882,0.12903225806451613,0.16666666666666666,0.0625,0.03333333333333333,0.04347826086956522,0.23529411764705882,0.12903225806451613,0.16666666666666666,0.8796651363372803,0.8533695936203003,0.866317868232727,0.16067276895046234
"If the current application context is not available, the dump function uses the default parameter for serialization.","Routes default to handling GET, along with HEAD. OPTIONS gets added automatically unless provide_automatic_options is turned off.",0.10050251256281408,0.11764705882352941,0.10526315789473684,0.1111111111111111,0.0,0.0,0.0,0.058823529411764705,0.05263157894736842,0.05555555555555555,0.8633133172988892,0.8459529280662537,0.854544997215271,0.18148383498191833
"If the current application context is not available, the dump function uses the default parameter for serialization.","A view's endpoint name comes from its function name unless you set one explicitly, and it automatically gets prefixed with the blueprint's name if it's registered through one.",0.07911392405063292,0.17647058823529413,0.0967741935483871,0.125,0.0,0.0,0.0,0.11764705882352941,0.06451612903225806,0.08333333333333333,0.875368058681488,0.8453227281570435,0.8600831627845764,0.18624497950077057
"If the current application context is not available, the dump function uses the default parameter for serialization.","If a view function has a required_methods attribute, Flask will always include those methods on the route, even if you explicitly set different ones in the route() call.",0.0949367088607595,0.23529411764705882,0.13793103448275862,0.17391304347826086,0.0,0.0,0.0,0.17647058823529413,0.10344827586206896,0.13043478260869565,0.8842049837112427,0.8637402653694153,0.8738527894020081,0.027146507054567337
"If the current application context is available, the loads function uses the app's json.loads method to deserialize data.","request, session, g, and current_app are all proxies tied to a context. They only work while the right app or request context is active.",0.18866356382978722,0.3,0.24,0.2666666666666666,0.05263157894736842,0.041666666666666664,0.04651162790697675,0.2,0.16,0.17777777777777778,0.8748936057090759,0.8688637614250183,0.8718682527542114,0.34515076875686646
"If the current application context is available, the loads function uses the app's json.loads method to deserialize data.","Flask's session object doesn't notice when you mutate something in place, like appending to a list. You need to manually set session.modified = True when that happens.",0.06472491909385113,0.1,0.06896551724137931,0.08163265306122448,0.0,0.0,0.0,0.1,0.06896551724137931,0.08163265306122448,0.8713507056236267,0.8619337677955627,0.8666166663169861,0.05585843324661255
"If the current application context is available, the loads function uses the app's json.loads method to deserialize data.",Sessions are stored in a signed cookie that normally disappears when the browser closes. Setting permanent to True keeps it alive for as long as PERMANENT_SESSION_LIFETIME says.,0.053191489361702135,0.1,0.06896551724137931,0.08163265306122448,0.0,0.0,0.0,0.1,0.06896551724137931,0.08163265306122448,0.8512691259384155,0.819862961769104,0.8352709412574768,0.059706732630729675
"If the current application context is available, the loads function uses the app's json.loads method to deserialize data.","Trailing slashes matter for routing. A route defined with a trailing slash will redirect a request without one to the slash version, and a route without a trailing slash returns a 404 if someone requests it with one.",0.06410256410256411,0.15,0.07894736842105263,0.10344827586206896,0.0,0.0,0.0,0.05,0.02631578947368421,0.034482758620689655,0.8515122532844543,0.8334531784057617,0.8423859477043152,-0.027934229001402855
"If the current application context is available, the loads function uses the app's json.loads method to deserialize data.","If a route has a default value and also accepts POST, the version with the default should only handle GET, since a redirect can't carry form data along with it.",0.09174311926605506,0.2,0.12903225806451613,0.1568627450980392,0.0,0.0,0.0,0.2,0.12903225806451613,0.1568627450980392,0.8651237487792969,0.8514391779899597,0.8582268953323364,0.040116433054208755
"If the current application context is available, the loads function uses the app's json.loads method to deserialize data.","Routes default to handling GET, along with HEAD. OPTIONS gets added automatically unless provide_automatic_options is turned off.",0.09950248756218907,0.1,0.10526315789473684,0.10256410256410256,0.0,0.0,0.0,0.05,0.05263157894736842,0.05128205128205128,0.8509963750839233,0.8455561399459839,0.8482675552368164,0.06063457205891609
"If the current application context is available, the loads function uses the app's json.loads method to deserialize data.","A view's endpoint name comes from its function name unless you set one explicitly, and it automatically gets prefixed with the blueprint's name if it's registered through one.",0.09433962264150944,0.2,0.12903225806451613,0.1568627450980392,0.0,0.0,0.0,0.15,0.0967741935483871,0.11764705882352941,0.8643032312393188,0.8425591588020325,0.8532926440238953,0.15414322912693024
"If the current application context is available, the loads function uses the app's json.loads method to deserialize data.","If a view function has a required_methods attribute, Flask will always include those methods on the route, even if you explicitly set different ones in the route() call.",0.11006289308176101,0.25,0.1724137931034483,0.20408163265306123,0.0,0.0,0.0,0.15,0.10344827586206896,0.12244897959183673,0.8758262395858765,0.8669793605804443,0.8713803887367249,0.11115401238203049
"If the current application context is not available, the loads function uses the standard json.loads method.","request, session, g, and current_app are all proxies tied to a context. They only work while the right app or request context is active.",0.15282755874153725,0.23529411764705882,0.16,0.19047619047619052,0.0625,0.041666666666666664,0.05,0.17647058823529413,0.12,0.14285714285714282,0.8897185325622559,0.8664591312408447,0.8779347538948059,0.3937305212020874
"If the current application context is not available, the loads function uses the standard json.loads method.","Flask's session object doesn't notice when you mutate something in place, like appending to a list. You need to manually set session.modified = True when that happens.",0.032679738562091505,0.0,0.0,0.0,0.0,0.0,0.0,0.0,0.0,0.0,0.8822684288024902,0.8573938608169556,0.8696533441543579,0.11165380477905273
"If the current application context is not available, the loads function uses the standard json.loads method.",Sessions are stored in a signed cookie that normally disappears when the browser closes. Setting permanent to True keeps it alive for as long as PERMANENT_SESSION_LIFETIME says.,0.035842293906810034,0.058823529411764705,0.034482758620689655,0.043478260869565216,0.0,0.0,0.0,0.058823529411764705,0.034482758620689655,0.043478260869565216,0.8645769357681274,0.8137683272361755,0.838403582572937,0.11254395544528961
"If the current application context is not available, the loads function uses the standard json.loads method.","Trailing slashes matter for routing. A route defined with a trailing slash will redirect a request without one to the slash version, and a route without a trailing slash returns a 404 if someone requests it with one.",0.0516795865633075,0.11764705882352941,0.05263157894736842,0.07272727272727272,0.0,0.0,0.0,0.058823529411764705,0.02631578947368421,0.03636363636363636,0.8684699535369873,0.8378432989120483,0.8528817296028137,0.020889773964881897
"If the current application context is not available, the loads function uses the standard json.loads method.","If a route has a default value and also accepts POST, the version with the default should only handle GET, since a redirect can't carry form data along with it.",0.07716049382716049,0.17647058823529413,0.0967741935483871,0.125,0.0,0.0,0.0,0.17647058823529413,0.0967741935483871,0.125,0.8806667327880859,0.8476755619049072,0.863856315612793,0.11553403735160828
"If the current application context is not available, the loads function uses the standard json.loads method.","Routes default to handling GET, along with HEAD. OPTIONS gets added automatically unless provide_automatic_options is turned off.",0.07575757575757576,0.058823529411764705,0.05263157894736842,0.05555555555555555,0.0,0.0,0.0,0.058823529411764705,0.05263157894736842,0.05555555555555555,0.8651741743087769,0.8419867157936096,0.8534229397773743,0.17006900906562805
"If the current application context is not available, the loads function uses the standard json.loads method.","A view's endpoint name comes from its function name unless you set one explicitly, and it automatically gets prefixed with the blueprint's name if it's registered through one.",0.07936507936507937,0.17647058823529413,0.0967741935483871,0.125,0.0,0.0,0.0,0.11764705882352941,0.06451612903225806,0.08333333333333333,0.8798776268959045,0.8436110019683838,0.8613628149032593,0.144239604473114
"If the current application context is not available, the loads function uses the standard json.loads method.","If a view function has a required_methods attribute, Flask will always include those methods on the route, even if you explicitly set different ones in the route() call.",0.1111111111111111,0.29411764705882354,0.1724137931034483,0.2173913043478261,0.0,0.0,0.0,0.17647058823529413,0.10344827586206896,0.13043478260869565,0.8945524096488953,0.8687348365783691,0.8814545273780823,0.1881151646375656
"If the current application context is available, the load function uses the app's json.load method to deserialize data from a file.","request, session, g, and current_app are all proxies tied to a context. They only work while the right app or request context is active.",0.20489495343296515,0.30434782608695654,0.28,0.2916666666666667,0.045454545454545456,0.041666666666666664,0.043478260869565216,0.17391304347826086,0.16,0.16666666666666666,0.8717723488807678,0.8672986030578613,0.8695297837257385,0.3166869282722473
"If the current application context is available, the load function uses the app's json.load method to deserialize data from a file.","Flask's session object doesn't notice when you mutate something in place, like appending to a list. You need to manually set session.modified = True when that happens.",0.08012820512820513,0.13043478260869565,0.10344827586206896,0.11538461538461538,0.0,0.0,0.0,0.13043478260869565,0.10344827586206896,0.11538461538461538,0.8666112422943115,0.8596405982971191,0.8631118535995483,0.05075216293334961
"If the current application context is available, the load function uses the app's json.load method to deserialize data from a file.",Sessions are stored in a signed cookie that normally disappears when the browser closes. Setting permanent to True keeps it alive for as long as PERMANENT_SESSION_LIFETIME says.,0.07017543859649122,0.13043478260869565,0.10344827586206896,0.11538461538461538,0.0,0.0,0.0,0.08695652173913043,0.06896551724137931,0.07692307692307693,0.8499691486358643,0.814445436000824,0.8318281173706055,0.06759380549192429
"If the current application context is available, the load function uses the app's json.load method to deserialize data from a file.","Trailing slashes matter for routing. A route defined with a trailing slash will redirect a request without one to the slash version, and a route without a trailing slash returns a 404 if someone requests it with one.",0.07633587786259542,0.17391304347826086,0.10526315789473684,0.13114754098360656,0.0,0.0,0.0,0.08695652173913043,0.05263157894736842,0.06557377049180328,0.8488942384719849,0.8325071334838867,0.8406208157539368,-0.03659779205918312
"If the current application context is available, the load function uses the app's json.load method to deserialize data from a file.","If a route has a default value and also accepts POST, the version with the default should only handle GET, since a redirect can't carry form data along with it.",0.10606060606060606,0.21739130434782608,0.16129032258064516,0.18518518518518517,0.0,0.0,0.0,0.17391304347826086,0.12903225806451613,0.14814814814814814,0.8644528388977051,0.8488094806671143,0.8565597534179688,0.023386411368846893
"If the current application context is available, the load function uses the app's json.load method to deserialize data from a file.","Routes default to handling GET, along with HEAD. OPTIONS gets added automatically unless provide_automatic_options is turned off.",0.09803921568627452,0.08695652173913043,0.10526315789473684,0.09523809523809525,0.0,0.0,0.0,0.043478260869565216,0.05263157894736842,0.04761904761904762,0.8446588516235352,0.8401556015014648,0.8424012064933777,0.04047868028283119
"If the current application context is available, the load function uses the app's json.load method to deserialize data from a file.","A view's endpoint name comes from its function name unless you set one explicitly, and it automatically gets prefixed with the blueprint's name if it's registered through one.",0.12461059190031153,0.2608695652173913,0.1935483870967742,0.2222222222222222,0.0,0.0,0.0,0.13043478260869565,0.0967741935483871,0.1111111111111111,0.8624893426895142,0.8420820236206055,0.8521634936332703,0.14860899746418
"If the current application context is available, the load function uses the app's json.load method to deserialize data from a file.","If a view function has a required_methods attribute, Flask will always include those methods on the route, even if you explicitly set different ones in the route() call.",0.12461059190031153,0.2608695652173913,0.20689655172413793,0.23076923076923075,0.0,0.0,0.0,0.13043478260869565,0.10344827586206896,0.11538461538461538,0.8737053871154785,0.8636661171913147,0.8686567544937134,0.10439220815896988
"If the current application context is not available, the load function uses the standard json.load method.","request, session, g, and current_app are all proxies tied to a context. They only work while the right app or request context is active.",0.15282755874153725,0.23529411764705882,0.16,0.19047619047619052,0.0625,0.041666666666666664,0.05,0.17647058823529413,0.12,0.14285714285714282,0.8878326416015625,0.8654225468635559,0.8764843940734863,0.4074675142765045
"If the current application context is not available, the load function uses the standard json.load method.","Flask's session object doesn't notice when you mutate something in place, like appending to a list. You need to manually set session.modified = True when that happens.",0.032679738562091505,0.0,0.0,0.0,0.0,0.0,0.0,0.0,0.0,0.0,0.8795082569122314,0.8562140464782715,0.8677048683166504,0.10721655189990997
"If the current application context is not available, the load function uses the standard json.load method.",Sessions are stored in a signed cookie that normally disappears when the browser closes. Setting permanent to True keeps it alive for as long as PERMANENT_SESSION_LIFETIME says.,0.035842293906810034,0.058823529411764705,0.034482758620689655,0.043478260869565216,0.0,0.0,0.0,0.058823529411764705,0.034482758620689655,0.043478260869565216,0.8631364703178406,0.8127425909042358,0.8371818661689758,0.13392657041549683
"If the current application context is not available, the load function uses the standard json.load method.","Trailing slashes matter for routing. A route defined with a trailing slash will redirect a request without one to the slash version, and a route without a trailing slash returns a 404 if someone requests it with one.",0.0516795865633075,0.11764705882352941,0.05263157894736842,0.07272727272727272,0.0,0.0,0.0,0.058823529411764705,0.02631578947368421,0.03636363636363636,0.8667317628860474,0.8369097709655762,0.8515597581863403,0.03246600180864334
"If the current application context is not available, the load function uses the standard json.load method.","If a route has a default value and also accepts POST, the version with the default should only handle GET, since a redirect can't carry form data along with it.",0.07716049382716049,0.17647058823529413,0.0967741935483871,0.125,0.0,0.0,0.0,0.17647058823529413,0.0967741935483871,0.125,0.8789023160934448,0.8468453884124756,0.8625760674476624,0.11479917913675308
"If the current application context is not available, the load function uses the standard json.load method.","Routes default to handling GET, along with HEAD. OPTIONS gets added automatically unless provide_automatic_options is turned off.",0.07575757575757576,0.058823529411764705,0.05263157894736842,0.05555555555555555,0.0,0.0,0.0,0.058823529411764705,0.05263157894736842,0.05555555555555555,0.8632450699806213,0.8427313566207886,0.8528648614883423,0.16297443211078644
"If the current application context is not available, the load function uses the standard json.load method.","A view's endpoint name comes from its function name unless you set one explicitly, and it automatically gets prefixed with the blueprint's name if it's registered through one.",0.07936507936507937,0.17647058823529413,0.0967741935483871,0.125,0.0,0.0,0.0,0.11764705882352941,0.06451612903225806,0.08333333333333333,0.8771599531173706,0.8430358171463013,0.8597594499588013,0.14116676151752472
"If the current application context is not available, the load function uses the standard json.load method.","If a view function has a required_methods attribute, Flask will always include those methods on the route, even if you explicitly set different ones in the route() call.",0.1111111111111111,0.29411764705882354,0.1724137931034483,0.2173913043478261,0.0,0.0,0.0,0.17647058823529413,0.10344827586206896,0.13043478260869565,0.8932999968528748,0.8677580952644348,0.8803437948226929,0.19203069806098938
The jsonify function requires an active application context and uses the app's json.response method to serialize arguments as JSON.,"request, session, g, and current_app are all proxies tied to a context. They only work while the right app or request context is active.",0.1595744680851064,0.2857142857142857,0.24,0.2608695652173913,0.0,0.0,0.0,0.14285714285714285,0.12,0.13043478260869565,0.8722804188728333,0.8626552224159241,0.8674411773681641,0.23274190723896027
The jsonify function requires an active application context and uses the app's json.response method to serialize arguments as JSON.,"Flask's session object doesn't notice when you mutate something in place, like appending to a list. You need to manually set session.modified = True when that happens.",0.06472491909385113,0.09523809523809523,0.06896551724137931,0.08,0.0,0.0,0.0,0.09523809523809523,0.06896551724137931,0.08,0.8661314249038696,0.8530699014663696,0.8595510125160217,0.17299824953079224
The jsonify function requires an active application context and uses the app's json.response method to serialize arguments as JSON.,Sessions are stored in a signed cookie that normally disappears when the browser closes. Setting permanent to True keeps it alive for as long as PERMANENT_SESSION_LIFETIME says.,0.07092198581560283,0.14285714285714285,0.10344827586206896,0.12000000000000001,0.0,0.0,0.0,0.14285714285714285,0.10344827586206896,0.12000000000000001,0.8498645424842834,0.8110513091087341,0.8300043940544128,-0.01732848957180977
The jsonify function requires an active application context and uses the app's json.response method to serialize arguments as JSON.,"Trailing slashes matter for routing. A route defined with a trailing slash will redirect a request without one to the slash version, and a route without a trailing slash returns a 404 if someone requests it with one.",0.06410256410256411,0.14285714285714285,0.07894736842105263,0.1016949152542373,0.0,0.0,0.0,0.09523809523809523,0.05263157894736842,0.06779661016949153,0.8513036966323853,0.8300610184669495,0.8405480980873108,0.07620437443256378
The jsonify function requires an active application context and uses the app's json.response method to serialize arguments as JSON.,"If a route has a default value and also accepts POST, the version with the default should only handle GET, since a redirect can't carry form data along with it.",0.07645259938837921,0.14285714285714285,0.0967741935483871,0.11538461538461538,0.0,0.0,0.0,0.09523809523809523,0.06451612903225806,0.07692307692307691,0.8548766374588013,0.840791642665863,0.8477756381034851,0.08061400800943375
The jsonify function requires an active application context and uses the app's json.response method to serialize arguments as JSON.,"Routes default to handling GET, along with HEAD. OPTIONS gets added automatically unless provide_automatic_options is turned off.",0.04975124378109454,0.047619047619047616,0.05263157894736842,0.05,0.0,0.0,0.0,0.047619047619047616,0.05263157894736842,0.05,0.8506025075912476,0.8396275639533997,0.8450793623924255,0.07501742243766785
The jsonify function requires an active application context and uses the app's json.response method to serialize arguments as JSON.,"A view's endpoint name comes from its function name unless you set one explicitly, and it automatically gets prefixed with the blueprint's name if it's registered through one.",0.09433962264150944,0.19047619047619047,0.12903225806451613,0.15384615384615383,0.0,0.0,0.0,0.19047619047619047,0.12903225806451613,0.15384615384615383,0.8640732169151306,0.8311042785644531,0.8472681045532227,0.12645427882671356
The jsonify function requires an active application context and uses the app's json.response method to serialize arguments as JSON.,"If a view function has a required_methods attribute, Flask will always include those methods on the route, even if you explicitly set different ones in the route() call.",0.09433962264150944,0.23809523809523808,0.1724137931034483,0.19999999999999998,0.0,0.0,0.0,0.14285714285714285,0.10344827586206896,0.12000000000000001,0.8672694563865662,0.854701042175293,0.8609393835067749,0.11404319107532501
"In debug mode, the output of the jsonify function is formatted with indentation for easier reading.","request, session, g, and current_app are all proxies tied to a context. They only work while the right app or request context is active.",0.08960573476702512,0.125,0.08,0.09756097560975609,0.0,0.0,0.0,0.125,0.08,0.09756097560975609,0.8645370602607727,0.8460655212402344,0.8552016019821167,0.030953075736761093
"In debug mode, the output of the jsonify function is formatted with indentation for easier reading.","Flask's session object doesn't notice when you mutate something in place, like appending to a list. You need to manually set session.modified = True when that happens.",0.04901960784313726,0.0625,0.034482758620689655,0.044444444444444446,0.0,0.0,0.0,0.0625,0.034482758620689655,0.044444444444444446,0.8632815480232239,0.8541609644889832,0.8586970567703247,0.12914621829986572
"In debug mode, the output of the jsonify function is formatted with indentation for easier reading.",Sessions are stored in a signed cookie that normally disappears when the browser closes. Setting permanent to True keeps it alive for as long as PERMANENT_SESSION_LIFETIME says.,0.13333333333333336,0.1875,0.10344827586206896,0.13333333333333333,0.0,0.0,0.0,0.1875,0.10344827586206896,0.13333333333333333,0.8575173616409302,0.8132011890411377,0.8347715139389038,-0.04613014683127403
"In debug mode, the output of the jsonify function is formatted with indentation for easier reading.","Trailing slashes matter for routing. A route defined with a trailing slash will redirect a request without one to the slash version, and a route without a trailing slash returns a 404 if someone requests it with one.",0.06459948320413438,0.1875,0.07894736842105263,0.11111111111111109,0.0,0.0,0.0,0.125,0.05263157894736842,0.07407407407407407,0.8585673570632935,0.8387237191200256,0.8485295176506042,0.029539402574300766
"In debug mode, the output of the jsonify function is formatted with indentation for easier reading.","If a route has a default value and also accepts POST, the version with the default should only handle GET, since a redirect can't carry form data along with it.",0.07716049382716049,0.1875,0.0967741935483871,0.12765957446808507,0.0,0.0,0.0,0.1875,0.0967741935483871,0.12765957446808507,0.8597363233566284,0.8436486124992371,0.8516165018081665,-0.0032892385497689247
"In debug mode, the output of the jsonify function is formatted with indentation for easier reading.","Routes default to handling GET, along with HEAD. OPTIONS gets added automatically unless provide_automatic_options is turned off.",0.10101010101010102,0.125,0.10526315789473684,0.11428571428571428,0.0,0.0,0.0,0.0625,0.05263157894736842,0.05714285714285714,0.8554640412330627,0.8438630104064941,0.8496239185333252,0.06321320682764053
"In debug mode, the output of the jsonify function is formatted with indentation for easier reading.","A view's endpoint name comes from its function name unless you set one explicitly, and it automatically gets prefixed with the blueprint's name if it's registered through one.",0.07936507936507937,0.1875,0.0967741935483871,0.12765957446808507,0.0,0.0,0.0,0.125,0.06451612903225806,0.0851063829787234,0.8668783903121948,0.8386903405189514,0.8525514006614685,0.1177351176738739
"In debug mode, the output of the jsonify function is formatted with indentation for easier reading.","If a view function has a required_methods attribute, Flask will always include those methods on the route, even if you explicitly set different ones in the route() call.",0.09523809523809525,0.25,0.13793103448275862,0.17777777777777778,0.0,0.0,0.0,0.125,0.06896551724137931,0.08888888888888889,0.866693377494812,0.8569459915161133,0.8617920875549316,0.0029778415337204933
"The 'static_folder' must be set to serve static files, otherwise a RuntimeError is raised in the send_static_file method.","A Blueprint isn't an application on its own. It's really just a set of instructions that get applied once it's registered, and it can be registered more than once or under different prefixes.",0.0804289544235925,0.14285714285714285,0.08333333333333333,0.10526315789473685,0.0,0.0,0.0,0.047619047619047616,0.027777777777777776,0.03508771929824561,0.832179069519043,0.8267933130264282,0.8294774293899536,0.02548176422715187
"The 'static_folder' must be set to serve static files, otherwise a RuntimeError is raised in the send_static_file method.","Once a blueprint is registered on an app, there's no way to unregister it without tearing down the whole app object.",0.12605042016806722,0.19047619047619047,0.18181818181818182,0.18604651162790697,0.0,0.0,0.0,0.14285714285714285,0.13636363636363635,0.1395348837209302,0.8389469385147095,0.8585718870162964,0.8486459851264954,-0.008025419898331165
"The 'static_folder' must be set to serve static files, otherwise a RuntimeError is raised in the send_static_file method.","Registering a blueprint adds its name as a prefix to each endpoint, separated by a dot. The blueprint's name changes the endpoint, not the URL itself.",0.09966777408637874,0.19047619047619047,0.14814814814814814,0.16666666666666666,0.0,0.0,0.0,0.14285714285714285,0.1111111111111111,0.125,0.8358105421066284,0.8517799377441406,0.8437196612358093,0.09598850458860397
"The 'static_folder' must be set to serve static files, otherwise a RuntimeError is raised in the send_static_file method.","A child blueprint inherits its parent's name prefix for endpoints, and its parent's URL prefix or subdomain too.",0.06818181818181818,0.047619047619047616,0.05,0.04878048780487805,0.0,0.0,0.0,0.047619047619047616,0.05,0.04878048780487805,0.8287824988365173,0.8359878063201904,0.8323695659637451,0.03573080152273178
"The 'static_folder' must be set to serve static files, otherwise a RuntimeError is raised in the send_static_file method.","A blueprint's static folder only works if it has a url_prefix set. Without one, the app's own /static route wins out over it.",0.10948905109489049,0.2857142857142857,0.23076923076923078,0.25531914893617025,0.05,0.04,0.044444444444444446,0.23809523809523808,0.19230769230769232,0.21276595744680848,0.8776747584342957,0.8787409067153931,0.8782075047492981,0.4982879161834717
"The 'static_folder' must be set to serve static files, otherwise a RuntimeError is raised in the send_static_file method.","Templates from blueprints rank below the app's own templates. If two blueprints happen to use the same template path, whichever one was registered first takes priority.",0.08561643835616438,0.14285714285714285,0.1111111111111111,0.125,0.0,0.0,0.0,0.14285714285714285,0.1111111111111111,0.125,0.834084153175354,0.8441916704177856,0.8391074538230896,0.06247488409280777
"The 'static_folder' must be set to serve static files, otherwise a RuntimeError is raised in the send_static_file method.","A blueprint's 404 or 405 error handlers only kick in when they're triggered by an explicit raise or abort() inside that blueprint's own views, not just from someone hitting a bad URL. That's because a blueprint doesn't actually own any URL space.",0.05102040816326531,0.14285714285714285,0.06382978723404255,0.08823529411764706,0.0,0.0,0.0,0.09523809523809523,0.0425531914893617,0.0588235294117647,0.8376379013061523,0.8341507911682129,0.8358907103538513,0.15784533321857452
"The 'static_folder' must be set to serve static files, otherwise a RuntimeError is raised in the send_static_file method.","Hooks like before_request and error handlers set on a parent blueprint carry over to its children. If a child doesn't have its own handler for something, Flask falls back to the parent's.",0.08450704225352114,0.19047619047619047,0.11428571428571428,0.14285714285714285,0.0,0.0,0.0,0.19047619047619047,0.11428571428571428,0.14285714285714285,0.8553797602653503,0.8379436135292053,0.8465718626976013,0.2368864119052887
"The 'static_folder' must be set to serve static files, otherwise a RuntimeError is raised in the send_static_file method.","request, session, g, and current_app are all proxies tied to a context. They only work while the right app or request context is active.",0.10600706713780918,0.19047619047619047,0.16,0.17391304347826086,0.0,0.0,0.0,0.14285714285714285,0.12,0.13043478260869565,0.8572903871536255,0.8514035940170288,0.8543368577957153,0.15988704562187195
"The 'static_folder' must be set to serve static files, otherwise a RuntimeError is raised in the send_static_file method.","Flask's session object doesn't notice when you mutate something in place, like appending to a list. You need to manually set session.modified = True when that happens.",0.09677419354838708,0.19047619047619047,0.13793103448275862,0.16,0.0,0.0,0.0,0.09523809523809523,0.06896551724137931,0.08,0.8521567583084106,0.8550520539283752,0.8536019325256348,0.3090834319591522
"The 'static_folder' must be set to serve static files, otherwise a RuntimeError is raised in the send_static_file method.",Sessions are stored in a signed cookie that normally disappears when the browser closes. Setting permanent to True keeps it alive for as long as PERMANENT_SESSION_LIFETIME says.,0.10600706713780918,0.23809523809523808,0.1724137931034483,0.19999999999999998,0.0,0.0,0.0,0.14285714285714285,0.10344827586206896,0.12000000000000001,0.855825662612915,0.8243600130081177,0.8397982120513916,0.058978740125894547
"The 'static_folder' must be set to serve static files, otherwise a RuntimeError is raised in the send_static_file method.","Trailing slashes matter for routing. A route defined with a trailing slash will redirect a request without one to the slash version, and a route without a trailing slash returns a 404 if someone requests it with one.",0.06393861892583119,0.14285714285714285,0.07894736842105263,0.1016949152542373,0.0,0.0,0.0,0.09523809523809523,0.05263157894736842,0.06779661016949153,0.8405564427375793,0.8401093482971191,0.8403329253196716,0.1845950335264206
"The 'static_folder' must be set to serve static files, otherwise a RuntimeError is raised in the send_static_file method.","If a route has a default value and also accepts POST, the version with the default should only handle GET, since a redirect can't carry form data along with it.",0.07621951219512196,0.14285714285714285,0.0967741935483871,0.11538461538461538,0.0,0.0,0.0,0.09523809523809523,0.06451612903225806,0.07692307692307691,0.8394886255264282,0.8446149230003357,0.8420439958572388,0.08534915000200272
"The 'static_folder' must be set to serve static files, otherwise a RuntimeError is raised in the send_static_file method.","Routes default to handling GET, along with HEAD. OPTIONS gets added automatically unless provide_automatic_options is turned off.",0.09900990099009903,0.09523809523809523,0.10526315789473684,0.1,0.0,0.0,0.0,0.09523809523809523,0.10526315789473684,0.1,0.8570279479026794,0.8639731407165527,0.8604865074157715,0.18068602681159973
"The 'static_folder' must be set to serve static files, otherwise a RuntimeError is raised in the send_static_file method.","A view's endpoint name comes from its function name unless you set one explicitly, and it automatically gets prefixed with the blueprint's name if it's registered through one.",0.07836990595611286,0.14285714285714285,0.0967741935483871,0.11538461538461538,0.0,0.0,0.0,0.09523809523809523,0.06451612903225806,0.07692307692307691,0.8395278453826904,0.8369807004928589,0.8382523655891418,0.020091593265533447
"The 'static_folder' must be set to serve static files, otherwise a RuntimeError is raised in the send_static_file method.","If a view function has a required_methods attribute, Flask will always include those methods on the route, even if you explicitly set different ones in the route() call.",0.16678095611285268,0.2857142857142857,0.20689655172413793,0.24000000000000002,0.05,0.03571428571428571,0.041666666666666664,0.19047619047619047,0.13793103448275862,0.16,0.872060239315033,0.8700863122940063,0.8710721731185913,0.24682344496250153
"The maximum age for caching files is determined by the 'SEND_FILE_MAX_AGE_DEFAULT' configuration value, which defaults to None, indicating that the browser should use conditional requests.","A Blueprint isn't an application on its own. It's really just a set of instructions that get applied once it's registered, and it can be registered more than once or under different prefixes.",0.05249343832020998,0.034482758620689655,0.027777777777777776,0.030769230769230767,0.0,0.0,0.0,0.034482758620689655,0.027777777777777776,0.030769230769230767,0.8174876570701599,0.8295242190361023,0.8234619498252869,0.008588100783526897
"The maximum age for caching files is determined by the 'SEND_FILE_MAX_AGE_DEFAULT' configuration value, which defaults to None, indicating that the browser should use conditional requests.","Once a blueprint is registered on an app, there's no way to unregister it without tearing down the whole app object.",0.1016260162601626,0.10344827586206896,0.13636363636363635,0.11764705882352941,0.0,0.0,0.0,0.10344827586206896,0.13636363636363635,0.11764705882352941,0.8196337223052979,0.8546060919761658,0.8367546200752258,-0.025691699236631393
"The maximum age for caching files is determined by the 'SEND_FILE_MAX_AGE_DEFAULT' configuration value, which defaults to None, indicating that the browser should use conditional requests.","Registering a blueprint adds its name as a prefix to each endpoint, separated by a dot. The blueprint's name changes the endpoint, not the URL itself.",0.12944983818770225,0.1724137931034483,0.18518518518518517,0.17857142857142858,0.0,0.0,0.0,0.10344827586206896,0.1111111111111111,0.10714285714285715,0.8248612284660339,0.8526006937026978,0.8385016322135925,0.09364122897386551
"The maximum age for caching files is determined by the 'SEND_FILE_MAX_AGE_DEFAULT' configuration value, which defaults to None, indicating that the browser should use conditional requests.","A child blueprint inherits its parent's name prefix for endpoints, and its parent's URL prefix or subdomain too.",0.06578947368421052,0.034482758620689655,0.05,0.04081632653061224,0.0,0.0,0.0,0.034482758620689655,0.05,0.04081632653061224,0.816088855266571,0.8345028162002563,0.8251931071281433,0.10631934553384781
"The maximum age for caching files is determined by the 'SEND_FILE_MAX_AGE_DEFAULT' configuration value, which defaults to None, indicating that the browser should use conditional requests.","A blueprint's static folder only works if it has a url_prefix set. Without one, the app's own /static route wins out over it.",0.05319148936170212,0.034482758620689655,0.038461538461538464,0.03636363636363637,0.0,0.0,0.0,0.034482758620689655,0.038461538461538464,0.03636363636363637,0.8431119918823242,0.8564277291297913,0.8497177362442017,0.10204803943634033
"The maximum age for caching files is determined by the 'SEND_FILE_MAX_AGE_DEFAULT' configuration value, which defaults to None, indicating that the browser should use conditional requests.","Templates from blueprints rank below the app's own templates. If two blueprints happen to use the same template path, whichever one was registered first takes priority.",0.10000000000000002,0.13793103448275862,0.14814814814814814,0.14285714285714285,0.0,0.0,0.0,0.10344827586206896,0.1111111111111111,0.10714285714285715,0.8218299150466919,0.842320442199707,0.83194899559021,0.15312892198562622
"The maximum age for caching files is determined by the 'SEND_FILE_MAX_AGE_DEFAULT' configuration value, which defaults to None, indicating that the browser should use conditional requests.","A blueprint's 404 or 405 error handlers only kick in when they're triggered by an explicit raise or abort() inside that blueprint's own views, not just from someone hitting a bad URL. That's because a blueprint doesn't actually own any URL space.",0.040160642570281124,0.06896551724137931,0.0425531914893617,0.05263157894736841,0.0,0.0,0.0,0.06896551724137931,0.0425531914893617,0.05263157894736841,0.8236874341964722,0.8327900767326355,0.8282138109207153,0.16085560619831085
"The maximum age for caching files is determined by the 'SEND_FILE_MAX_AGE_DEFAULT' configuration value, which defaults to None, indicating that the browser should use conditional requests.","Hooks like before_request and error handlers set on a parent blueprint carry over to its children. If a child doesn't have its own handler for something, Flask falls back to the parent's.",0.06887052341597796,0.13793103448275862,0.11428571428571428,0.125,0.0,0.0,0.0,0.10344827586206896,0.08571428571428572,0.09375,0.8374508023262024,0.8344265222549438,0.8359358906745911,0.24618689715862274
"The maximum age for caching files is determined by the 'SEND_FILE_MAX_AGE_DEFAULT' configuration value, which defaults to None, indicating that the browser should use conditional requests.","request, session, g, and current_app are all proxies tied to a context. They only work while the right app or request context is active.",0.12027491408934708,0.13793103448275862,0.16,0.14814814814814817,0.0,0.0,0.0,0.10344827586206896,0.12,0.11111111111111112,0.8400145769119263,0.8506048917770386,0.8452765941619873,0.24816972017288208
"The maximum age for caching files is determined by the 'SEND_FILE_MAX_AGE_DEFAULT' configuration value, which defaults to None, indicating that the browser should use conditional requests.","Flask's session object doesn't notice when you mutate something in place, like appending to a list. You need to manually set session.modified = True when that happens.",0.06289308176100629,0.06896551724137931,0.06896551724137931,0.06896551724137931,0.0,0.0,0.0,0.06896551724137931,0.06896551724137931,0.06896551724137931,0.8345437049865723,0.8494783043861389,0.8419448137283325,0.19916319847106934
"The maximum age for caching files is determined by the 'SEND_FILE_MAX_AGE_DEFAULT' configuration value, which defaults to None, indicating that the browser should use conditional requests.",Sessions are stored in a signed cookie that normally disappears when the browser closes. Setting permanent to True keeps it alive for as long as PERMANENT_SESSION_LIFETIME says.,0.14652539137075218,0.1724137931034483,0.1724137931034483,0.1724137931034483,0.03571428571428571,0.03571428571428571,0.03571428571428571,0.10344827586206896,0.10344827586206896,0.10344827586206896,0.8636065721511841,0.8456454873085022,0.8545316457748413,0.38059109449386597
"The maximum age for caching files is determined by the 'SEND_FILE_MAX_AGE_DEFAULT' configuration value, which defaults to None, indicating that the browser should use conditional requests.","Trailing slashes matter for routing. A route defined with a trailing slash will redirect a request without one to the slash version, and a route without a trailing slash returns a 404 if someone requests it with one.",0.07518796992481203,0.13793103448275862,0.10526315789473684,0.11940298507462686,0.0,0.0,0.0,0.13793103448275862,0.10526315789473684,0.11940298507462686,0.8259584307670593,0.8360810279846191,0.8309888243675232,0.16478021442890167
"The maximum age for caching files is determined by the 'SEND_FILE_MAX_AGE_DEFAULT' configuration value, which defaults to None, indicating that the browser should use conditional requests.","If a route has a default value and also accepts POST, the version with the default should only handle GET, since a redirect can't carry form data along with it.",0.11904761904761907,0.20689655172413793,0.1935483870967742,0.19999999999999998,0.0,0.0,0.0,0.13793103448275862,0.12903225806451613,0.13333333333333333,0.8351460099220276,0.8460657000541687,0.8405703902244568,0.23301713168621063
"The maximum age for caching files is determined by the 'SEND_FILE_MAX_AGE_DEFAULT' configuration value, which defaults to None, indicating that the browser should use conditional requests.","Routes default to handling GET, along with HEAD. OPTIONS gets added automatically unless provide_automatic_options is turned off.",0.17714285714285716,0.10344827586206896,0.15789473684210525,0.125,0.03571428571428571,0.05555555555555555,0.043478260869565216,0.06896551724137931,0.10526315789473684,0.08333333333333333,0.8457857370376587,0.8599027991294861,0.8527858853340149,0.2470165193080902
"The maximum age for caching files is determined by the 'SEND_FILE_MAX_AGE_DEFAULT' configuration value, which defaults to None, indicating that the browser should use conditional requests.","A view's endpoint name comes from its function name unless you set one explicitly, and it automatically gets prefixed with the blueprint's name if it's registered through one.",0.06116207951070337,0.034482758620689655,0.03225806451612903,0.03333333333333333,0.0,0.0,0.0,0.034482758620689655,0.03225806451612903,0.03333333333333333,0.8304160833358765,0.8337647914886475,0.8320870399475098,0.009676427580416203
"The maximum age for caching files is determined by the 'SEND_FILE_MAX_AGE_DEFAULT' configuration value, which defaults to None, indicating that the browser should use conditional requests.","If a view function has a required_methods attribute, Flask will always include those methods on the route, even if you explicitly set different ones in the route() call.",0.09174311926605505,0.06896551724137931,0.06896551724137931,0.06896551724137931,0.0,0.0,0.0,0.06896551724137931,0.06896551724137931,0.06896551724137931,0.8463931083679199,0.8474763631820679,0.8469343781471252,0.14786416292190552
"The open_resource method only allows files to be opened in read mode, and a ValueError is raised if an invalid mode is provided.","A Blueprint isn't an application on its own. It's really just a set of instructions that get applied once it's registered, and it can be registered more than once or under different prefixes.",0.12755102040816327,0.16666666666666666,0.1111111111111111,0.13333333333333333,0.0,0.0,0.0,0.08333333333333333,0.05555555555555555,0.06666666666666667,0.8501657247543335,0.8385668992996216,0.8443264961242676,-0.038336291909217834
"The open_resource method only allows files to be opened in read mode, and a ValueError is raised if an invalid mode is provided.","Once a blueprint is registered on an app, there's no way to unregister it without tearing down the whole app object.",0.1659751037344398,0.20833333333333334,0.22727272727272727,0.21739130434782608,0.0,0.0,0.0,0.125,0.13636363636363635,0.13043478260869565,0.8514422178268433,0.8634439706802368,0.8574010729789734,-0.031535930931568146
"The open_resource method only allows files to be opened in read mode, and a ValueError is raised if an invalid mode is provided.","Registering a blueprint adds its name as a prefix to each endpoint, separated by a dot. The blueprint's name changes the endpoint, not the URL itself.",0.08223684210526315,0.125,0.1111111111111111,0.11764705882352941,0.0,0.0,0.0,0.08333333333333333,0.07407407407407407,0.07843137254901962,0.8531702756881714,0.8542159795761108,0.8536927700042725,0.04892034828662872
"The open_resource method only allows files to be opened in read mode, and a ValueError is raised if an invalid mode is provided.","A child blueprint inherits its parent's name prefix for endpoints, and its parent's URL prefix or subdomain too.",0.14153587443946186,0.08333333333333333,0.1,0.0909090909090909,0.0,0.0,0.0,0.041666666666666664,0.05,0.04545454545454545,0.8438400626182556,0.841442346572876,0.8426395058631897,0.036483295261859894
"The open_resource method only allows files to be opened in read mode, and a ValueError is raised if an invalid mode is provided.","A blueprint's static folder only works if it has a url_prefix set. Without one, the app's own /static route wins out over it.",0.10830324909747291,0.16666666666666666,0.15384615384615385,0.16,0.0,0.0,0.0,0.08333333333333333,0.07692307692307693,0.08,0.8657108545303345,0.8652421236038208,0.8654764294624329,0.15126247704029083
"The open_resource method only allows files to be opened in read mode, and a ValueError is raised if an invalid mode is provided.","Templates from blueprints rank below the app's own templates. If two blueprints happen to use the same template path, whichever one was registered first takes priority.",0.1016949152542373,0.125,0.1111111111111111,0.11764705882352941,0.0,0.0,0.0,0.08333333333333333,0.07407407407407407,0.07843137254901962,0.8523769378662109,0.8487740755081177,0.8505716919898987,0.01375989057123661
"The open_resource method only allows files to be opened in read mode, and a ValueError is raised if an invalid mode is provided.","A blueprint's 404 or 405 error handlers only kick in when they're triggered by an explicit raise or abort() inside that blueprint's own views, not just from someone hitting a bad URL. That's because a blueprint doesn't actually own any URL space.",0.07099391480730222,0.20833333333333334,0.10638297872340426,0.14084507042253522,0.0,0.0,0.0,0.125,0.06382978723404255,0.08450704225352113,0.8585716485977173,0.8416627049446106,0.8500331044197083,0.1567116677761078
"The open_resource method only allows files to be opened in read mode, and a ValueError is raised if an invalid mode is provided.","Hooks like before_request and error handlers set on a parent blueprint carry over to its children. If a child doesn't have its own handler for something, Flask falls back to the parent's.",0.09776536312849163,0.20833333333333334,0.14285714285714285,0.1694915254237288,0.0,0.0,0.0,0.125,0.08571428571428572,0.1016949152542373,0.856612503528595,0.8415478467941284,0.8490133285522461,0.295824259519577
"The open_resource method only allows files to be opened in read mode, and a ValueError is raised if an invalid mode is provided.","request, session, g, and current_app are all proxies tied to a context. They only work while the right app or request context is active.",0.1860249125874126,0.25,0.24,0.24489795918367346,0.0,0.0,0.0,0.125,0.12,0.12244897959183673,0.8657107949256897,0.8588120937347412,0.86224764585495,0.22498518228530884
"The open_resource method only allows files to be opened in read mode, and a ValueError is raised if an invalid mode is provided.","Flask's session object doesn't notice when you mutate something in place, like appending to a list. You need to manually set session.modified = True when that happens.",0.07987220447284345,0.125,0.10344827586206896,0.11320754716981132,0.0,0.0,0.0,0.08333333333333333,0.06896551724137931,0.07547169811320754,0.8597696423530579,0.8568549156188965,0.8583098649978638,0.1800750195980072
"The open_resource method only allows files to be opened in read mode, and a ValueError is raised if an invalid mode is provided.",Sessions are stored in a signed cookie that normally disappears when the browser closes. Setting permanent to True keeps it alive for as long as PERMANENT_SESSION_LIFETIME says.,0.1048951048951049,0.16666666666666666,0.13793103448275862,0.1509433962264151,0.0,0.0,0.0,0.08333333333333333,0.06896551724137931,0.07547169811320754,0.8526281118392944,0.8222036957740784,0.8371395468711853,0.04693681746721268
"The open_resource method only allows files to be opened in read mode, and a ValueError is raised if an invalid mode is provided.","Trailing slashes matter for routing. A route defined with a trailing slash will redirect a request without one to the slash version, and a route without a trailing slash returns a 404 if someone requests it with one.",0.12172381643012534,0.20833333333333334,0.13157894736842105,0.16129032258064516,0.043478260869565216,0.02702702702702703,0.03333333333333333,0.16666666666666666,0.10526315789473684,0.12903225806451615,0.8610456585884094,0.8434498310089111,0.852156937122345,0.05717563256621361
"The open_resource method only allows files to be opened in read mode, and a ValueError is raised if an invalid mode is provided.","If a route has a default value and also accepts POST, the version with the default should only handle GET, since a redirect can't carry form data along with it.",0.10574018126888216,0.20833333333333334,0.16129032258064516,0.1818181818181818,0.0,0.0,0.0,0.125,0.0967741935483871,0.10909090909090909,0.8624455332756042,0.8508596420288086,0.8566133379936218,0.11498144268989563
"The open_resource method only allows files to be opened in read mode, and a ValueError is raised if an invalid mode is provided.","Routes default to handling GET, along with HEAD. OPTIONS gets added automatically unless provide_automatic_options is turned off.",0.0975609756097561,0.125,0.15789473684210525,0.13953488372093023,0.0,0.0,0.0,0.08333333333333333,0.10526315789473684,0.0930232558139535,0.8573241233825684,0.8577743172645569,0.8575491905212402,0.20770686864852905
"The open_resource method only allows files to be opened in read mode, and a ValueError is raised if an invalid mode is provided.","A view's endpoint name comes from its function name unless you set one explicitly, and it automatically gets prefixed with the blueprint's name if it's registered through one.",0.13241890959282263,0.16666666666666666,0.12903225806451613,0.14545454545454548,0.0,0.0,0.0,0.08333333333333333,0.06451612903225806,0.07272727272727274,0.8595553636550903,0.8390040397644043,0.8491553664207458,0.038552165031433105
"The open_resource method only allows files to be opened in read mode, and a ValueError is raised if an invalid mode is provided.","If a view function has a required_methods attribute, Flask will always include those methods on the route, even if you explicitly set different ones in the route() call.",0.10869565217391304,0.20833333333333334,0.1724137931034483,0.18867924528301888,0.0,0.0,0.0,0.08333333333333333,0.06896551724137931,0.07547169811320754,0.8700290322303772,0.8659473657608032,0.8679834008216858,0.22086432576179504
"The application must be specified using the '--app' option, 'FLASK_APP' environment variable, or a 'wsgi.py' or 'app.py' file in the current directory.","request, session, g, and current_app are all proxies tied to a context. They only work while the right app or request context is active.",0.11864406779661017,0.24,0.24,0.24,0.0,0.0,0.0,0.12,0.12,0.12,0.841154158115387,0.8611049652099609,0.851012647151947,0.23551520705223083
"The application must be specified using the '--app' option, 'FLASK_APP' environment variable, or a 'wsgi.py' or 'app.py' file in the current directory.","Flask's session object doesn't notice when you mutate something in place, like appending to a list. You need to manually set session.modified = True when that happens.",0.062111801242236024,0.12,0.10344827586206896,0.11111111111111112,0.0,0.0,0.0,0.08,0.06896551724137931,0.07407407407407408,0.8335512280464172,0.8475066423416138,0.8404709696769714,0.4769926071166992
"The application must be specified using the '--app' option, 'FLASK_APP' environment variable, or a 'wsgi.py' or 'app.py' file in the current directory.",Sessions are stored in a signed cookie that normally disappears when the browser closes. Setting permanent to True keeps it alive for as long as PERMANENT_SESSION_LIFETIME says.,0.06779661016949153,0.12,0.10344827586206896,0.11111111111111112,0.0,0.0,0.0,0.08,0.06896551724137931,0.07407407407407408,0.825609564781189,0.8197110891342163,0.8226497769355774,0.0675678551197052
"The application must be specified using the '--app' option, 'FLASK_APP' environment variable, or a 'wsgi.py' or 'app.py' file in the current directory.","Trailing slashes matter for routing. A route defined with a trailing slash will redirect a request without one to the slash version, and a route without a trailing slash returns a 404 if someone requests it with one.",0.04962779156327544,0.08,0.05263157894736842,0.06349206349206349,0.0,0.0,0.0,0.08,0.05263157894736842,0.06349206349206349,0.8203963041305542,0.8291298151016235,0.8247399926185608,0.10416261106729507
"The application must be specified using the '--app' option, 'FLASK_APP' environment variable, or a 'wsgi.py' or 'app.py' file in the current directory.","If a route has a default value and also accepts POST, the version with the default should only handle GET, since a redirect can't carry form data along with it.",0.08823529411764706,0.12,0.0967741935483871,0.10714285714285714,0.0,0.0,0.0,0.12,0.0967741935483871,0.10714285714285714,0.8233675360679626,0.8337632417678833,0.8285328149795532,0.045610230416059494
"The application must be specified using the '--app' option, 'FLASK_APP' environment variable, or a 'wsgi.py' or 'app.py' file in the current directory.","Routes default to handling GET, along with HEAD. OPTIONS gets added automatically unless provide_automatic_options is turned off.",0.07009345794392523,0.04,0.05263157894736842,0.04545454545454545,0.0,0.0,0.0,0.04,0.05263157894736842,0.04545454545454545,0.8243736624717712,0.845847487449646,0.8349725604057312,0.1294059455394745
"The application must be specified using the '--app' option, 'FLASK_APP' environment variable, or a 'wsgi.py' or 'app.py' file in the current directory.","A view's endpoint name comes from its function name unless you set one explicitly, and it automatically gets prefixed with the blueprint's name if it's registered through one.",0.07552870090634442,0.08,0.06451612903225806,0.07142857142857142,0.0,0.0,0.0,0.08,0.06451612903225806,0.07142857142857142,0.8252573013305664,0.8365417718887329,0.8308612108230591,0.0150517039000988
"The application must be specified using the '--app' option, 'FLASK_APP' environment variable, or a 'wsgi.py' or 'app.py' file in the current directory.","If a view function has a required_methods attribute, Flask will always include those methods on the route, even if you explicitly set different ones in the route() call.",0.16073451661631422,0.2,0.1724137931034483,0.1851851851851852,0.041666666666666664,0.03571428571428571,0.03846153846153846,0.12,0.10344827586206896,0.11111111111111112,0.8450896143913269,0.8522354364395142,0.8486475348472595,0.4294358193874359
"If multiple Flask applications are detected in a module, a NoAppException is raised.","request, session, g, and current_app are all proxies tied to a context. They only work while the right app or request context is active.",0.09057971014492755,0.23076923076923078,0.12,0.15789473684210525,0.0,0.0,0.0,0.23076923076923078,0.12,0.15789473684210525,0.8703689575195312,0.8469258546829224,0.8584873676300049,0.26946717500686646
"If multiple Flask applications are detected in a module, a NoAppException is raised.","Flask's session object doesn't notice when you mutate something in place, like appending to a list. You need to manually set session.modified = True when that happens.",0.08250825082508251,0.23076923076923078,0.10344827586206896,0.14285714285714288,0.0,0.0,0.0,0.23076923076923078,0.10344827586206896,0.14285714285714288,0.8715306520462036,0.8549540638923645,0.8631627559661865,0.44252872467041016
"If multiple Flask applications are detected in a module, a NoAppException is raised.",Sessions are stored in a signed cookie that normally disappears when the browser closes. Setting permanent to True keeps it alive for as long as PERMANENT_SESSION_LIFETIME says.,0.07246376811594203,0.23076923076923078,0.10344827586206896,0.14285714285714288,0.08333333333333333,0.03571428571428571,0.05,0.23076923076923078,0.10344827586206896,0.14285714285714288,0.8548526763916016,0.8069400787353516,0.8302056193351746,0.0909031555056572
"If multiple Flask applications are detected in a module, a NoAppException is raised.","Trailing slashes matter for routing. A route defined with a trailing slash will redirect a request without one to the slash version, and a route without a trailing slash returns a 404 if someone requests it with one.",0.06510416666666667,0.23076923076923078,0.07894736842105263,0.11764705882352941,0.0,0.0,0.0,0.15384615384615385,0.05263157894736842,0.0784313725490196,0.8635615110397339,0.8351249694824219,0.8491052389144897,0.10075682401657104
"If multiple Flask applications are detected in a module, a NoAppException is raised.","If a route has a default value and also accepts POST, the version with the default should only handle GET, since a redirect can't carry form data along with it.",0.0778816199376947,0.23076923076923078,0.0967741935483871,0.13636363636363635,0.0,0.0,0.0,0.23076923076923078,0.0967741935483871,0.13636363636363635,0.8703956007957458,0.8414727449417114,0.8556898832321167,0.08102477341890335
"If multiple Flask applications are detected in a module, a NoAppException is raised.","Routes default to handling GET, along with HEAD. OPTIONS gets added automatically unless provide_automatic_options is turned off.",0.07692307692307691,0.07692307692307693,0.05263157894736842,0.0625,0.0,0.0,0.0,0.07692307692307693,0.05263157894736842,0.0625,0.8515602350234985,0.8359473943710327,0.8436816334724426,0.1401483416557312
"If multiple Flask applications are detected in a module, a NoAppException is raised.","A view's endpoint name comes from its function name unless you set one explicitly, and it automatically gets prefixed with the blueprint's name if it's registered through one.",0.0641025641025641,0.15384615384615385,0.06451612903225806,0.09090909090909091,0.0,0.0,0.0,0.07692307692307693,0.03225806451612903,0.045454545454545456,0.8647477626800537,0.8355165123939514,0.8498809337615967,0.05386071279644966
"If multiple Flask applications are detected in a module, a NoAppException is raised.","If a view function has a required_methods attribute, Flask will always include those methods on the route, even if you explicitly set different ones in the route() call.",0.11217948717948717,0.38461538461538464,0.1724137931034483,0.23809523809523808,0.0,0.0,0.0,0.23076923076923078,0.10344827586206896,0.14285714285714288,0.8859928846359253,0.861448347568512,0.8735482096672058,0.4619196951389313
"If a factory function is detected but cannot be called without arguments, a NoAppException is raised.","request, session, g, and current_app are all proxies tied to a context. They only work while the right app or request context is active.",0.08928571428571429,0.125,0.08,0.09756097560975609,0.0,0.0,0.0,0.125,0.08,0.09756097560975609,0.854067325592041,0.8459131717681885,0.8499706983566284,0.10032334923744202
"If a factory function is detected but cannot be called without arguments, a NoAppException is raised.","Flask's session object doesn't notice when you mutate something in place, like appending to a list. You need to manually set session.modified = True when that happens.",0.048859934853420196,0.0625,0.034482758620689655,0.044444444444444446,0.0,0.0,0.0,0.0625,0.034482758620689655,0.044444444444444446,0.8526279926300049,0.8517560958862305,0.8521918058395386,-0.017260674387216568
"If a factory function is detected but cannot be called without arguments, a NoAppException is raised.",Sessions are stored in a signed cookie that normally disappears when the browser closes. Setting permanent to True keeps it alive for as long as PERMANENT_SESSION_LIFETIME says.,0.03571428571428571,0.0625,0.034482758620689655,0.044444444444444446,0.0,0.0,0.0,0.0625,0.034482758620689655,0.044444444444444446,0.8406739830970764,0.8071922063827515,0.8235929012298584,-0.0836913138628006
"If a factory function is detected but cannot be called without arguments, a NoAppException is raised.","Trailing slashes matter for routing. A route defined with a trailing slash will redirect a request without one to the slash version, and a route without a trailing slash returns a 404 if someone requests it with one.",0.07731958762886597,0.25,0.10526315789473684,0.14814814814814814,0.0,0.0,0.0,0.1875,0.07894736842105263,0.11111111111111109,0.8561168313026428,0.8393822908401489,0.8476669788360596,0.028507638722658157
"If a factory function is detected but cannot be called without arguments, a NoAppException is raised.","If a route has a default value and also accepts POST, the version with the default should only handle GET, since a redirect can't carry form data along with it.",0.07692307692307693,0.1875,0.0967741935483871,0.12765957446808507,0.06666666666666667,0.03333333333333333,0.04444444444444444,0.1875,0.0967741935483871,0.12765957446808507,0.8612245917320251,0.8472088575363159,0.8541592359542847,0.02211649715900421
"If a factory function is detected but cannot be called without arguments, a NoAppException is raised.","Routes default to handling GET, along with HEAD. OPTIONS gets added automatically unless provide_automatic_options is turned off.",0.07537688442211055,0.0625,0.05263157894736842,0.05714285714285714,0.0,0.0,0.0,0.0625,0.05263157894736842,0.05714285714285714,0.8417271375656128,0.8334800601005554,0.8375833034515381,0.0384504571557045
"If a factory function is detected but cannot be called without arguments, a NoAppException is raised.","A view's endpoint name comes from its function name unless you set one explicitly, and it automatically gets prefixed with the blueprint's name if it's registered through one.",0.0949367088607595,0.1875,0.0967741935483871,0.12765957446808507,0.0,0.0,0.0,0.125,0.06451612903225806,0.0851063829787234,0.8531246781349182,0.8408651351928711,0.8469505906105042,0.09963870048522949
"If a factory function is detected but cannot be called without arguments, a NoAppException is raised.","If a view function has a required_methods attribute, Flask will always include those methods on the route, even if you explicitly set different ones in the route() call.",0.1107594936708861,0.3125,0.1724137931034483,0.22222222222222224,0.06666666666666667,0.03571428571428571,0.046511627906976744,0.25,0.13793103448275862,0.17777777777777778,0.868173360824585,0.8621730804443359,0.8651628494262695,0.17331621050834656
"The '--version' option shows the versions of Python, Flask, and Werkzeug.","request, session, g, and current_app are all proxies tied to a context. They only work while the right app or request context is active.",0.13381294964028778,0.18181818181818182,0.08,0.1111111111111111,0.0,0.0,0.0,0.09090909090909091,0.04,0.05555555555555555,0.8541455864906311,0.8513701558113098,0.852755606174469,0.11945021152496338
"The '--version' option shows the versions of Python, Flask, and Werkzeug.","Flask's session object doesn't notice when you mutate something in place, like appending to a list. You need to manually set session.modified = True when that happens.",0.04918032786885246,0.09090909090909091,0.034482758620689655,0.05,0.0,0.0,0.0,0.09090909090909091,0.034482758620689655,0.05,0.848071813583374,0.8453909754753113,0.8467292785644531,0.2696564793586731
"The '--version' option shows the versions of Python, Flask, and Werkzeug.",Sessions are stored in a signed cookie that normally disappears when the browser closes. Setting permanent to True keeps it alive for as long as PERMANENT_SESSION_LIFETIME says.,0.03597122302158273,0.09090909090909091,0.034482758620689655,0.05,0.0,0.0,0.0,0.09090909090909091,0.034482758620689655,0.05,0.8387038707733154,0.8105971813201904,0.8244110345840454,0.061337269842624664
"The '--version' option shows the versions of Python, Flask, and Werkzeug.","Trailing slashes matter for routing. A route defined with a trailing slash will redirect a request without one to the slash version, and a route without a trailing slash returns a 404 if someone requests it with one.",0.09637305699481864,0.2727272727272727,0.07894736842105263,0.12244897959183672,0.0,0.0,0.0,0.2727272727272727,0.07894736842105263,0.12244897959183672,0.842045783996582,0.8269237875938416,0.8344162702560425,0.08241160213947296
"The '--version' option shows the versions of Python, Flask, and Werkzeug.","If a route has a default value and also accepts POST, the version with the default should only handle GET, since a redirect can't carry form data along with it.",0.10835913312693497,0.36363636363636365,0.12903225806451613,0.19047619047619047,0.1,0.03333333333333333,0.05,0.2727272727272727,0.0967741935483871,0.14285714285714285,0.8478116989135742,0.8359273076057434,0.8418275713920593,0.12105119228363037
"The '--version' option shows the versions of Python, Flask, and Werkzeug.","Routes default to handling GET, along with HEAD. OPTIONS gets added automatically unless provide_automatic_options is turned off.",0.07614213197969542,0.09090909090909091,0.05263157894736842,0.06666666666666667,0.0,0.0,0.0,0.09090909090909091,0.05263157894736842,0.06666666666666667,0.8424199819564819,0.8430397510528564,0.8427297472953796,0.16727149486541748
"The '--version' option shows the versions of Python, Flask, and Werkzeug.","A view's endpoint name comes from its function name unless you set one explicitly, and it automatically gets prefixed with the blueprint's name if it's registered through one.",0.10051751592356688,0.18181818181818182,0.06451612903225806,0.09523809523809523,0.0,0.0,0.0,0.09090909090909091,0.03225806451612903,0.047619047619047616,0.8464037179946899,0.825225293636322,0.835680365562439,0.13656915724277496
"The '--version' option shows the versions of Python, Flask, and Werkzeug.","If a view function has a required_methods attribute, Flask will always include those methods on the route, even if you explicitly set different ones in the route() call.",0.13579263977353148,0.2727272727272727,0.10344827586206896,0.15,0.0,0.0,0.0,0.18181818181818182,0.06896551724137931,0.1,0.8563770055770874,0.8444914221763611,0.850392758846283,0.32108446955680847
"The '--debug' option sets the app's debug mode, defaulting to False if not provided.","request, session, g, and current_app are all proxies tied to a context. They only work while the right app or request context is active.",0.08896797153024912,0.2,0.12,0.15,0.0,0.0,0.0,0.13333333333333333,0.08,0.1,0.8397570848464966,0.8523465394973755,0.8460049629211426,0.2002246379852295
"The '--debug' option sets the app's debug mode, defaulting to False if not provided.","Flask's session object doesn't notice when you mutate something in place, like appending to a list. You need to manually set session.modified = True when that happens.",0.08116883116883117,0.2,0.10344827586206896,0.13636363636363635,0.0,0.0,0.0,0.13333333333333333,0.06896551724137931,0.09090909090909091,0.8543360233306885,0.8561871647834778,0.8552606105804443,0.04813925176858902
"The '--debug' option sets the app's debug mode, defaulting to False if not provided.",Sessions are stored in a signed cookie that normally disappears when the browser closes. Setting permanent to True keeps it alive for as long as PERMANENT_SESSION_LIFETIME says.,0.07117437722419928,0.2,0.10344827586206896,0.13636363636363635,0.0,0.0,0.0,0.2,0.10344827586206896,0.13636363636363635,0.8537001609802246,0.8218861222267151,0.8374911546707153,0.15452390909194946
"The '--debug' option sets the app's debug mode, defaulting to False if not provided.","Trailing slashes matter for routing. A route defined with a trailing slash will redirect a request without one to the slash version, and a route without a trailing slash returns a 404 if someone requests it with one.",0.06426735218508997,0.2,0.07894736842105263,0.11320754716981134,0.0,0.0,0.0,0.13333333333333333,0.05263157894736842,0.07547169811320754,0.8475213050842285,0.8389269709587097,0.8432022333145142,0.06355728209018707
"The '--debug' option sets the app's debug mode, defaulting to False if not provided.","If a route has a default value and also accepts POST, the version with the default should only handle GET, since a redirect can't carry form data along with it.",0.09202453987730061,0.26666666666666666,0.12903225806451613,0.17391304347826086,0.0,0.0,0.0,0.2,0.0967741935483871,0.13043478260869568,0.8455555438995361,0.8396397233009338,0.8425872921943665,0.10349148511886597
"The '--debug' option sets the app's debug mode, defaulting to False if not provided.","Routes default to handling GET, along with HEAD. OPTIONS gets added automatically unless provide_automatic_options is turned off.",0.186,0.26666666666666666,0.21052631578947367,0.23529411764705882,0.07142857142857142,0.05555555555555555,0.0625,0.2,0.15789473684210525,0.17647058823529413,0.8565459251403809,0.8555583953857422,0.8560518622398376,0.23904834687709808
"The '--debug' option sets the app's debug mode, defaulting to False if not provided.","A view's endpoint name comes from its function name unless you set one explicitly, and it automatically gets prefixed with the blueprint's name if it's registered through one.",0.0946372239747634,0.26666666666666666,0.12903225806451613,0.17391304347826086,0.0,0.0,0.0,0.26666666666666666,0.12903225806451613,0.17391304347826086,0.859611988067627,0.8425576686859131,0.8509994149208069,0.24051286280155182
"The '--debug' option sets the app's debug mode, defaulting to False if not provided.","If a view function has a required_methods attribute, Flask will always include those methods on the route, even if you explicitly set different ones in the route() call.",0.0946372239747634,0.26666666666666666,0.13793103448275862,0.18181818181818182,0.0,0.0,0.0,0.2,0.10344827586206896,0.13636363636363635,0.8572899699211121,0.8536404371261597,0.8554612994194031,0.11482468992471695
"The '--env-file' option loads environment variables from a specified file, taking precedence over '.env' and '.flaskenv'.","request, session, g, and current_app are all proxies tied to a context. They only work while the right app or request context is active.",0.0880281690140845,0.17647058823529413,0.12,0.14285714285714282,0.0,0.0,0.0,0.058823529411764705,0.04,0.04761904761904763,0.8319220542907715,0.848871111869812,0.8403111100196838,0.2174559086561203
"The '--env-file' option loads environment variables from a specified file, taking precedence over '.env' and '.flaskenv'.","Flask's session object doesn't notice when you mutate something in place, like appending to a list. You need to manually set session.modified = True when that happens.",0.06430868167202572,0.058823529411764705,0.034482758620689655,0.043478260869565216,0.0,0.0,0.0,0.058823529411764705,0.034482758620689655,0.043478260869565216,0.8394814729690552,0.8476492166519165,0.8435455560684204,0.4839751422405243
"The '--env-file' option loads environment variables from a specified file, taking precedence over '.env' and '.flaskenv'.",Sessions are stored in a signed cookie that normally disappears when the browser closes. Setting permanent to True keeps it alive for as long as PERMANENT_SESSION_LIFETIME says.,0.052816901408450696,0.11764705882352941,0.06896551724137931,0.08695652173913043,0.0,0.0,0.0,0.058823529411764705,0.034482758620689655,0.043478260869565216,0.8256590366363525,0.8132855892181396,0.8194255828857422,0.11650626361370087
"The '--env-file' option loads environment variables from a specified file, taking precedence over '.env' and '.flaskenv'.","Trailing slashes matter for routing. A route defined with a trailing slash will redirect a request without one to the slash version, and a route without a trailing slash returns a 404 if someone requests it with one.",0.07653061224489796,0.17647058823529413,0.07894736842105263,0.10909090909090909,0.0,0.0,0.0,0.11764705882352941,0.05263157894736842,0.07272727272727272,0.8200162053108215,0.8329352736473083,0.8264252543449402,0.14177194237709045
"The '--env-file' option loads environment variables from a specified file, taking precedence over '.env' and '.flaskenv'.","If a route has a default value and also accepts POST, the version with the default should only handle GET, since a redirect can't carry form data along with it.",0.0911854103343465,0.17647058823529413,0.0967741935483871,0.125,0.0,0.0,0.0,0.11764705882352941,0.06451612903225806,0.08333333333333333,0.8216330409049988,0.8356606364250183,0.8285874724388123,0.1593036651611328
"The '--env-file' option loads environment variables from a specified file, taking precedence over '.env' and '.flaskenv'.","Routes default to handling GET, along with HEAD. OPTIONS gets added automatically unless provide_automatic_options is turned off.",0.09852216748768473,0.058823529411764705,0.05263157894736842,0.05555555555555555,0.0,0.0,0.0,0.058823529411764705,0.05263157894736842,0.05555555555555555,0.8261918425559998,0.8419209718704224,0.8339822888374329,0.27122873067855835
"The '--env-file' option loads environment variables from a specified file, taking precedence over '.env' and '.flaskenv'.","A view's endpoint name comes from its function name unless you set one explicitly, and it automatically gets prefixed with the blueprint's name if it's registered through one.",0.10937500000000001,0.23529411764705882,0.12903225806451613,0.16666666666666666,0.0,0.0,0.0,0.11764705882352941,0.06451612903225806,0.08333333333333333,0.8292220830917358,0.8302582502365112,0.8297398090362549,0.10032161325216293
"The '--env-file' option loads environment variables from a specified file, taking precedence over '.env' and '.flaskenv'.","If a view function has a required_methods attribute, Flask will always include those methods on the route, even if you explicitly set different ones in the route() call.",0.0625,0.11764705882352941,0.06896551724137931,0.08695652173913043,0.0,0.0,0.0,0.058823529411764705,0.034482758620689655,0.043478260869565216,0.8342942595481873,0.8419858813285828,0.8381224274635315,0.470076322555542
The '--cert' option must be specified when using the '--key' option.,"request, session, g, and current_app are all proxies tied to a context. They only work while the right app or request context is active.",0.035842293906810034,0.09090909090909091,0.04,0.05555555555555555,0.0,0.0,0.0,0.09090909090909091,0.04,0.05555555555555555,0.8421176671981812,0.8387088179588318,0.8404098153114319,0.12230469286441803
The '--cert' option must be specified when using the '--key' option.,"Flask's session object doesn't notice when you mutate something in place, like appending to a list. You need to manually set session.modified = True when that happens.",0.032679738562091505,0.09090909090909091,0.034482758620689655,0.05,0.0,0.0,0.0,0.09090909090909091,0.034482758620689655,0.05,0.8520122766494751,0.8501620888710022,0.8510861396789551,0.001621187198907137
The '--cert' option must be specified when using the '--key' option.,Sessions are stored in a signed cookie that normally disappears when the browser closes. Setting permanent to True keeps it alive for as long as PERMANENT_SESSION_LIFETIME says.,0.053763440860215055,0.18181818181818182,0.06896551724137931,0.1,0.0,0.0,0.0,0.18181818181818182,0.06896551724137931,0.1,0.8361106514930725,0.8052109479904175,0.8203698992729187,-0.032741766422986984
The '--cert' option must be specified when using the '--key' option.,"Trailing slashes matter for routing. A route defined with a trailing slash will redirect a request without one to the slash version, and a route without a trailing slash returns a 404 if someone requests it with one.",0.02583979328165375,0.09090909090909091,0.02631578947368421,0.04081632653061224,0.0,0.0,0.0,0.09090909090909091,0.02631578947368421,0.04081632653061224,0.8344972729682922,0.8301248550415039,0.832305371761322,0.01314825564622879
The '--cert' option must be specified when using the '--key' option.,"If a route has a default value and also accepts POST, the version with the default should only handle GET, since a redirect can't carry form data along with it.",0.0462962962962963,0.18181818181818182,0.06451612903225806,0.09523809523809523,0.0,0.0,0.0,0.18181818181818182,0.06451612903225806,0.09523809523809523,0.83869469165802,0.8338541984558105,0.8362674713134766,0.034748390316963196
The '--cert' option must be specified when using the '--key' option.,"Routes default to handling GET, along with HEAD. OPTIONS gets added automatically unless provide_automatic_options is turned off.",0.05050505050505051,0.18181818181818182,0.10526315789473684,0.13333333333333333,0.0,0.0,0.0,0.18181818181818182,0.10526315789473684,0.13333333333333333,0.8438888788223267,0.840225100517273,0.8420529961585999,0.08597277104854584
The '--cert' option must be specified when using the '--key' option.,"A view's endpoint name comes from its function name unless you set one explicitly, and it automatically gets prefixed with the blueprint's name if it's registered through one.",0.0634920634920635,0.09090909090909091,0.03225806451612903,0.047619047619047616,0.0,0.0,0.0,0.09090909090909091,0.03225806451612903,0.047619047619047616,0.8378084897994995,0.8280206322669983,0.8328858017921448,0.01832774095237255
The '--cert' option must be specified when using the '--key' option.,"If a view function has a required_methods attribute, Flask will always include those methods on the route, even if you explicitly set different ones in the route() call.",0.0634920634920635,0.18181818181818182,0.06896551724137931,0.1,0.0,0.0,0.0,0.18181818181818182,0.06896551724137931,0.1,0.851212203502655,0.8410876393318176,0.8461196422576904,-0.02923954278230667
"The '--reload' option enables or disables the reloader, defaulting to enabled if debug is on.","request, session, g, and current_app are all proxies tied to a context. They only work while the right app or request context is active.",0.10676156583629894,0.26666666666666666,0.16,0.2,0.0,0.0,0.0,0.2,0.12,0.15,0.8375721573829651,0.8444245457649231,0.8409844040870667,0.13603897392749786
"The '--reload' option enables or disables the reloader, defaulting to enabled if debug is on.","Flask's session object doesn't notice when you mutate something in place, like appending to a list. You need to manually set session.modified = True when that happens.",0.0487012987012987,0.06666666666666667,0.034482758620689655,0.045454545454545456,0.0,0.0,0.0,0.06666666666666667,0.034482758620689655,0.045454545454545456,0.8414306044578552,0.8497412800788879,0.8455654978752136,0.07270791381597519
"The '--reload' option enables or disables the reloader, defaulting to enabled if debug is on.",Sessions are stored in a signed cookie that normally disappears when the browser closes. Setting permanent to True keeps it alive for as long as PERMANENT_SESSION_LIFETIME says.,0.05338078291814947,0.13333333333333333,0.06896551724137931,0.09090909090909091,0.0,0.0,0.0,0.13333333333333333,0.06896551724137931,0.09090909090909091,0.845121443271637,0.8204801082611084,0.8326185345649719,0.2361898124217987
"The '--reload' option enables or disables the reloader, defaulting to enabled if debug is on.","Trailing slashes matter for routing. A route defined with a trailing slash will redirect a request without one to the slash version, and a route without a trailing slash returns a 404 if someone requests it with one.",0.06426735218508997,0.2,0.07894736842105263,0.11320754716981134,0.0,0.0,0.0,0.13333333333333333,0.05263157894736842,0.07547169811320754,0.8324659466743469,0.8336418271064758,0.833053469657898,0.009705621749162674
"The '--reload' option enables or disables the reloader, defaulting to enabled if debug is on.","If a route has a default value and also accepts POST, the version with the default should only handle GET, since a redirect can't carry form data along with it.",0.10736196319018404,0.26666666666666666,0.12903225806451613,0.17391304347826086,0.0,0.0,0.0,0.2,0.0967741935483871,0.13043478260869568,0.8358551263809204,0.8390082716941833,0.8374287486076355,0.08643956482410431
"The '--reload' option enables or disables the reloader, defaulting to enabled if debug is on.","Routes default to handling GET, along with HEAD. OPTIONS gets added automatically unless provide_automatic_options is turned off.",0.23979591836734693,0.26666666666666666,0.21052631578947367,0.23529411764705882,0.07142857142857142,0.05555555555555555,0.0625,0.2,0.15789473684210525,0.17647058823529413,0.8502931594848633,0.8554341793060303,0.852855920791626,0.20209510624408722
"The '--reload' option enables or disables the reloader, defaulting to enabled if debug is on.","A view's endpoint name comes from its function name unless you set one explicitly, and it automatically gets prefixed with the blueprint's name if it's registered through one.",0.06309148264984228,0.13333333333333333,0.06451612903225806,0.08695652173913043,0.0,0.0,0.0,0.13333333333333333,0.06451612903225806,0.08695652173913043,0.8412958383560181,0.8315780162811279,0.8364087343215942,0.16280211508274078
"The '--reload' option enables or disables the reloader, defaulting to enabled if debug is on.","If a view function has a required_methods attribute, Flask will always include those methods on the route, even if you explicitly set different ones in the route() call.",0.0946372239747634,0.26666666666666666,0.13793103448275862,0.18181818181818182,0.0,0.0,0.0,0.13333333333333333,0.06896551724137931,0.09090909090909091,0.8407317399978638,0.8460873961448669,0.8434010744094849,0.07359009981155396
"The '--debugger' option enables or disables the debugger, defaulting to enabled if debug is on.","request, session, g, and current_app are all proxies tied to a context. They only work while the right app or request context is active.",0.10676156583629894,0.26666666666666666,0.16,0.2,0.0,0.0,0.0,0.2,0.12,0.15,0.825729489326477,0.8412476181983948,0.8334162831306458,0.04724976420402527
"The '--debugger' option enables or disables the debugger, defaulting to enabled if debug is on.","Flask's session object doesn't notice when you mutate something in place, like appending to a list. You need to manually set session.modified = True when that happens.",0.0487012987012987,0.06666666666666667,0.034482758620689655,0.045454545454545456,0.0,0.0,0.0,0.06666666666666667,0.034482758620689655,0.045454545454545456,0.8307173252105713,0.8462291955947876,0.8384014964103699,-0.006816316395998001
"The '--debugger' option enables or disables the debugger, defaulting to enabled if debug is on.",Sessions are stored in a signed cookie that normally disappears when the browser closes. Setting permanent to True keeps it alive for as long as PERMANENT_SESSION_LIFETIME says.,0.05338078291814947,0.13333333333333333,0.06896551724137931,0.09090909090909091,0.0,0.0,0.0,0.13333333333333333,0.06896551724137931,0.09090909090909091,0.8372354507446289,0.8156003355979919,0.8262763023376465,0.14718419313430786
"The '--debugger' option enables or disables the debugger, defaulting to enabled if debug is on.","Trailing slashes matter for routing. A route defined with a trailing slash will redirect a request without one to the slash version, and a route without a trailing slash returns a 404 if someone requests it with one.",0.06426735218508997,0.2,0.07894736842105263,0.11320754716981134,0.0,0.0,0.0,0.13333333333333333,0.05263157894736842,0.07547169811320754,0.8285230398178101,0.8332352042198181,0.8308724761009216,0.00014487653970718384
"The '--debugger' option enables or disables the debugger, defaulting to enabled if debug is on.","If a route has a default value and also accepts POST, the version with the default should only handle GET, since a redirect can't carry form data along with it.",0.10736196319018404,0.26666666666666666,0.12903225806451613,0.17391304347826086,0.0,0.0,0.0,0.2,0.0967741935483871,0.13043478260869568,0.8277550339698792,0.8363320827484131,0.8320214748382568,0.06389562785625458
"The '--debugger' option enables or disables the debugger, defaulting to enabled if debug is on.","Routes default to handling GET, along with HEAD. OPTIONS gets added automatically unless provide_automatic_options is turned off.",0.23979591836734693,0.26666666666666666,0.21052631578947367,0.23529411764705882,0.07142857142857142,0.05555555555555555,0.0625,0.2,0.15789473684210525,0.17647058823529413,0.8401684165000916,0.8531559705734253,0.8466124534606934,0.20592805743217468
"The '--debugger' option enables or disables the debugger, defaulting to enabled if debug is on.","A view's endpoint name comes from its function name unless you set one explicitly, and it automatically gets prefixed with the blueprint's name if it's registered through one.",0.06309148264984228,0.13333333333333333,0.06451612903225806,0.08695652173913043,0.0,0.0,0.0,0.13333333333333333,0.06451612903225806,0.08695652173913043,0.8361862301826477,0.8303501605987549,0.8332579731941223,0.2194449007511139
"The '--debugger' option enables or disables the debugger, defaulting to enabled if debug is on.","If a view function has a required_methods attribute, Flask will always include those methods on the route, even if you explicitly set different ones in the route() call.",0.0946372239747634,0.26666666666666666,0.13793103448275862,0.18181818181818182,0.0,0.0,0.0,0.13333333333333333,0.06896551724137931,0.09090909090909091,0.8378304243087769,0.8457022905349731,0.8417479395866394,0.07986845821142197
The 'run' command starts a local development server and is intended for development purposes only.,"request, session, g, and current_app are all proxies tied to a context. They only work while the right app or request context is active.",0.12544802867383512,0.3333333333333333,0.2,0.25,0.0,0.0,0.0,0.13333333333333333,0.08,0.1,0.8593457341194153,0.8401472568511963,0.849638044834137,0.10531903803348541
The 'run' command starts a local development server and is intended for development purposes only.,"Flask's session object doesn't notice when you mutate something in place, like appending to a list. You need to manually set session.modified = True when that happens.",0.032679738562091505,0.06666666666666667,0.034482758620689655,0.045454545454545456,0.0,0.0,0.0,0.06666666666666667,0.034482758620689655,0.045454545454545456,0.8466817736625671,0.8381873369216919,0.8424131870269775,-0.057156700640916824
The 'run' command starts a local development server and is intended for development purposes only.,Sessions are stored in a signed cookie that normally disappears when the browser closes. Setting permanent to True keeps it alive for as long as PERMANENT_SESSION_LIFETIME says.,0.07168458781362007,0.2,0.10344827586206896,0.13636363636363635,0.0,0.0,0.0,0.13333333333333333,0.06896551724137931,0.09090909090909091,0.8462817668914795,0.8056749701499939,0.82547926902771,0.09031659364700317
The 'run' command starts a local development server and is intended for development purposes only.,"Trailing slashes matter for routing. A route defined with a trailing slash will redirect a request without one to the slash version, and a route without a trailing slash returns a 404 if someone requests it with one.",0.06459948320413438,0.26666666666666666,0.10526315789473684,0.1509433962264151,0.0,0.0,0.0,0.13333333333333333,0.05263157894736842,0.07547169811320754,0.8467498421669006,0.823161244392395,0.8347889184951782,0.1383240520954132
The 'run' command starts a local development server and is intended for development purposes only.,"If a route has a default value and also accepts POST, the version with the default should only handle GET, since a redirect can't carry form data along with it.",0.0925925925925926,0.26666666666666666,0.12903225806451613,0.17391304347826086,0.0,0.0,0.0,0.2,0.0967741935483871,0.13043478260869568,0.8503177165985107,0.8279611468315125,0.8389905095100403,0.07662217319011688
The 'run' command starts a local development server and is intended for development purposes only.,"Routes default to handling GET, along with HEAD. OPTIONS gets added automatically unless provide_automatic_options is turned off.",0.10101010101010102,0.06666666666666667,0.05263157894736842,0.058823529411764705,0.0,0.0,0.0,0.06666666666666667,0.05263157894736842,0.058823529411764705,0.8390056490898132,0.8296623229980469,0.8343077898025513,0.13558831810951233
The 'run' command starts a local development server and is intended for development purposes only.,"A view's endpoint name comes from its function name unless you set one explicitly, and it automatically gets prefixed with the blueprint's name if it's registered through one.",0.09523809523809525,0.2,0.0967741935483871,0.13043478260869568,0.0,0.0,0.0,0.13333333333333333,0.06451612903225806,0.08695652173913043,0.8528541326522827,0.8166141510009766,0.8343408107757568,0.16419199109077454
The 'run' command starts a local development server and is intended for development purposes only.,"If a view function has a required_methods attribute, Flask will always include those methods on the route, even if you explicitly set different ones in the route() call.",0.0634920634920635,0.13333333333333333,0.06896551724137931,0.09090909090909091,0.0,0.0,0.0,0.06666666666666667,0.034482758620689655,0.045454545454545456,0.8527427911758423,0.8340335488319397,0.8432843685150146,0.044201530516147614
The 'shell' command runs an interactive Python shell in the context of the Flask application.,"request, session, g, and current_app are all proxies tied to a context. They only work while the right app or request context is active.",0.07168458781362007,0.13333333333333333,0.08,0.1,0.0,0.0,0.0,0.13333333333333333,0.08,0.1,0.8754242658615112,0.8554444313049316,0.865319013595581,0.22641511261463165
The 'shell' command runs an interactive Python shell in the context of the Flask application.,"Flask's session object doesn't notice when you mutate something in place, like appending to a list. You need to manually set session.modified = True when that happens.",0.04901960784313726,0.13333333333333333,0.06896551724137931,0.09090909090909091,0.0,0.0,0.0,0.06666666666666667,0.034482758620689655,0.045454545454545456,0.8717718124389648,0.8476266860961914,0.8595297336578369,0.5040148496627808
The 'shell' command runs an interactive Python shell in the context of the Flask application.,Sessions are stored in a signed cookie that normally disappears when the browser closes. Setting permanent to True keeps it alive for as long as PERMANENT_SESSION_LIFETIME says.,0.053763440860215055,0.13333333333333333,0.06896551724137931,0.09090909090909091,0.0,0.0,0.0,0.13333333333333333,0.06896551724137931,0.09090909090909091,0.8602397441864014,0.810357928276062,0.8345540761947632,0.16151173412799835
The 'shell' command runs an interactive Python shell in the context of the Flask application.,"Trailing slashes matter for routing. A route defined with a trailing slash will redirect a request without one to the slash version, and a route without a trailing slash returns a 404 if someone requests it with one.",0.02583979328165375,0.06666666666666667,0.02631578947368421,0.03773584905660377,0.0,0.0,0.0,0.06666666666666667,0.02631578947368421,0.03773584905660377,0.8567416071891785,0.8303343057632446,0.8433313369750977,0.06377822160720825
The 'shell' command runs an interactive Python shell in the context of the Flask application.,"If a route has a default value and also accepts POST, the version with the default should only handle GET, since a redirect can't carry form data along with it.",0.0462962962962963,0.13333333333333333,0.06451612903225806,0.08695652173913043,0.0,0.0,0.0,0.13333333333333333,0.06451612903225806,0.08695652173913043,0.8611900806427002,0.8349716663360596,0.8478782176971436,0.007256384938955307
The 'shell' command runs an interactive Python shell in the context of the Flask application.,"Routes default to handling GET, along with HEAD. OPTIONS gets added automatically unless provide_automatic_options is turned off.",0.025252525252525256,0.0,0.0,0.0,0.0,0.0,0.0,0.0,0.0,0.0,0.855158805847168,0.8354368805885315,0.8451828360557556,0.1549990177154541
The 'shell' command runs an interactive Python shell in the context of the Flask application.,"A view's endpoint name comes from its function name unless you set one explicitly, and it automatically gets prefixed with the blueprint's name if it's registered through one.",0.04761904761904762,0.06666666666666667,0.03225806451612903,0.043478260869565216,0.0,0.0,0.0,0.06666666666666667,0.03225806451612903,0.043478260869565216,0.8633949160575867,0.828300952911377,0.8454838991165161,0.07920459657907486
The 'shell' command runs an interactive Python shell in the context of the Flask application.,"If a view function has a required_methods attribute, Flask will always include those methods on the route, even if you explicitly set different ones in the route() call.",0.09523809523809525,0.26666666666666666,0.13793103448275862,0.18181818181818182,0.07142857142857142,0.03571428571428571,0.047619047619047616,0.2,0.10344827586206896,0.13636363636363635,0.8804035782814026,0.8514630198478699,0.8656914830207825,0.36532580852508545
The 'routes' command shows all registered routes with their endpoints and methods.,"request, session, g, and current_app are all proxies tied to a context. They only work while the right app or request context is active.",0.07246376811594203,0.25,0.12,0.16216216216216217,0.0,0.0,0.0,0.08333333333333333,0.04,0.05405405405405406,0.8533238768577576,0.8476256132125854,0.8504651784896851,0.21088100969791412
The 'routes' command shows all registered routes with their endpoints and methods.,"Flask's session object doesn't notice when you mutate something in place, like appending to a list. You need to manually set session.modified = True when that happens.",0.0165016501650165,0.0,0.0,0.0,0.0,0.0,0.0,0.0,0.0,0.0,0.8487828969955444,0.843869686126709,0.8463191390037537,-0.022038832306861877
The 'routes' command shows all registered routes with their endpoints and methods.,Sessions are stored in a signed cookie that normally disappears when the browser closes. Setting permanent to True keeps it alive for as long as PERMANENT_SESSION_LIFETIME says.,0.036231884057971016,0.08333333333333333,0.034482758620689655,0.04878048780487805,0.0,0.0,0.0,0.08333333333333333,0.034482758620689655,0.04878048780487805,0.8463643789291382,0.8142232298851013,0.8299827575683594,0.1283995658159256
The 'routes' command shows all registered routes with their endpoints and methods.,"Trailing slashes matter for routing. A route defined with a trailing slash will redirect a request without one to the slash version, and a route without a trailing slash returns a 404 if someone requests it with one.",0.07812499999999999,0.4166666666666667,0.13157894736842105,0.19999999999999998,0.0,0.0,0.0,0.3333333333333333,0.10526315789473684,0.16,0.8592474460601807,0.837252676486969,0.8481074571609497,0.33701634407043457
The 'routes' command shows all registered routes with their endpoints and methods.,"If a route has a default value and also accepts POST, the version with the default should only handle GET, since a redirect can't carry form data along with it.",0.0778816199376947,0.3333333333333333,0.12903225806451613,0.18604651162790697,0.0,0.0,0.0,0.16666666666666666,0.06451612903225806,0.09302325581395349,0.8587899208068848,0.8385525941848755,0.8485506176948547,0.31183111667633057
The 'routes' command shows all registered routes with their endpoints and methods.,"Routes default to handling GET, along with HEAD. OPTIONS gets added automatically unless provide_automatic_options is turned off.",0.07692307692307691,0.16666666666666666,0.10526315789473684,0.12903225806451615,0.0,0.0,0.0,0.16666666666666666,0.10526315789473684,0.12903225806451615,0.8549717664718628,0.8441087603569031,0.849505603313446,0.450141042470932
The 'routes' command shows all registered routes with their endpoints and methods.,"A view's endpoint name comes from its function name unless you set one explicitly, and it automatically gets prefixed with the blueprint's name if it's registered through one.",0.09615384615384616,0.4166666666666667,0.16129032258064516,0.2325581395348837,0.0,0.0,0.0,0.16666666666666666,0.06451612903225806,0.09302325581395349,0.8720353245735168,0.836837649345398,0.8540740013122559,0.3606031537055969
The 'routes' command shows all registered routes with their endpoints and methods.,"If a view function has a required_methods attribute, Flask will always include those methods on the route, even if you explicitly set different ones in the route() call.",0.08012820512820513,0.3333333333333333,0.13793103448275862,0.1951219512195122,0.09090909090909091,0.03571428571428571,0.05128205128205127,0.25,0.10344827586206896,0.14634146341463414,0.8764235973358154,0.8608064651489258,0.86854487657547,0.3147938549518585
"The 'routes' command can sort routes by endpoint, methods, domain, or rule.","request, session, g, and current_app are all proxies tied to a context. They only work while the right app or request context is active.",0.10752688172043011,0.16666666666666666,0.08,0.10810810810810811,0.0,0.0,0.0,0.16666666666666666,0.08,0.10810810810810811,0.8604133129119873,0.853337287902832,0.8568606972694397,0.1609060913324356
"The 'routes' command can sort routes by endpoint, methods, domain, or rule.","Flask's session object doesn't notice when you mutate something in place, like appending to a list. You need to manually set session.modified = True when that happens.",0.032679738562091505,0.0,0.0,0.0,0.0,0.0,0.0,0.0,0.0,0.0,0.8517497181892395,0.8496114611625671,0.8506792187690735,-0.05425172299146652
"The 'routes' command can sort routes by endpoint, methods, domain, or rule.",Sessions are stored in a signed cookie that normally disappears when the browser closes. Setting permanent to True keeps it alive for as long as PERMANENT_SESSION_LIFETIME says.,0.053763440860215055,0.08333333333333333,0.034482758620689655,0.04878048780487805,0.0,0.0,0.0,0.08333333333333333,0.034482758620689655,0.04878048780487805,0.8406446576118469,0.8120521903038025,0.8261011242866516,0.007855545729398727
"The 'routes' command can sort routes by endpoint, methods, domain, or rule.","Trailing slashes matter for routing. A route defined with a trailing slash will redirect a request without one to the slash version, and a route without a trailing slash returns a 404 if someone requests it with one.",0.06459948320413438,0.25,0.07894736842105263,0.11999999999999998,0.0,0.0,0.0,0.16666666666666666,0.05263157894736842,0.08,0.8547810912132263,0.8340179920196533,0.8442718386650085,0.3300401270389557
"The 'routes' command can sort routes by endpoint, methods, domain, or rule.","If a route has a default value and also accepts POST, the version with the default should only handle GET, since a redirect can't carry form data along with it.",0.0925925925925926,0.25,0.0967741935483871,0.13953488372093023,0.0,0.0,0.0,0.16666666666666666,0.06451612903225806,0.09302325581395349,0.8575299382209778,0.8385460376739502,0.8479317426681519,0.31328362226486206
"The 'routes' command can sort routes by endpoint, methods, domain, or rule.","Routes default to handling GET, along with HEAD. OPTIONS gets added automatically unless provide_automatic_options is turned off.",0.07575757575757576,0.08333333333333333,0.05263157894736842,0.06451612903225808,0.0,0.0,0.0,0.08333333333333333,0.05263157894736842,0.06451612903225808,0.8575748205184937,0.8468667268753052,0.8521871566772461,0.44265812635421753
"The 'routes' command can sort routes by endpoint, methods, domain, or rule.","A view's endpoint name comes from its function name unless you set one explicitly, and it automatically gets prefixed with the blueprint's name if it's registered through one.",0.0634920634920635,0.16666666666666666,0.06451612903225806,0.09302325581395349,0.0,0.0,0.0,0.08333333333333333,0.03225806451612903,0.046511627906976744,0.8601133823394775,0.8286006450653076,0.8440630435943604,0.22665508091449738
"The 'routes' command can sort routes by endpoint, methods, domain, or rule.","If a view function has a required_methods attribute, Flask will always include those methods on the route, even if you explicitly set different ones in the route() call.",0.1111111111111111,0.3333333333333333,0.13793103448275862,0.1951219512195122,0.09090909090909091,0.03571428571428571,0.05128205128205127,0.25,0.10344827586206896,0.14634146341463414,0.8674410581588745,0.855608344078064,0.8614841103553772,0.2753182053565979
"If no routes are registered, a message indicating this is displayed.","request, session, g, and current_app are all proxies tied to a context. They only work while the right app or request context is active.",0.09124087591240876,0.2727272727272727,0.12,0.16666666666666666,0.0,0.0,0.0,0.2727272727272727,0.12,0.16666666666666666,0.8707336783409119,0.8366677761077881,0.8533608317375183,0.20994079113006592
"If no routes are registered, a message indicating this is displayed.","Flask's session object doesn't notice when you mutate something in place, like appending to a list. You need to manually set session.modified = True when that happens.",0.04983388704318937,0.09090909090909091,0.034482758620689655,0.05,0.0,0.0,0.0,0.09090909090909091,0.034482758620689655,0.05,0.8636384010314941,0.8377687931060791,0.8505069017410278,0.023051608353853226
"If no routes are registered, a message indicating this is displayed.",Sessions are stored in a signed cookie that normally disappears when the browser closes. Setting permanent to True keeps it alive for as long as PERMANENT_SESSION_LIFETIME says.,0.05474452554744526,0.18181818181818182,0.06896551724137931,0.1,0.0,0.0,0.0,0.18181818181818182,0.06896551724137931,0.1,0.8638355731964111,0.8001282811164856,0.8307623863220215,0.22577279806137085
"If no routes are registered, a message indicating this is displayed.","Trailing slashes matter for routing. A route defined with a trailing slash will redirect a request without one to the slash version, and a route without a trailing slash returns a 404 if someone requests it with one.",0.06544502617801047,0.2727272727272727,0.07894736842105263,0.12244897959183672,0.0,0.0,0.0,0.18181818181818182,0.05263157894736842,0.08163265306122448,0.878963053226471,0.8380677103996277,0.8580283522605896,0.3507031202316284
"If no routes are registered, a message indicating this is displayed.","If a route has a default value and also accepts POST, the version with the default should only handle GET, since a redirect can't carry form data along with it.",0.07836990595611285,0.2727272727272727,0.0967741935483871,0.14285714285714285,0.0,0.0,0.0,0.2727272727272727,0.0967741935483871,0.14285714285714285,0.8748639822006226,0.8376173973083496,0.8558356761932373,0.36486855149269104
"If no routes are registered, a message indicating this is displayed.","Routes default to handling GET, along with HEAD. OPTIONS gets added automatically unless provide_automatic_options is turned off.",0.10362694300518134,0.18181818181818182,0.10526315789473684,0.13333333333333333,0.0,0.0,0.0,0.18181818181818182,0.10526315789473684,0.13333333333333333,0.8629055619239807,0.8342666625976562,0.8483445048332214,0.4724336266517639
"If no routes are registered, a message indicating this is displayed.","A view's endpoint name comes from its function name unless you set one explicitly, and it automatically gets prefixed with the blueprint's name if it's registered through one.",0.08064516129032258,0.2727272727272727,0.0967741935483871,0.14285714285714285,0.0,0.0,0.0,0.18181818181818182,0.06451612903225806,0.09523809523809523,0.8727849721908569,0.8309504389762878,0.8513541221618652,0.3122186064720154
"If no routes are registered, a message indicating this is displayed.","If a view function has a required_methods attribute, Flask will always include those methods on the route, even if you explicitly set different ones in the route() call.",0.08064516129032258,0.2727272727272727,0.10344827586206896,0.15,0.0,0.0,0.0,0.18181818181818182,0.06896551724137931,0.1,0.8774318695068359,0.8425773978233337,0.8596514463424683,0.3129551410675049
The '--all-methods' option in the 'routes' command shows HEAD and OPTIONS methods.,"request, session, g, and current_app are all proxies tied to a context. They only work while the right app or request context is active.",0.053763440860215055,0.23076923076923078,0.12,0.15789473684210525,0.0,0.0,0.0,0.15384615384615385,0.08,0.10526315789473685,0.8510462045669556,0.8528926372528076,0.8519684672355652,0.17277054488658905
The '--all-methods' option in the 'routes' command shows HEAD and OPTIONS methods.,"Flask's session object doesn't notice when you mutate something in place, like appending to a list. You need to manually set session.modified = True when that happens.",0.032679738562091505,0.07692307692307693,0.034482758620689655,0.04761904761904762,0.0,0.0,0.0,0.07692307692307693,0.034482758620689655,0.04761904761904762,0.8479913473129272,0.8444960713386536,0.8462401032447815,-0.025670068338513374
The '--all-methods' option in the 'routes' command shows HEAD and OPTIONS methods.,Sessions are stored in a signed cookie that normally disappears when the browser closes. Setting permanent to True keeps it alive for as long as PERMANENT_SESSION_LIFETIME says.,0.053763440860215055,0.15384615384615385,0.06896551724137931,0.09523809523809525,0.0,0.0,0.0,0.15384615384615385,0.06896551724137931,0.09523809523809525,0.841350257396698,0.8140950202941895,0.827498197555542,0.08623424172401428
The '--all-methods' option in the 'routes' command shows HEAD and OPTIONS methods.,"Trailing slashes matter for routing. A route defined with a trailing slash will redirect a request without one to the slash version, and a route without a trailing slash returns a 404 if someone requests it with one.",0.0516795865633075,0.23076923076923078,0.07894736842105263,0.11764705882352941,0.0,0.0,0.0,0.15384615384615385,0.05263157894736842,0.0784313725490196,0.8439086675643921,0.8334219455718994,0.8386325240135193,0.26305335760116577
The '--all-methods' option in the 'routes' command shows HEAD and OPTIONS methods.,"If a route has a default value and also accepts POST, the version with the default should only handle GET, since a redirect can't carry form data along with it.",0.07716049382716049,0.3076923076923077,0.12903225806451613,0.18181818181818182,0.0,0.0,0.0,0.15384615384615385,0.06451612903225806,0.09090909090909091,0.8535642623901367,0.8392035365104675,0.8463229537010193,0.3260073661804199
The '--all-methods' option in the 'routes' command shows HEAD and OPTIONS methods.,"Routes default to handling GET, along with HEAD. OPTIONS gets added automatically unless provide_automatic_options is turned off.",0.10101010101010102,0.3076923076923077,0.21052631578947367,0.25,0.0,0.0,0.0,0.23076923076923078,0.15789473684210525,0.18749999999999997,0.8740160465240479,0.8634524941444397,0.8687021732330322,0.6500276327133179
The '--all-methods' option in the 'routes' command shows HEAD and OPTIONS methods.,"A view's endpoint name comes from its function name unless you set one explicitly, and it automatically gets prefixed with the blueprint's name if it's registered through one.",0.04761904761904762,0.15384615384615385,0.06451612903225806,0.09090909090909091,0.0,0.0,0.0,0.07692307692307693,0.03225806451612903,0.045454545454545456,0.8511017560958862,0.8235762119293213,0.8371127843856812,0.2888103425502777
The '--all-methods' option in the 'routes' command shows HEAD and OPTIONS methods.,"If a view function has a required_methods attribute, Flask will always include those methods on the route, even if you explicitly set different ones in the route() call.",0.1353615520282187,0.46153846153846156,0.20689655172413793,0.28571428571428575,0.16666666666666666,0.07142857142857142,0.1,0.3076923076923077,0.13793103448275862,0.1904761904761905,0.8777934312820435,0.8599198460578918,0.8687646389007568,0.4161321520805359
The '--exclude-patterns' option in the 'run' command specifies files that will not trigger a reload on change.,"request, session, g, and current_app are all proxies tied to a context. They only work while the right app or request context is active.",0.0704225352112676,0.1111111111111111,0.08,0.09302325581395349,0.0,0.0,0.0,0.05555555555555555,0.04,0.046511627906976744,0.854326605796814,0.8499853014945984,0.8521504402160645,0.11950714886188507
The '--exclude-patterns' option in the 'run' command specifies files that will not trigger a reload on change.,"Flask's session object doesn't notice when you mutate something in place, like appending to a list. You need to manually set session.modified = True when that happens.",0.06430868167202572,0.16666666666666666,0.10344827586206896,0.1276595744680851,0.0,0.0,0.0,0.1111111111111111,0.06896551724137931,0.0851063829787234,0.8605492115020752,0.8548560738563538,0.8576931953430176,0.15504583716392517
The '--exclude-patterns' option in the 'run' command specifies files that will not trigger a reload on change.,Sessions are stored in a signed cookie that normally disappears when the browser closes. Setting permanent to True keeps it alive for as long as PERMANENT_SESSION_LIFETIME says.,0.0880281690140845,0.2222222222222222,0.13793103448275862,0.1702127659574468,0.0,0.0,0.0,0.1111111111111111,0.06896551724137931,0.0851063829787234,0.8507220149040222,0.8235757350921631,0.8369287848472595,0.15303191542625427
The '--exclude-patterns' option in the 'run' command specifies files that will not trigger a reload on change.,"Trailing slashes matter for routing. A route defined with a trailing slash will redirect a request without one to the slash version, and a route without a trailing slash returns a 404 if someone requests it with one.",0.05102040816326531,0.16666666666666666,0.07894736842105263,0.10714285714285714,0.0,0.0,0.0,0.1111111111111111,0.05263157894736842,0.07142857142857142,0.846369206905365,0.8385125994682312,0.8424225449562073,0.05618686228990555
The '--exclude-patterns' option in the 'run' command specifies files that will not trigger a reload on change.,"If a route has a default value and also accepts POST, the version with the default should only handle GET, since a redirect can't carry form data along with it.",0.07598784194528875,0.16666666666666666,0.0967741935483871,0.12244897959183673,0.0,0.0,0.0,0.16666666666666666,0.0967741935483871,0.12244897959183673,0.8516528010368347,0.8469076752662659,0.8492735624313354,0.11726798117160797
The '--exclude-patterns' option in the 'run' command specifies files that will not trigger a reload on change.,"Routes default to handling GET, along with HEAD. OPTIONS gets added automatically unless provide_automatic_options is turned off.",0.07389162561576354,0.05555555555555555,0.05263157894736842,0.05405405405405406,0.0,0.0,0.0,0.05555555555555555,0.05263157894736842,0.05405405405405406,0.8482674956321716,0.8498446941375732,0.8490553498268127,0.1673801839351654
The '--exclude-patterns' option in the 'run' command specifies files that will not trigger a reload on change.,"A view's endpoint name comes from its function name unless you set one explicitly, and it automatically gets prefixed with the blueprint's name if it's registered through one.",0.0625,0.1111111111111111,0.06451612903225806,0.08163265306122448,0.0,0.0,0.0,0.05555555555555555,0.03225806451612903,0.04081632653061224,0.846489429473877,0.829792857170105,0.8380579948425293,0.05242137238383293
The '--exclude-patterns' option in the 'run' command specifies files that will not trigger a reload on change.,"If a view function has a required_methods attribute, Flask will always include those methods on the route, even if you explicitly set different ones in the route() call.",0.166259765625,0.3333333333333333,0.20689655172413793,0.2553191489361702,0.058823529411764705,0.03571428571428571,0.044444444444444446,0.16666666666666666,0.10344827586206896,0.1276595744680851,0.8684765100479126,0.862136721611023,0.8652949929237366,0.10769326984882355
The '--extra-files' option in the 'run' command specifies extra files that trigger a reload on change.,"request, session, g, and current_app are all proxies tied to a context. They only work while the right app or request context is active.",0.0706713780918728,0.11764705882352941,0.08,0.09523809523809526,0.0,0.0,0.0,0.058823529411764705,0.04,0.04761904761904763,0.8627046346664429,0.8489571809768677,0.8557757139205933,0.06901804357767105
The '--extra-files' option in the 'run' command specifies extra files that trigger a reload on change.,"Flask's session object doesn't notice when you mutate something in place, like appending to a list. You need to manually set session.modified = True when that happens.",0.06451612903225806,0.17647058823529413,0.10344827586206896,0.13043478260869565,0.0,0.0,0.0,0.11764705882352941,0.06896551724137931,0.08695652173913043,0.8632630109786987,0.8558673858642578,0.8595492839813232,0.17229820787906647
The '--extra-files' option in the 'run' command specifies extra files that trigger a reload on change.,Sessions are stored in a signed cookie that normally disappears when the browser closes. Setting permanent to True keeps it alive for as long as PERMANENT_SESSION_LIFETIME says.,0.088339222614841,0.23529411764705882,0.13793103448275862,0.17391304347826086,0.0,0.0,0.0,0.11764705882352941,0.06896551724137931,0.08695652173913043,0.8581128120422363,0.821857213973999,0.8395938277244568,0.16638922691345215
The '--extra-files' option in the 'run' command specifies extra files that trigger a reload on change.,"Trailing slashes matter for routing. A route defined with a trailing slash will redirect a request without one to the slash version, and a route without a trailing slash returns a 404 if someone requests it with one.",0.038363171355498715,0.11764705882352941,0.05263157894736842,0.07272727272727272,0.0,0.0,0.0,0.11764705882352941,0.05263157894736842,0.07272727272727272,0.8517987728118896,0.8388180136680603,0.8452585339546204,0.05028298497200012
The '--extra-files' option in the 'run' command specifies extra files that trigger a reload on change.,"If a route has a default value and also accepts POST, the version with the default should only handle GET, since a redirect can't carry form data along with it.",0.07621951219512196,0.17647058823529413,0.0967741935483871,0.125,0.0,0.0,0.0,0.17647058823529413,0.0967741935483871,0.125,0.8555877804756165,0.8437222242355347,0.8496135473251343,0.056367889046669006
The '--extra-files' option in the 'run' command specifies extra files that trigger a reload on change.,"Routes default to handling GET, along with HEAD. OPTIONS gets added automatically unless provide_automatic_options is turned off.",0.07425742574257424,0.058823529411764705,0.05263157894736842,0.05555555555555555,0.0,0.0,0.0,0.058823529411764705,0.05263157894736842,0.05555555555555555,0.8566217422485352,0.8473250269889832,0.8519480228424072,0.1357869803905487
The '--extra-files' option in the 'run' command specifies extra files that trigger a reload on change.,"A view's endpoint name comes from its function name unless you set one explicitly, and it automatically gets prefixed with the blueprint's name if it's registered through one.",0.06269592476489029,0.11764705882352941,0.06451612903225806,0.08333333333333333,0.0,0.0,0.0,0.058823529411764705,0.03225806451612903,0.041666666666666664,0.8560141324996948,0.8306479454040527,0.8431403040885925,0.08740970492362976
The '--extra-files' option in the 'run' command specifies extra files that trigger a reload on change.,"If a view function has a required_methods attribute, Flask will always include those methods on the route, even if you explicitly set different ones in the route() call.",0.15034226856886956,0.29411764705882354,0.1724137931034483,0.2173913043478261,0.0625,0.03571428571428571,0.045454545454545456,0.17647058823529413,0.10344827586206896,0.13043478260869565,0.8724051713943481,0.8605536222457886,0.8664388656616211,0.08896095305681229
The application must have a 'static_folder' set to serve static files.,"request, session, g, and current_app are all proxies tied to a context. They only work while the right app or request context is active.",0.07272727272727274,0.25,0.12,0.16216216216216217,0.0,0.0,0.0,0.08333333333333333,0.04,0.05405405405405406,0.8691895008087158,0.8496033549308777,0.8592848181724548,0.2383454442024231
The application must have a 'static_folder' set to serve static files.,"Flask's session object doesn't notice when you mutate something in place, like appending to a list. You need to manually set session.modified = True when that happens.",0.06622516556291391,0.25,0.10344827586206896,0.14634146341463414,0.0,0.0,0.0,0.16666666666666666,0.06896551724137931,0.0975609756097561,0.8624234199523926,0.8465195894241333,0.8543974757194519,0.15082943439483643
The application must have a 'static_folder' set to serve static files.,Sessions are stored in a signed cookie that normally disappears when the browser closes. Setting permanent to True keeps it alive for as long as PERMANENT_SESSION_LIFETIME says.,0.09090909090909093,0.3333333333333333,0.13793103448275862,0.1951219512195122,0.0,0.0,0.0,0.25,0.10344827586206896,0.14634146341463414,0.8619176745414734,0.8182661533355713,0.8395248055458069,0.07748235017061234
The application must have a 'static_folder' set to serve static files.,"Trailing slashes matter for routing. A route defined with a trailing slash will redirect a request without one to the slash version, and a route without a trailing slash returns a 404 if someone requests it with one.",0.05221932114882507,0.25,0.07894736842105263,0.11999999999999998,0.0,0.0,0.0,0.16666666666666666,0.05263157894736842,0.08,0.8426473736763,0.8277408480644226,0.8351276516914368,0.19757065176963806
The application must have a 'static_folder' set to serve static files.,"If a route has a default value and also accepts POST, the version with the default should only handle GET, since a redirect can't carry form data along with it.",0.0625,0.16666666666666666,0.06451612903225806,0.09302325581395349,0.0,0.0,0.0,0.16666666666666666,0.06451612903225806,0.09302325581395349,0.858122706413269,0.8398909568786621,0.8489089608192444,0.03824099898338318
The application must have a 'static_folder' set to serve static files.,"Routes default to handling GET, along with HEAD. OPTIONS gets added automatically unless provide_automatic_options is turned off.",0.07731958762886598,0.08333333333333333,0.05263157894736842,0.06451612903225808,0.0,0.0,0.0,0.08333333333333333,0.05263157894736842,0.06451612903225808,0.860173225402832,0.8527595400810242,0.8564503192901611,0.1369364708662033
The application must have a 'static_folder' set to serve static files.,"A view's endpoint name comes from its function name unless you set one explicitly, and it automatically gets prefixed with the blueprint's name if it's registered through one.",0.08038585209003216,0.25,0.0967741935483871,0.13953488372093023,0.0,0.0,0.0,0.16666666666666666,0.06451612903225806,0.09302325581395349,0.8537794947624207,0.8254959583282471,0.839399516582489,0.04190567880868912
The application must have a 'static_folder' set to serve static files.,"If a view function has a required_methods attribute, Flask will always include those methods on the route, even if you explicitly set different ones in the route() call.",0.06430868167202572,0.25,0.10344827586206896,0.14634146341463414,0.0,0.0,0.0,0.16666666666666666,0.06896551724137931,0.0975609756097561,0.8802720904350281,0.8503843545913696,0.8650701642036438,0.15015175938606262
The 'static_host' must be set when 'host_matching' is true.,"request, session, g, and current_app are all proxies tied to a context. They only work while the right app or request context is active.",0.05454545454545454,0.18181818181818182,0.08,0.1111111111111111,0.0,0.0,0.0,0.18181818181818182,0.08,0.1111111111111111,0.8654557466506958,0.8541275262832642,0.8597543239593506,0.22638729214668274
The 'static_host' must be set when 'host_matching' is true.,"Flask's session object doesn't notice when you mutate something in place, like appending to a list. You need to manually set session.modified = True when that happens.",0.06622516556291391,0.2727272727272727,0.10344827586206896,0.15,0.0,0.0,0.0,0.18181818181818182,0.06896551724137931,0.1,0.8686318397521973,0.8591365218162537,0.8638580441474915,0.1800299882888794
The 'static_host' must be set when 'host_matching' is true.,Sessions are stored in a signed cookie that normally disappears when the browser closes. Setting permanent to True keeps it alive for as long as PERMANENT_SESSION_LIFETIME says.,0.09090909090909093,0.36363636363636365,0.13793103448275862,0.2,0.0,0.0,0.0,0.2727272727272727,0.10344827586206896,0.15,0.8672956228256226,0.8305069804191589,0.8485027551651001,0.02319401130080223
The 'static_host' must be set when 'host_matching' is true.,"Trailing slashes matter for routing. A route defined with a trailing slash will redirect a request without one to the slash version, and a route without a trailing slash returns a 404 if someone requests it with one.",0.026109660574412535,0.09090909090909091,0.02631578947368421,0.04081632653061224,0.0,0.0,0.0,0.09090909090909091,0.02631578947368421,0.04081632653061224,0.831332802772522,0.8288953304290771,0.8301122784614563,0.10785917192697525
The 'static_host' must be set when 'host_matching' is true.,"If a route has a default value and also accepts POST, the version with the default should only handle GET, since a redirect can't carry form data along with it.",0.03125,0.09090909090909091,0.03225806451612903,0.047619047619047616,0.0,0.0,0.0,0.09090909090909091,0.03225806451612903,0.047619047619047616,0.8449975252151489,0.8365594148635864,0.8407573103904724,0.09799301624298096
The 'static_host' must be set when 'host_matching' is true.,"Routes default to handling GET, along with HEAD. OPTIONS gets added automatically unless provide_automatic_options is turned off.",0.05154639175257732,0.09090909090909091,0.05263157894736842,0.06666666666666667,0.0,0.0,0.0,0.09090909090909091,0.05263157894736842,0.06666666666666667,0.8596961498260498,0.859190821647644,0.8594434261322021,0.2337716519832611
The 'static_host' must be set when 'host_matching' is true.,"A view's endpoint name comes from its function name unless you set one explicitly, and it automatically gets prefixed with the blueprint's name if it's registered through one.",0.048231511254019296,0.18181818181818182,0.06451612903225806,0.09523809523809523,0.0,0.0,0.0,0.09090909090909091,0.03225806451612903,0.047619047619047616,0.8458729982376099,0.8345440626144409,0.8401703834533691,0.011086087673902512
The 'static_host' must be set when 'host_matching' is true.,"If a view function has a required_methods attribute, Flask will always include those methods on the route, even if you explicitly set different ones in the route() call.",0.048231511254019296,0.18181818181818182,0.06896551724137931,0.1,0.0,0.0,0.0,0.18181818181818182,0.06896551724137931,0.1,0.878120481967926,0.8528120517730713,0.8652812838554382,0.10276871919631958
"The 'mode' parameter for opening resources must be either 'r', 'rt', or 'rb'.","request, session, g, and current_app are all proxies tied to a context. They only work while the right app or request context is active.",0.08771929824561404,0.15384615384615385,0.08,0.10526315789473685,0.0,0.0,0.0,0.15384615384615385,0.08,0.10526315789473685,0.8419358730316162,0.8466431498527527,0.8442829251289368,0.2068558633327484
"The 'mode' parameter for opening resources must be either 'r', 'rt', or 'rb'.","Flask's session object doesn't notice when you mutate something in place, like appending to a list. You need to manually set session.modified = True when that happens.",0.032051282051282055,0.0,0.0,0.0,0.0,0.0,0.0,0.0,0.0,0.0,0.8275183439254761,0.8423383831977844,0.8348625302314758,0.05859937518835068
"The 'mode' parameter for opening resources must be either 'r', 'rt', or 'rb'.",Sessions are stored in a signed cookie that normally disappears when the browser closes. Setting permanent to True keeps it alive for as long as PERMANENT_SESSION_LIFETIME says.,0.052631578947368425,0.15384615384615385,0.06896551724137931,0.09523809523809525,0.0,0.0,0.0,0.15384615384615385,0.06896551724137931,0.09523809523809525,0.8211992979049683,0.8070074915885925,0.8140416145324707,-0.006159521639347076
"The 'mode' parameter for opening resources must be either 'r', 'rt', or 'rb'.","Trailing slashes matter for routing. A route defined with a trailing slash will redirect a request without one to the slash version, and a route without a trailing slash returns a 404 if someone requests it with one.",0.05089058524173028,0.15384615384615385,0.05263157894736842,0.0784313725490196,0.0,0.0,0.0,0.07692307692307693,0.02631578947368421,0.0392156862745098,0.8256430625915527,0.824999988079071,0.8253213763237,0.10486828535795212
"The 'mode' parameter for opening resources must be either 'r', 'rt', or 'rb'.","If a route has a default value and also accepts POST, the version with the default should only handle GET, since a redirect can't carry form data along with it.",0.060606060606060615,0.07692307692307693,0.03225806451612903,0.045454545454545456,0.0,0.0,0.0,0.07692307692307693,0.03225806451612903,0.045454545454545456,0.8254240155220032,0.8294447660446167,0.827429473400116,0.03601290285587311
"The 'mode' parameter for opening resources must be either 'r', 'rt', or 'rb'.","Routes default to handling GET, along with HEAD. OPTIONS gets added automatically unless provide_automatic_options is turned off.",0.04901960784313726,0.0,0.0,0.0,0.0,0.0,0.0,0.0,0.0,0.0,0.8295760154724121,0.8359037041664124,0.8327279090881348,0.24528555572032928
"The 'mode' parameter for opening resources must be either 'r', 'rt', or 'rb'.","A view's endpoint name comes from its function name unless you set one explicitly, and it automatically gets prefixed with the blueprint's name if it's registered through one.",0.04672897196261682,0.07692307692307693,0.03225806451612903,0.045454545454545456,0.0,0.0,0.0,0.07692307692307693,0.03225806451612903,0.045454545454545456,0.8299435377120972,0.8244960308074951,0.8272108435630798,0.1521768867969513
"The 'mode' parameter for opening resources must be either 'r', 'rt', or 'rb'.","If a view function has a required_methods attribute, Flask will always include those methods on the route, even if you explicitly set different ones in the route() call.",0.06230529595015576,0.07692307692307693,0.034482758620689655,0.04761904761904762,0.0,0.0,0.0,0.07692307692307693,0.034482758620689655,0.04761904761904762,0.832823634147644,0.8383535146713257,0.8355794548988342,0.0718788430094719
The 'max_age' for sending files defaults to 'SEND_FILE_MAX_AGE_DEFAULT' from the configuration.,"request, session, g, and current_app are all proxies tied to a context. They only work while the right app or request context is active.",0.05415162454873646,0.125,0.08,0.09756097560975609,0.0,0.0,0.0,0.125,0.08,0.09756097560975609,0.8430778980255127,0.8393751382827759,0.8412224650382996,0.12724700570106506
The 'max_age' for sending files defaults to 'SEND_FILE_MAX_AGE_DEFAULT' from the configuration.,"Flask's session object doesn't notice when you mutate something in place, like appending to a list. You need to manually set session.modified = True when that happens.",0.049342105263157895,0.0625,0.034482758620689655,0.044444444444444446,0.0,0.0,0.0,0.0625,0.034482758620689655,0.044444444444444446,0.8306030035018921,0.8453076481819153,0.8378907442092896,0.1825723946094513
The 'max_age' for sending files defaults to 'SEND_FILE_MAX_AGE_DEFAULT' from the configuration.,Sessions are stored in a signed cookie that normally disappears when the browser closes. Setting permanent to True keeps it alive for as long as PERMANENT_SESSION_LIFETIME says.,0.07220216606498195,0.1875,0.10344827586206896,0.13333333333333333,0.0,0.0,0.0,0.125,0.06896551724137931,0.08888888888888889,0.8605979681015015,0.8325611352920532,0.8463473916053772,0.19245284795761108
The 'max_age' for sending files defaults to 'SEND_FILE_MAX_AGE_DEFAULT' from the configuration.,"Trailing slashes matter for routing. A route defined with a trailing slash will redirect a request without one to the slash version, and a route without a trailing slash returns a 404 if someone requests it with one.",0.051948051948051945,0.1875,0.07894736842105263,0.11111111111111109,0.0,0.0,0.0,0.1875,0.07894736842105263,0.11111111111111109,0.8141647577285767,0.8262910842895508,0.8201830983161926,0.061428602784872055
The 'max_age' for sending files defaults to 'SEND_FILE_MAX_AGE_DEFAULT' from the configuration.,"If a route has a default value and also accepts POST, the version with the default should only handle GET, since a redirect can't carry form data along with it.",0.07763975155279504,0.25,0.12903225806451613,0.1702127659574468,0.0,0.0,0.0,0.125,0.06451612903225806,0.0851063829787234,0.8215851187705994,0.8358096480369568,0.8286363482475281,0.21972724795341492
The 'max_age' for sending files defaults to 'SEND_FILE_MAX_AGE_DEFAULT' from the configuration.,"Routes default to handling GET, along with HEAD. OPTIONS gets added automatically unless provide_automatic_options is turned off.",0.13038548752834464,0.125,0.10526315789473684,0.11428571428571428,0.06666666666666667,0.05555555555555555,0.0606060606060606,0.125,0.10526315789473684,0.11428571428571428,0.8525663614273071,0.8601822257041931,0.8563573956489563,0.2812851071357727
The 'max_age' for sending files defaults to 'SEND_FILE_MAX_AGE_DEFAULT' from the configuration.,"A view's endpoint name comes from its function name unless you set one explicitly, and it automatically gets prefixed with the blueprint's name if it's registered through one.",0.04792332268370606,0.125,0.06451612903225806,0.0851063829787234,0.0,0.0,0.0,0.125,0.06451612903225806,0.0851063829787234,0.8227975368499756,0.8238314390182495,0.8233141899108887,0.04168808460235596
The 'max_age' for sending files defaults to 'SEND_FILE_MAX_AGE_DEFAULT' from the configuration.,"If a view function has a required_methods attribute, Flask will always include those methods on the route, even if you explicitly set different ones in the route() call.",0.04792332268370606,0.125,0.06896551724137931,0.08888888888888889,0.0,0.0,0.0,0.125,0.06896551724137931,0.08888888888888889,0.8531591296195984,0.8403507471084595,0.8467065691947937,0.10128028690814972
"If 'SEND_FILE_MAX_AGE_DEFAULT' is None, the browser will use conditional requests instead of a timed cache.","request, session, g, and current_app are all proxies tied to a context. They only work while the right app or request context is active.",0.10714285714285714,0.21052631578947367,0.16,0.1818181818181818,0.0,0.0,0.0,0.10526315789473684,0.08,0.0909090909090909,0.8431286811828613,0.8506128787994385,0.8468542695045471,0.2721155285835266
"If 'SEND_FILE_MAX_AGE_DEFAULT' is None, the browser will use conditional requests instead of a timed cache.","Flask's session object doesn't notice when you mutate something in place, like appending to a list. You need to manually set session.modified = True when that happens.",0.048859934853420196,0.05263157894736842,0.034482758620689655,0.041666666666666664,0.0,0.0,0.0,0.05263157894736842,0.034482758620689655,0.041666666666666664,0.8317046165466309,0.8476588726043701,0.8396059274673462,0.25261080265045166
"If 'SEND_FILE_MAX_AGE_DEFAULT' is None, the browser will use conditional requests instead of a timed cache.",Sessions are stored in a signed cookie that normally disappears when the browser closes. Setting permanent to True keeps it alive for as long as PERMANENT_SESSION_LIFETIME says.,0.11272321428571427,0.15789473684210525,0.10344827586206896,0.125,0.05555555555555555,0.03571428571428571,0.043478260869565216,0.10526315789473684,0.06896551724137931,0.08333333333333333,0.8610646724700928,0.8396536111831665,0.8502243757247925,0.3381931185722351
"If 'SEND_FILE_MAX_AGE_DEFAULT' is None, the browser will use conditional requests instead of a timed cache.","Trailing slashes matter for routing. A route defined with a trailing slash will redirect a request without one to the slash version, and a route without a trailing slash returns a 404 if someone requests it with one.",0.09020618556701032,0.2631578947368421,0.13157894736842105,0.17543859649122803,0.0,0.0,0.0,0.15789473684210525,0.07894736842105263,0.10526315789473684,0.8177161812782288,0.8379795551300049,0.8277238607406616,0.1522224098443985
"If 'SEND_FILE_MAX_AGE_DEFAULT' is None, the browser will use conditional requests instead of a timed cache.","If a route has a default value and also accepts POST, the version with the default should only handle GET, since a redirect can't carry form data along with it.",0.07692307692307693,0.21052631578947367,0.12903225806451613,0.15999999999999998,0.0,0.0,0.0,0.21052631578947367,0.12903225806451613,0.15999999999999998,0.8302826881408691,0.8511576652526855,0.8405905961990356,0.3009987473487854
"If 'SEND_FILE_MAX_AGE_DEFAULT' is None, the browser will use conditional requests instead of a timed cache.","Routes default to handling GET, along with HEAD. OPTIONS gets added automatically unless provide_automatic_options is turned off.",0.07537688442211055,0.10526315789473684,0.10526315789473684,0.10526315789473684,0.0,0.0,0.0,0.10526315789473684,0.10526315789473684,0.10526315789473684,0.8413907885551453,0.853691577911377,0.847496509552002,0.3310765027999878
"If 'SEND_FILE_MAX_AGE_DEFAULT' is None, the browser will use conditional requests instead of a timed cache.","A view's endpoint name comes from its function name unless you set one explicitly, and it automatically gets prefixed with the blueprint's name if it's registered through one.",0.0949367088607595,0.15789473684210525,0.0967741935483871,0.12000000000000001,0.0,0.0,0.0,0.05263157894736842,0.03225806451612903,0.039999999999999994,0.8220829963684082,0.8282440900802612,0.8251520395278931,-0.01498256716877222
"If 'SEND_FILE_MAX_AGE_DEFAULT' is None, the browser will use conditional requests instead of a timed cache.","If a view function has a required_methods attribute, Flask will always include those methods on the route, even if you explicitly set different ones in the route() call.",0.1107594936708861,0.21052631578947367,0.13793103448275862,0.16666666666666666,0.0,0.0,0.0,0.10526315789473684,0.06896551724137931,0.08333333333333333,0.8582015633583069,0.8563202619552612,0.8572598695755005,0.16683407127857208
"The application must return a valid response from view functions, which cannot be None.","request, session, g, and current_app are all proxies tied to a context. They only work while the right app or request context is active.",0.08992805755395684,0.14285714285714285,0.08,0.10256410256410256,0.0,0.0,0.0,0.07142857142857142,0.04,0.05128205128205128,0.8753281235694885,0.8487436175346375,0.8618308901786804,0.1797570288181305
"The application must return a valid response from view functions, which cannot be None.","Flask's session object doesn't notice when you mutate something in place, like appending to a list. You need to manually set session.modified = True when that happens.",0.04918032786885246,0.07142857142857142,0.034482758620689655,0.046511627906976744,0.0,0.0,0.0,0.07142857142857142,0.034482758620689655,0.046511627906976744,0.8677390813827515,0.8460432887077332,0.8567538857460022,0.11718207597732544
"The application must return a valid response from view functions, which cannot be None.",Sessions are stored in a signed cookie that normally disappears when the browser closes. Setting permanent to True keeps it alive for as long as PERMANENT_SESSION_LIFETIME says.,0.0539568345323741,0.14285714285714285,0.06896551724137931,0.09302325581395349,0.0,0.0,0.0,0.07142857142857142,0.034482758620689655,0.046511627906976744,0.8653822541236877,0.8045548796653748,0.8338607549667358,0.061682239174842834
"The application must return a valid response from view functions, which cannot be None.","Trailing slashes matter for routing. A route defined with a trailing slash will redirect a request without one to the slash version, and a route without a trailing slash returns a 404 if someone requests it with one.",0.09637305699481864,0.21428571428571427,0.07894736842105263,0.11538461538461539,0.07692307692307693,0.02702702702702703,0.04,0.21428571428571427,0.07894736842105263,0.11538461538461539,0.8715830445289612,0.8305890560150146,0.8505924344062805,0.15442365407943726
"The application must return a valid response from view functions, which cannot be None.","If a route has a default value and also accepts POST, the version with the default should only handle GET, since a redirect can't carry form data along with it.",0.061919504643962855,0.14285714285714285,0.06451612903225806,0.08888888888888889,0.0,0.0,0.0,0.14285714285714285,0.06451612903225806,0.08888888888888889,0.8781557083129883,0.8422437906265259,0.8598249554634094,0.23824740946292877
"The application must return a valid response from view functions, which cannot be None.","Routes default to handling GET, along with HEAD. OPTIONS gets added automatically unless provide_automatic_options is turned off.",0.050761421319796954,0.0,0.0,0.0,0.0,0.0,0.0,0.0,0.0,0.0,0.8634948134422302,0.8379735946655273,0.8505427837371826,0.20656663179397583
"The application must return a valid response from view functions, which cannot be None.","A view's endpoint name comes from its function name unless you set one explicitly, and it automatically gets prefixed with the blueprint's name if it's registered through one.",0.11146496815286625,0.35714285714285715,0.16129032258064516,0.2222222222222222,0.0,0.0,0.0,0.21428571428571427,0.0967741935483871,0.13333333333333333,0.8830414414405823,0.8331680297851562,0.8573800921440125,0.3289879858493805
"The application must return a valid response from view functions, which cannot be None.","If a view function has a required_methods attribute, Flask will always include those methods on the route, even if you explicitly set different ones in the route() call.",0.13579263977353148,0.2857142857142857,0.13793103448275862,0.18604651162790697,0.07692307692307693,0.03571428571428571,0.04878048780487805,0.21428571428571427,0.10344827586206896,0.1395348837209302,0.8822593092918396,0.8522311449050903,0.8669853210449219,0.34283214807510376
"If the view function returns a tuple, it must have either two or three elements.","request, session, g, and current_app are all proxies tied to a context. They only work while the right app or request context is active.",0.1079136690647482,0.2,0.12,0.15,0.0,0.0,0.0,0.13333333333333333,0.08,0.1,0.8531270027160645,0.8368202447891235,0.8448948860168457,-0.07318881899118423
"If the view function returns a tuple, it must have either two or three elements.","Flask's session object doesn't notice when you mutate something in place, like appending to a list. You need to manually set session.modified = True when that happens.",0.04918032786885246,0.06666666666666667,0.034482758620689655,0.045454545454545456,0.0,0.0,0.0,0.06666666666666667,0.034482758620689655,0.045454545454545456,0.84698486328125,0.8376626968383789,0.8422979712486267,0.053460389375686646
"If the view function returns a tuple, it must have either two or three elements.",Sessions are stored in a signed cookie that normally disappears when the browser closes. Setting permanent to True keeps it alive for as long as PERMANENT_SESSION_LIFETIME says.,0.07194244604316546,0.2,0.10344827586206896,0.13636363636363635,0.0,0.0,0.0,0.13333333333333333,0.06896551724137931,0.09090909090909091,0.8385177850723267,0.8002859950065613,0.8189560174942017,-0.05762080103158951
"If the view function returns a tuple, it must have either two or three elements.","Trailing slashes matter for routing. A route defined with a trailing slash will redirect a request without one to the slash version, and a route without a trailing slash returns a 404 if someone requests it with one.",0.12424658982764089,0.3333333333333333,0.13157894736842105,0.18867924528301885,0.07142857142857142,0.02702702702702703,0.0392156862745098,0.26666666666666666,0.10526315789473684,0.1509433962264151,0.8478583097457886,0.8272700309753418,0.8374376893043518,0.01163255050778389
"If the view function returns a tuple, it must have either two or three elements.","If a route has a default value and also accepts POST, the version with the default should only handle GET, since a redirect can't carry form data along with it.",0.10835913312693497,0.26666666666666666,0.12903225806451613,0.17391304347826086,0.0,0.0,0.0,0.26666666666666666,0.12903225806451613,0.17391304347826086,0.8613267540931702,0.8392322063446045,0.8501359224319458,0.037334900349378586
"If the view function returns a tuple, it must have either two or three elements.","Routes default to handling GET, along with HEAD. OPTIONS gets added automatically unless provide_automatic_options is turned off.",0.07614213197969542,0.0,0.0,0.0,0.0,0.0,0.0,0.0,0.0,0.0,0.8363626003265381,0.8290131092071533,0.8326716423034668,0.09027595818042755
"If the view function returns a tuple, it must have either two or three elements.","A view's endpoint name comes from its function name unless you set one explicitly, and it automatically gets prefixed with the blueprint's name if it's registered through one.",0.14331210191082802,0.4,0.1935483870967742,0.26086956521739135,0.0,0.0,0.0,0.2,0.0967741935483871,0.13043478260869568,0.86287522315979,0.8349161148071289,0.8486654162406921,0.36213791370391846
"If the view function returns a tuple, it must have either two or three elements.","If a view function has a required_methods attribute, Flask will always include those methods on the route, even if you explicitly set different ones in the route() call.",0.15273625373716368,0.3333333333333333,0.1724137931034483,0.22727272727272724,0.07142857142857142,0.03571428571428571,0.047619047619047616,0.26666666666666666,0.13793103448275862,0.18181818181818182,0.8738940954208374,0.8548159599304199,0.8642497658729553,0.2998214364051819
The application will log exceptions if 'PROPAGATE_EXCEPTIONS' is False.,"request, session, g, and current_app are all proxies tied to a context. They only work while the right app or request context is active.",0.054945054945054944,0.2,0.08,0.11428571428571428,0.0,0.0,0.0,0.2,0.08,0.11428571428571428,0.8328399658203125,0.8502851128578186,0.8414721488952637,0.26554638147354126
The application will log exceptions if 'PROPAGATE_EXCEPTIONS' is False.,"Flask's session object doesn't notice when you mutate something in place, like appending to a list. You need to manually set session.modified = True when that happens.",0.016666666666666666,0.0,0.0,0.0,0.0,0.0,0.0,0.0,0.0,0.0,0.8444605469703674,0.8544893264770508,0.8494454026222229,0.07828863710165024
The application will log exceptions if 'PROPAGATE_EXCEPTIONS' is False.,Sessions are stored in a signed cookie that normally disappears when the browser closes. Setting permanent to True keeps it alive for as long as PERMANENT_SESSION_LIFETIME says.,0.03663003663003663,0.1,0.034482758620689655,0.05128205128205129,0.0,0.0,0.0,0.1,0.034482758620689655,0.05128205128205129,0.8583536744117737,0.8399901390075684,0.8490726351737976,0.062130339443683624
The application will log exceptions if 'PROPAGATE_EXCEPTIONS' is False.,"Trailing slashes matter for routing. A route defined with a trailing slash will redirect a request without one to the slash version, and a route without a trailing slash returns a 404 if someone requests it with one.",0.052493438320209966,0.3,0.07894736842105263,0.125,0.0,0.0,0.0,0.2,0.05263157894736842,0.08333333333333333,0.8231207728385925,0.8336291313171387,0.828341543674469,0.10381001234054565
The application will log exceptions if 'PROPAGATE_EXCEPTIONS' is False.,"If a route has a default value and also accepts POST, the version with the default should only handle GET, since a redirect can't carry form data along with it.",0.04716981132075472,0.2,0.06451612903225806,0.0975609756097561,0.0,0.0,0.0,0.1,0.03225806451612903,0.04878048780487805,0.8248484134674072,0.8353865742683411,0.8300840854644775,0.13644516468048096
The application will log exceptions if 'PROPAGATE_EXCEPTIONS' is False.,"Routes default to handling GET, along with HEAD. OPTIONS gets added automatically unless provide_automatic_options is turned off.",0.05208333333333333,0.1,0.05263157894736842,0.06896551724137931,0.0,0.0,0.0,0.1,0.05263157894736842,0.06896551724137931,0.8498038053512573,0.8674643635749817,0.8585432171821594,0.15060833096504211
The application will log exceptions if 'PROPAGATE_EXCEPTIONS' is False.,"A view's endpoint name comes from its function name unless you set one explicitly, and it automatically gets prefixed with the blueprint's name if it's registered through one.",0.04854368932038835,0.2,0.06451612903225806,0.0975609756097561,0.0,0.0,0.0,0.2,0.06451612903225806,0.0975609756097561,0.8242613673210144,0.8314526081085205,0.8278413414955139,0.14223748445510864
The application will log exceptions if 'PROPAGATE_EXCEPTIONS' is False.,"If a view function has a required_methods attribute, Flask will always include those methods on the route, even if you explicitly set different ones in the route() call.",0.06472491909385113,0.3,0.10344827586206896,0.15384615384615385,0.0,0.0,0.0,0.2,0.06896551724137931,0.10256410256410257,0.8567711114883423,0.8543109893798828,0.8555392622947693,0.15042586624622345
The application will raise a 'BadRequestKeyError' in debug mode if a key is missing from request data.,"request, session, g, and current_app are all proxies tied to a context. They only work while the right app or request context is active.",0.08896797153024912,0.23529411764705882,0.16,0.19047619047619052,0.0,0.0,0.0,0.11764705882352941,0.08,0.09523809523809526,0.8623329997062683,0.8547309637069702,0.8585151433944702,0.35513752698898315
The application will raise a 'BadRequestKeyError' in debug mode if a key is missing from request data.,"Flask's session object doesn't notice when you mutate something in place, like appending to a list. You need to manually set session.modified = True when that happens.",0.0487012987012987,0.11764705882352941,0.06896551724137931,0.08695652173913043,0.0,0.0,0.0,0.11764705882352941,0.06896551724137931,0.08695652173913043,0.8591777086257935,0.8583041429519653,0.8587406873703003,0.07135029882192612
The application will raise a 'BadRequestKeyError' in debug mode if a key is missing from request data.,Sessions are stored in a signed cookie that normally disappears when the browser closes. Setting permanent to True keeps it alive for as long as PERMANENT_SESSION_LIFETIME says.,0.07117437722419928,0.17647058823529413,0.10344827586206896,0.13043478260869565,0.0,0.0,0.0,0.11764705882352941,0.06896551724137931,0.08695652173913043,0.846290111541748,0.814551830291748,0.8301177024841309,0.09976432472467422
The application will raise a 'BadRequestKeyError' in debug mode if a key is missing from request data.,"Trailing slashes matter for routing. A route defined with a trailing slash will redirect a request without one to the slash version, and a route without a trailing slash returns a 404 if someone requests it with one.",0.08997429305912595,0.35294117647058826,0.15789473684210525,0.21818181818181817,0.0,0.0,0.0,0.23529411764705882,0.10526315789473684,0.14545454545454545,0.8646315336227417,0.8452971577644348,0.8548550605773926,0.2050420343875885
The application will raise a 'BadRequestKeyError' in debug mode if a key is missing from request data.,"If a route has a default value and also accepts POST, the version with the default should only handle GET, since a redirect can't carry form data along with it.",0.09202453987730061,0.29411764705882354,0.16129032258064516,0.20833333333333331,0.0625,0.03333333333333333,0.04347826086956522,0.17647058823529413,0.0967741935483871,0.125,0.8562257885932922,0.8487688302993774,0.852480947971344,0.2233932465314865
The application will raise a 'BadRequestKeyError' in debug mode if a key is missing from request data.,"Routes default to handling GET, along with HEAD. OPTIONS gets added automatically unless provide_automatic_options is turned off.",0.05000000000000001,0.058823529411764705,0.05263157894736842,0.05555555555555555,0.0,0.0,0.0,0.058823529411764705,0.05263157894736842,0.05555555555555555,0.8421829342842102,0.8419732451438904,0.8420780301094055,0.24892497062683105
The application will raise a 'BadRequestKeyError' in debug mode if a key is missing from request data.,"A view's endpoint name comes from its function name unless you set one explicitly, and it automatically gets prefixed with the blueprint's name if it's registered through one.",0.0946372239747634,0.23529411764705882,0.12903225806451613,0.16666666666666666,0.0,0.0,0.0,0.11764705882352941,0.06451612903225806,0.08333333333333333,0.8537364602088928,0.8388515710830688,0.8462285399436951,0.1380596160888672
The application will raise a 'BadRequestKeyError' in debug mode if a key is missing from request data.,"If a view function has a required_methods attribute, Flask will always include those methods on the route, even if you explicitly set different ones in the route() call.",0.11041009463722397,0.35294117647058826,0.20689655172413793,0.2608695652173913,0.0625,0.03571428571428571,0.045454545454545456,0.11764705882352941,0.06896551724137931,0.08695652173913043,0.8632854223251343,0.8560911417007446,0.8596732020378113,0.1811317503452301
The application will send a 'got_request_exception' signal whenever an exception occurs.,"request, session, g, and current_app are all proxies tied to a context. They only work while the right app or request context is active.",0.05454545454545454,0.23076923076923078,0.12,0.15789473684210525,0.0,0.0,0.0,0.15384615384615385,0.08,0.10526315789473685,0.8711048364639282,0.8612489700317383,0.866148829460144,0.31996285915374756
The application will send a 'got_request_exception' signal whenever an exception occurs.,"Flask's session object doesn't notice when you mutate something in place, like appending to a list. You need to manually set session.modified = True when that happens.",0.10451158940397352,0.07692307692307693,0.034482758620689655,0.04761904761904762,0.0,0.0,0.0,0.07692307692307693,0.034482758620689655,0.04761904761904762,0.8648756742477417,0.8577364683151245,0.8612912893295288,0.0898849219083786
The application will send a 'got_request_exception' signal whenever an exception occurs.,Sessions are stored in a signed cookie that normally disappears when the browser closes. Setting permanent to True keeps it alive for as long as PERMANENT_SESSION_LIFETIME says.,0.07272727272727274,0.15384615384615385,0.06896551724137931,0.09523809523809525,0.0,0.0,0.0,0.07692307692307693,0.034482758620689655,0.04761904761904762,0.8640118837356567,0.8227797150611877,0.8428918123245239,0.16741439700126648
The application will send a 'got_request_exception' signal whenever an exception occurs.,"Trailing slashes matter for routing. A route defined with a trailing slash will redirect a request without one to the slash version, and a route without a trailing slash returns a 404 if someone requests it with one.",0.05221932114882507,0.3076923076923077,0.10526315789473684,0.1568627450980392,0.0,0.0,0.0,0.23076923076923078,0.07894736842105263,0.11764705882352941,0.8494651317596436,0.83397376537323,0.8416482210159302,0.07443860918283463
The application will send a 'got_request_exception' signal whenever an exception occurs.,"If a route has a default value and also accepts POST, the version with the default should only handle GET, since a redirect can't carry form data along with it.",0.0625,0.15384615384615385,0.06451612903225806,0.09090909090909091,0.0,0.0,0.0,0.15384615384615385,0.06451612903225806,0.09090909090909091,0.8425588607788086,0.8368357419967651,0.8396875262260437,0.17399676144123077
The application will send a 'got_request_exception' signal whenever an exception occurs.,"Routes default to handling GET, along with HEAD. OPTIONS gets added automatically unless provide_automatic_options is turned off.",0.02577319587628866,0.0,0.0,0.0,0.0,0.0,0.0,0.0,0.0,0.0,0.861730694770813,0.853158175945282,0.8574230670928955,0.2653837203979492
The application will send a 'got_request_exception' signal whenever an exception occurs.,"A view's endpoint name comes from its function name unless you set one explicitly, and it automatically gets prefixed with the blueprint's name if it's registered through one.",0.06430868167202572,0.15384615384615385,0.06451612903225806,0.09090909090909091,0.0,0.0,0.0,0.07692307692307693,0.03225806451612903,0.045454545454545456,0.8454267978668213,0.8247324824333191,0.8349514007568359,0.07701002061367035
The application will send a 'got_request_exception' signal whenever an exception occurs.,"If a view function has a required_methods attribute, Flask will always include those methods on the route, even if you explicitly set different ones in the route() call.",0.06430868167202572,0.23076923076923078,0.10344827586206896,0.14285714285714288,0.0,0.0,0.0,0.07692307692307693,0.034482758620689655,0.04761904761904762,0.8772553205490112,0.8492385149002075,0.863019585609436,0.1539577841758728
The application will call all registered teardown functions after a request is processed.,"request, session, g, and current_app are all proxies tied to a context. They only work while the right app or request context is active.",0.1272727272727273,0.38461538461538464,0.2,0.2631578947368421,0.0,0.0,0.0,0.3076923076923077,0.16,0.2105263157894737,0.8765418529510498,0.8539062142372131,0.8650760650634766,0.2934950888156891
The application will call all registered teardown functions after a request is processed.,"Flask's session object doesn't notice when you mutate something in place, like appending to a list. You need to manually set session.modified = True when that happens.",0.033112582781456956,0.07692307692307693,0.034482758620689655,0.04761904761904762,0.0,0.0,0.0,0.07692307692307693,0.034482758620689655,0.04761904761904762,0.8652293682098389,0.8511883616447449,0.858151376247406,0.029849445447325706
The application will call all registered teardown functions after a request is processed.,Sessions are stored in a signed cookie that normally disappears when the browser closes. Setting permanent to True keeps it alive for as long as PERMANENT_SESSION_LIFETIME says.,0.05454545454545454,0.15384615384615385,0.06896551724137931,0.09523809523809525,0.0,0.0,0.0,0.07692307692307693,0.034482758620689655,0.04761904761904762,0.8610206842422485,0.8142082095146179,0.8369604349136353,0.19551624357700348
The application will call all registered teardown functions after a request is processed.,"Trailing slashes matter for routing. A route defined with a trailing slash will redirect a request without one to the slash version, and a route without a trailing slash returns a 404 if someone requests it with one.",0.06527415143603132,0.3076923076923077,0.10526315789473684,0.1568627450980392,0.08333333333333333,0.02702702702702703,0.04081632653061225,0.23076923076923078,0.07894736842105263,0.11764705882352941,0.8669285774230957,0.8349947929382324,0.8506620526313782,0.024142876267433167
The application will call all registered teardown functions after a request is processed.,"If a route has a default value and also accepts POST, the version with the default should only handle GET, since a redirect can't carry form data along with it.",0.046875,0.15384615384615385,0.06451612903225806,0.09090909090909091,0.0,0.0,0.0,0.15384615384615385,0.06451612903225806,0.09090909090909091,0.8622746467590332,0.8403221964836121,0.8511568307876587,0.023199278861284256
The application will call all registered teardown functions after a request is processed.,"Routes default to handling GET, along with HEAD. OPTIONS gets added automatically unless provide_automatic_options is turned off.",0.05154639175257732,0.07692307692307693,0.05263157894736842,0.0625,0.0,0.0,0.0,0.07692307692307693,0.05263157894736842,0.0625,0.8572397232055664,0.8401986956596375,0.8486336469650269,0.1613597869873047
The application will call all registered teardown functions after a request is processed.,"A view's endpoint name comes from its function name unless you set one explicitly, and it automatically gets prefixed with the blueprint's name if it's registered through one.",0.09646302250803859,0.3076923076923077,0.12903225806451613,0.18181818181818182,0.0,0.0,0.0,0.15384615384615385,0.06451612903225806,0.09090909090909091,0.8687654733657837,0.8314009308815002,0.8496726155281067,0.28604358434677124
The application will call all registered teardown functions after a request is processed.,"If a view function has a required_methods attribute, Flask will always include those methods on the route, even if you explicitly set different ones in the route() call.",0.09646302250803859,0.38461538461538464,0.1724137931034483,0.23809523809523808,0.0,0.0,0.0,0.15384615384615385,0.06896551724137931,0.09523809523809525,0.8718006610870361,0.8498747944831848,0.8606981039047241,0.17135202884674072
The application will not allow the return value from a view function to be None.,"request, session, g, and current_app are all proxies tied to a context. They only work while the right app or request context is active.",0.09025270758122744,0.2,0.12,0.15,0.0,0.0,0.0,0.06666666666666667,0.04,0.05,0.8616610765457153,0.8455710411071777,0.8535402417182922,0.04598796367645264
The application will not allow the return value from a view function to be None.,"Flask's session object doesn't notice when you mutate something in place, like appending to a list. You need to manually set session.modified = True when that happens.",0.049342105263157895,0.13333333333333333,0.06896551724137931,0.09090909090909091,0.0,0.0,0.0,0.13333333333333333,0.06896551724137931,0.09090909090909091,0.8650993704795837,0.8537424206733704,0.8593833446502686,0.1315002292394638
The application will not allow the return value from a view function to be None.,Sessions are stored in a signed cookie that normally disappears when the browser closes. Setting permanent to True keeps it alive for as long as PERMANENT_SESSION_LIFETIME says.,0.07220216606498195,0.2,0.10344827586206896,0.13636363636363635,0.0,0.0,0.0,0.13333333333333333,0.06896551724137931,0.09090909090909091,0.8539541959762573,0.8053447008132935,0.8289374709129333,0.10443851351737976
The application will not allow the return value from a view function to be None.,"Trailing slashes matter for routing. A route defined with a trailing slash will redirect a request without one to the slash version, and a route without a trailing slash returns a 404 if someone requests it with one.",0.0779220779220779,0.3333333333333333,0.13157894736842105,0.18867924528301885,0.0,0.0,0.0,0.26666666666666666,0.10526315789473684,0.1509433962264151,0.8590097427368164,0.8329576253890991,0.8457831144332886,0.12434584647417068
The application will not allow the return value from a view function to be None.,"If a route has a default value and also accepts POST, the version with the default should only handle GET, since a redirect can't carry form data along with it.",0.07763975155279504,0.26666666666666666,0.12903225806451613,0.17391304347826086,0.0,0.0,0.0,0.2,0.0967741935483871,0.13043478260869568,0.8726255297660828,0.8511667251586914,0.861762523651123,0.2443724125623703
The application will not allow the return value from a view function to be None.,"Routes default to handling GET, along with HEAD. OPTIONS gets added automatically unless provide_automatic_options is turned off.",0.05102040816326531,0.06666666666666667,0.05263157894736842,0.058823529411764705,0.0,0.0,0.0,0.06666666666666667,0.05263157894736842,0.058823529411764705,0.8478787541389465,0.8368496298789978,0.8423281311988831,0.15821698307991028
The application will not allow the return value from a view function to be None.,"A view's endpoint name comes from its function name unless you set one explicitly, and it automatically gets prefixed with the blueprint's name if it's registered through one.",0.1362264820731274,0.3333333333333333,0.16129032258064516,0.21739130434782605,0.07142857142857142,0.03333333333333333,0.045454545454545456,0.2,0.0967741935483871,0.13043478260869568,0.8747566342353821,0.8385484218597412,0.8562699556350708,0.3294653296470642
The application will not allow the return value from a view function to be None.,"If a view function has a required_methods attribute, Flask will always include those methods on the route, even if you explicitly set different ones in the route() call.",0.1532242289887201,0.4,0.20689655172413793,0.2727272727272727,0.14285714285714285,0.07142857142857142,0.09523809523809523,0.2,0.10344827586206896,0.13636363636363635,0.8786076307296753,0.8609960675239563,0.8697126507759094,0.32902294397354126
The application will use 'TEMPLATES_AUTO_RELOAD' configuration to set the auto-reload behavior for Jinja templates.,"request, session, g, and current_app are all proxies tied to a context. They only work while the right app or request context is active.",0.0539568345323741,0.11764705882352941,0.08,0.09523809523809526,0.0,0.0,0.0,0.11764705882352941,0.08,0.09523809523809526,0.8413358926773071,0.8520380854606628,0.8466532230377197,0.200161412358284
The application will use 'TEMPLATES_AUTO_RELOAD' configuration to set the auto-reload behavior for Jinja templates.,"Flask's session object doesn't notice when you mutate something in place, like appending to a list. You need to manually set session.modified = True when that happens.",0.04918032786885246,0.11764705882352941,0.06896551724137931,0.08695652173913043,0.0,0.0,0.0,0.11764705882352941,0.06896551724137931,0.08695652173913043,0.841604471206665,0.8529295325279236,0.8472291231155396,0.2695852816104889
The application will use 'TEMPLATES_AUTO_RELOAD' configuration to set the auto-reload behavior for Jinja templates.,Sessions are stored in a signed cookie that normally disappears when the browser closes. Setting permanent to True keeps it alive for as long as PERMANENT_SESSION_LIFETIME says.,0.08992805755395684,0.23529411764705882,0.13793103448275862,0.17391304347826086,0.0,0.0,0.0,0.17647058823529413,0.10344827586206896,0.13043478260869565,0.8532181978225708,0.8310307264328003,0.8419783115386963,0.19856807589530945
The application will use 'TEMPLATES_AUTO_RELOAD' configuration to set the auto-reload behavior for Jinja templates.,"Trailing slashes matter for routing. A route defined with a trailing slash will redirect a request without one to the slash version, and a route without a trailing slash returns a 404 if someone requests it with one.",0.06476683937823834,0.23529411764705882,0.10526315789473684,0.14545454545454545,0.0,0.0,0.0,0.17647058823529413,0.07894736842105263,0.10909090909090909,0.8282011151313782,0.8299155831336975,0.829057514667511,0.09260903298854828
The application will use 'TEMPLATES_AUTO_RELOAD' configuration to set the auto-reload behavior for Jinja templates.,"If a route has a default value and also accepts POST, the version with the default should only handle GET, since a redirect can't carry form data along with it.",0.04643962848297214,0.11764705882352941,0.06451612903225806,0.08333333333333333,0.0,0.0,0.0,0.11764705882352941,0.06451612903225806,0.08333333333333333,0.8287836313247681,0.8394166827201843,0.8340662717819214,0.1444152444601059
The application will use 'TEMPLATES_AUTO_RELOAD' configuration to set the auto-reload behavior for Jinja templates.,"Routes default to handling GET, along with HEAD. OPTIONS gets added automatically unless provide_automatic_options is turned off.",0.050761421319796954,0.058823529411764705,0.05263157894736842,0.05555555555555555,0.0,0.0,0.0,0.058823529411764705,0.05263157894736842,0.05555555555555555,0.8472174406051636,0.8639212846755981,0.8554878234863281,0.27293744683265686
The application will use 'TEMPLATES_AUTO_RELOAD' configuration to set the auto-reload behavior for Jinja templates.,"A view's endpoint name comes from its function name unless you set one explicitly, and it automatically gets prefixed with the blueprint's name if it's registered through one.",0.06369426751592357,0.11764705882352941,0.06451612903225806,0.08333333333333333,0.0,0.0,0.0,0.11764705882352941,0.06451612903225806,0.08333333333333333,0.8363720774650574,0.8358728885650635,0.8361223936080933,0.12738695740699768
The application will use 'TEMPLATES_AUTO_RELOAD' configuration to set the auto-reload behavior for Jinja templates.,"If a view function has a required_methods attribute, Flask will always include those methods on the route, even if you explicitly set different ones in the route() call.",0.09554140127388534,0.23529411764705882,0.13793103448275862,0.17391304347826086,0.0,0.0,0.0,0.17647058823529413,0.10344827586206896,0.13043478260869565,0.8587672710418701,0.855515718460083,0.8571383953094482,0.21074655652046204
The application will use 'SERVER_NAME' to determine the host for URL generation when not in an active request.,"request, session, g, and current_app are all proxies tied to a context. They only work while the right app or request context is active.",0.08865248226950355,0.21052631578947367,0.16,0.1818181818181818,0.0,0.0,0.0,0.15789473684210525,0.12,0.13636363636363635,0.8695640563964844,0.8635126948356628,0.8665277361869812,0.4287263751029968
The application will use 'SERVER_NAME' to determine the host for URL generation when not in an active request.,"Flask's session object doesn't notice when you mutate something in place, like appending to a list. You need to manually set session.modified = True when that happens.",0.06472491909385113,0.15789473684210525,0.10344827586206896,0.125,0.0,0.0,0.0,0.10526315789473684,0.06896551724137931,0.08333333333333333,0.8612222671508789,0.8521515130996704,0.8566628694534302,0.0541049987077713
The application will use 'SERVER_NAME' to determine the host for URL generation when not in an active request.,Sessions are stored in a signed cookie that normally disappears when the browser closes. Setting permanent to True keeps it alive for as long as PERMANENT_SESSION_LIFETIME says.,0.10638297872340427,0.2631578947368421,0.1724137931034483,0.20833333333333334,0.0,0.0,0.0,0.15789473684210525,0.10344827586206896,0.125,0.8596282005310059,0.827528715133667,0.8432731032371521,0.21605318784713745
The application will use 'SERVER_NAME' to determine the host for URL generation when not in an active request.,"Trailing slashes matter for routing. A route defined with a trailing slash will redirect a request without one to the slash version, and a route without a trailing slash returns a 404 if someone requests it with one.",0.07692307692307691,0.2631578947368421,0.13157894736842105,0.17543859649122803,0.0,0.0,0.0,0.21052631578947367,0.10526315789473684,0.14035087719298245,0.8540474772453308,0.837801992893219,0.8458467721939087,0.26735687255859375
The application will use 'SERVER_NAME' to determine the host for URL generation when not in an active request.,"If a route has a default value and also accepts POST, the version with the default should only handle GET, since a redirect can't carry form data along with it.",0.04587155963302753,0.10526315789473684,0.06451612903225806,0.07999999999999999,0.0,0.0,0.0,0.10526315789473684,0.06451612903225806,0.07999999999999999,0.8533930778503418,0.8443924188613892,0.8488689064979553,0.2772243022918701
The application will use 'SERVER_NAME' to determine the host for URL generation when not in an active request.,"Routes default to handling GET, along with HEAD. OPTIONS gets added automatically unless provide_automatic_options is turned off.",0.04975124378109454,0.05263157894736842,0.05263157894736842,0.05263157894736842,0.0,0.0,0.0,0.05263157894736842,0.05263157894736842,0.05263157894736842,0.8510575890541077,0.8557413816452026,0.853393018245697,0.3322092592716217
The application will use 'SERVER_NAME' to determine the host for URL generation when not in an active request.,"A view's endpoint name comes from its function name unless you set one explicitly, and it automatically gets prefixed with the blueprint's name if it's registered through one.",0.04716981132075472,0.10526315789473684,0.06451612903225806,0.07999999999999999,0.0,0.0,0.0,0.10526315789473684,0.06451612903225806,0.07999999999999999,0.8622663021087646,0.8428702354431152,0.8524580001831055,0.19664764404296875
The application will use 'SERVER_NAME' to determine the host for URL generation when not in an active request.,"If a view function has a required_methods attribute, Flask will always include those methods on the route, even if you explicitly set different ones in the route() call.",0.09433962264150944,0.21052631578947367,0.13793103448275862,0.16666666666666666,0.0,0.0,0.0,0.15789473684210525,0.10344827586206896,0.125,0.8687655329704285,0.8553873300552368,0.8620245456695557,0.10805517435073853
The application will raise a 'RuntimeError' if 'SERVER_NAME' is not configured when generating URLs outside an active request.,"request, session, g, and current_app are all proxies tied to a context. They only work while the right app or request context is active.",0.10563380281690139,0.2631578947368421,0.2,0.22727272727272727,0.0,0.0,0.0,0.15789473684210525,0.12,0.13636363636363635,0.8594850301742554,0.8598331212997437,0.8596590161323547,0.4510807991027832
The application will raise a 'RuntimeError' if 'SERVER_NAME' is not configured when generating URLs outside an active request.,"Flask's session object doesn't notice when you mutate something in place, like appending to a list. You need to manually set session.modified = True when that happens.",0.04823151125401928,0.10526315789473684,0.06896551724137931,0.08333333333333333,0.0,0.0,0.0,0.10526315789473684,0.06896551724137931,0.08333333333333333,0.857749342918396,0.8568176627159119,0.8572832942008972,0.19231168925762177
The application will raise a 'RuntimeError' if 'SERVER_NAME' is not configured when generating URLs outside an active request.,Sessions are stored in a signed cookie that normally disappears when the browser closes. Setting permanent to True keeps it alive for as long as PERMANENT_SESSION_LIFETIME says.,0.0704225352112676,0.15789473684210525,0.10344827586206896,0.125,0.0,0.0,0.0,0.10526315789473684,0.06896551724137931,0.08333333333333333,0.8490069508552551,0.8278431296348572,0.8382914662361145,0.20144778490066528
The application will raise a 'RuntimeError' if 'SERVER_NAME' is not configured when generating URLs outside an active request.,"Trailing slashes matter for routing. A route defined with a trailing slash will redirect a request without one to the slash version, and a route without a trailing slash returns a 404 if someone requests it with one.",0.07653061224489796,0.2631578947368421,0.13157894736842105,0.17543859649122803,0.0,0.0,0.0,0.21052631578947367,0.10526315789473684,0.14035087719298245,0.8572417497634888,0.8434919714927673,0.850311279296875,0.3246524930000305
The application will raise a 'RuntimeError' if 'SERVER_NAME' is not configured when generating URLs outside an active request.,"If a route has a default value and also accepts POST, the version with the default should only handle GET, since a redirect can't carry form data along with it.",0.060790273556231,0.15789473684210525,0.0967741935483871,0.12000000000000001,0.0,0.0,0.0,0.10526315789473684,0.06451612903225806,0.07999999999999999,0.850356936454773,0.84089195728302,0.8455979824066162,0.32204732298851013
The application will raise a 'RuntimeError' if 'SERVER_NAME' is not configured when generating URLs outside an active request.,"Routes default to handling GET, along with HEAD. OPTIONS gets added automatically unless provide_automatic_options is turned off.",0.04926108374384237,0.05263157894736842,0.05263157894736842,0.05263157894736842,0.0,0.0,0.0,0.05263157894736842,0.05263157894736842,0.05263157894736842,0.8436130285263062,0.8571149706840515,0.8503104448318481,0.38429439067840576
The application will raise a 'RuntimeError' if 'SERVER_NAME' is not configured when generating URLs outside an active request.,"A view's endpoint name comes from its function name unless you set one explicitly, and it automatically gets prefixed with the blueprint's name if it's registered through one.",0.0625,0.21052631578947367,0.12903225806451613,0.15999999999999998,0.0,0.0,0.0,0.10526315789473684,0.06451612903225806,0.07999999999999999,0.8524501919746399,0.8401310443878174,0.8462458252906799,0.1915070116519928
The application will raise a 'RuntimeError' if 'SERVER_NAME' is not configured when generating URLs outside an active request.,"If a view function has a required_methods attribute, Flask will always include those methods on the route, even if you explicitly set different ones in the route() call.",0.078125,0.21052631578947367,0.13793103448275862,0.16666666666666666,0.0,0.0,0.0,0.10526315789473684,0.06896551724137931,0.08333333333333333,0.8682485818862915,0.8576816916465759,0.8629328608512878,0.24625402688980103
The application will call 'process_response' to modify the response object before sending it to the WSGI server.,"request, session, g, and current_app are all proxies tied to a context. They only work while the right app or request context is active.",0.05338078291814947,0.1111111111111111,0.08,0.09302325581395349,0.0,0.0,0.0,0.1111111111111111,0.08,0.09302325581395349,0.8668601512908936,0.8562816381454468,0.8615384101867676,0.3313969373703003
The application will call 'process_response' to modify the response object before sending it to the WSGI server.,"Flask's session object doesn't notice when you mutate something in place, like appending to a list. You need to manually set session.modified = True when that happens.",0.08116883116883117,0.2222222222222222,0.13793103448275862,0.1702127659574468,0.0,0.0,0.0,0.1111111111111111,0.06896551724137931,0.0851063829787234,0.8696804046630859,0.8618290424346924,0.8657369017601013,0.3699970841407776
The application will call 'process_response' to modify the response object before sending it to the WSGI server.,Sessions are stored in a signed cookie that normally disappears when the browser closes. Setting permanent to True keeps it alive for as long as PERMANENT_SESSION_LIFETIME says.,0.07117437722419928,0.16666666666666666,0.10344827586206896,0.1276595744680851,0.0,0.0,0.0,0.16666666666666666,0.10344827586206896,0.1276595744680851,0.8602321147918701,0.8243429064750671,0.8419051766395569,0.1289389431476593
The application will call 'process_response' to modify the response object before sending it to the WSGI server.,"Trailing slashes matter for routing. A route defined with a trailing slash will redirect a request without one to the slash version, and a route without a trailing slash returns a 404 if someone requests it with one.",0.09562982005141388,0.2222222222222222,0.10526315789473684,0.14285714285714285,0.058823529411764705,0.02702702702702703,0.03703703703703704,0.2222222222222222,0.10526315789473684,0.14285714285714285,0.8518270254135132,0.8347674012184143,0.8432109355926514,0.0867159366607666
The application will call 'process_response' to modify the response object before sending it to the WSGI server.,"If a route has a default value and also accepts POST, the version with the default should only handle GET, since a redirect can't carry form data along with it.",0.07668711656441718,0.16666666666666666,0.0967741935483871,0.12244897959183673,0.0,0.0,0.0,0.16666666666666666,0.0967741935483871,0.12244897959183673,0.8527756929397583,0.8418432474136353,0.8472741842269897,0.14452965557575226
The application will call 'process_response' to modify the response object before sending it to the WSGI server.,"Routes default to handling GET, along with HEAD. OPTIONS gets added automatically unless provide_automatic_options is turned off.",0.05000000000000001,0.05555555555555555,0.05263157894736842,0.05405405405405406,0.0,0.0,0.0,0.05555555555555555,0.05263157894736842,0.05405405405405406,0.8533809185028076,0.8531023263931274,0.8532416224479675,0.2467050850391388
The application will call 'process_response' to modify the response object before sending it to the WSGI server.,"A view's endpoint name comes from its function name unless you set one explicitly, and it automatically gets prefixed with the blueprint's name if it's registered through one.",0.06309148264984228,0.1111111111111111,0.06451612903225806,0.08163265306122448,0.0,0.0,0.0,0.1111111111111111,0.06451612903225806,0.08163265306122448,0.8588658571243286,0.8359944820404053,0.8472757935523987,0.09376213699579239
The application will call 'process_response' to modify the response object before sending it to the WSGI server.,"If a view function has a required_methods attribute, Flask will always include those methods on the route, even if you explicitly set different ones in the route() call.",0.07886435331230285,0.2222222222222222,0.13793103448275862,0.1702127659574468,0.0,0.0,0.0,0.16666666666666666,0.10344827586206896,0.1276595744680851,0.8743529915809631,0.8609753251075745,0.8676126003265381,0.2669277489185333
The application will call 'make_response' to convert the return value from a view function into a response object.,"request, session, g, and current_app are all proxies tied to a context. They only work while the right app or request context is active.",0.08865248226950355,0.15789473684210525,0.12,0.13636363636363635,0.0,0.0,0.0,0.10526315789473684,0.08,0.0909090909090909,0.8657305240631104,0.856568455696106,0.8611251711845398,0.15565021336078644
The application will call 'make_response' to convert the return value from a view function into a response object.,"Flask's session object doesn't notice when you mutate something in place, like appending to a list. You need to manually set session.modified = True when that happens.",0.06472491909385113,0.15789473684210525,0.10344827586206896,0.125,0.0,0.0,0.0,0.10526315789473684,0.06896551724137931,0.08333333333333333,0.868491530418396,0.8585818409919739,0.8635082244873047,0.17608851194381714
The application will call 'make_response' to convert the return value from a view function into a response object.,Sessions are stored in a signed cookie that normally disappears when the browser closes. Setting permanent to True keeps it alive for as long as PERMANENT_SESSION_LIFETIME says.,0.07092198581560283,0.15789473684210525,0.10344827586206896,0.125,0.0,0.0,0.0,0.10526315789473684,0.06896551724137931,0.08333333333333333,0.8537020683288574,0.8200843334197998,0.8365556001663208,0.053340181708335876
The application will call 'make_response' to convert the return value from a view function into a response object.,"Trailing slashes matter for routing. A route defined with a trailing slash will redirect a request without one to the slash version, and a route without a trailing slash returns a 404 if someone requests it with one.",0.08974358974358974,0.3157894736842105,0.15789473684210525,0.21052631578947367,0.0,0.0,0.0,0.2631578947368421,0.13157894736842105,0.17543859649122803,0.8524165153503418,0.8330777883529663,0.842636227607727,0.07255731523036957
The application will call 'make_response' to convert the return value from a view function into a response object.,"If a route has a default value and also accepts POST, the version with the default should only handle GET, since a redirect can't carry form data along with it.",0.09174311926605506,0.2631578947368421,0.16129032258064516,0.19999999999999998,0.0,0.0,0.0,0.15789473684210525,0.0967741935483871,0.12000000000000001,0.8607456684112549,0.8440604209899902,0.852321445941925,0.1861124336719513
The application will call 'make_response' to convert the return value from a view function into a response object.,"Routes default to handling GET, along with HEAD. OPTIONS gets added automatically unless provide_automatic_options is turned off.",0.04975124378109454,0.05263157894736842,0.05263157894736842,0.05263157894736842,0.0,0.0,0.0,0.05263157894736842,0.05263157894736842,0.05263157894736842,0.8507243394851685,0.8508002161979675,0.8507622480392456,0.21303029358386993
The application will call 'make_response' to convert the return value from a view function into a response object.,"A view's endpoint name comes from its function name unless you set one explicitly, and it automatically gets prefixed with the blueprint's name if it's registered through one.",0.11006289308176101,0.2631578947368421,0.16129032258064516,0.19999999999999998,0.05555555555555555,0.03333333333333333,0.04166666666666667,0.15789473684210525,0.0967741935483871,0.12000000000000001,0.8687334060668945,0.8376264572143555,0.8528963923454285,0.33856189250946045
The application will call 'make_response' to convert the return value from a view function into a response object.,"If a view function has a required_methods attribute, Flask will always include those methods on the route, even if you explicitly set different ones in the route() call.",0.21643761161580866,0.42105263157894735,0.27586206896551724,0.3333333333333333,0.1111111111111111,0.07142857142857142,0.08695652173913043,0.21052631578947367,0.13793103448275862,0.16666666666666666,0.8905807137489319,0.86734938621521,0.8788115382194519,0.3256341218948364
The 'after_this_request' function can only be used when a request context is active.,"request, session, g, and current_app are all proxies tied to a context. They only work while the right app or request context is active.",0.29705397334759553,0.5333333333333333,0.32,0.4,0.21428571428571427,0.125,0.15789473684210525,0.4,0.24,0.3,0.9067103266716003,0.8871130347251892,0.8968046307563782,0.42867934703826904
The 'after_this_request' function can only be used when a request context is active.,"Flask's session object doesn't notice when you mutate something in place, like appending to a list. You need to manually set session.modified = True when that happens.",0.049342105263157895,0.13333333333333333,0.06896551724137931,0.09090909090909091,0.0,0.0,0.0,0.13333333333333333,0.06896551724137931,0.09090909090909091,0.8619045615196228,0.8594925999641418,0.8606969118118286,0.3231245279312134
The 'after_this_request' function can only be used when a request context is active.,Sessions are stored in a signed cookie that normally disappears when the browser closes. Setting permanent to True keeps it alive for as long as PERMANENT_SESSION_LIFETIME says.,0.07220216606498195,0.2,0.10344827586206896,0.13636363636363635,0.0,0.0,0.0,0.06666666666666667,0.034482758620689655,0.045454545454545456,0.8637087345123291,0.8287432193756104,0.8458648324012756,0.22115527093410492
The 'after_this_request' function can only be used when a request context is active.,"Trailing slashes matter for routing. A route defined with a trailing slash will redirect a request without one to the slash version, and a route without a trailing slash returns a 404 if someone requests it with one.",0.051948051948051945,0.26666666666666666,0.10526315789473684,0.1509433962264151,0.07142857142857142,0.02702702702702703,0.0392156862745098,0.2,0.07894736842105263,0.11320754716981134,0.8515198230743408,0.8397594094276428,0.8455987572669983,0.13874444365501404
The 'after_this_request' function can only be used when a request context is active.,"If a route has a default value and also accepts POST, the version with the default should only handle GET, since a redirect can't carry form data along with it.",0.062111801242236024,0.26666666666666666,0.12903225806451613,0.17391304347826086,0.0,0.0,0.0,0.2,0.0967741935483871,0.13043478260869568,0.8534145355224609,0.8488177061080933,0.8511099219322205,0.28987473249435425
The 'after_this_request' function can only be used when a request context is active.,"Routes default to handling GET, along with HEAD. OPTIONS gets added automatically unless provide_automatic_options is turned off.",0.05102040816326531,0.06666666666666667,0.05263157894736842,0.058823529411764705,0.0,0.0,0.0,0.06666666666666667,0.05263157894736842,0.058823529411764705,0.8594732284545898,0.8573986291885376,0.8584346771240234,0.3706895709037781
The 'after_this_request' function can only be used when a request context is active.,"A view's endpoint name comes from its function name unless you set one explicitly, and it automatically gets prefixed with the blueprint's name if it's registered through one.",0.06389776357827476,0.2,0.0967741935483871,0.13043478260869568,0.0,0.0,0.0,0.06666666666666667,0.03225806451612903,0.043478260869565216,0.8570680618286133,0.8401020765304565,0.8485002517700195,0.1783604621887207
The 'after_this_request' function can only be used when a request context is active.,"If a view function has a required_methods attribute, Flask will always include those methods on the route, even if you explicitly set different ones in the route() call.",0.06389776357827476,0.2,0.10344827586206896,0.13636363636363635,0.0,0.0,0.0,0.13333333333333333,0.06896551724137931,0.09090909090909091,0.8773976564407349,0.862200140953064,0.8697324991226196,0.3369061350822449
The 'copy_current_request_context' function can only be used when a request context is active.,"request, session, g, and current_app are all proxies tied to a context. They only work while the right app or request context is active.",0.29705397334759553,0.625,0.4,0.48780487804878053,0.2,0.125,0.15384615384615385,0.4375,0.28,0.34146341463414637,0.9104208946228027,0.889258623123169,0.8997153639793396,0.46501418948173523
The 'copy_current_request_context' function can only be used when a request context is active.,"Flask's session object doesn't notice when you mutate something in place, like appending to a list. You need to manually set session.modified = True when that happens.",0.049342105263157895,0.125,0.06896551724137931,0.08888888888888889,0.0,0.0,0.0,0.125,0.06896551724137931,0.08888888888888889,0.8596565127372742,0.8598640561103821,0.8597602248191833,0.2347603589296341
The 'copy_current_request_context' function can only be used when a request context is active.,Sessions are stored in a signed cookie that normally disappears when the browser closes. Setting permanent to True keeps it alive for as long as PERMANENT_SESSION_LIFETIME says.,0.07220216606498195,0.1875,0.10344827586206896,0.13333333333333333,0.0,0.0,0.0,0.0625,0.034482758620689655,0.044444444444444446,0.8665851354598999,0.8289463520050049,0.8473480343818665,0.1632935255765915
The 'copy_current_request_context' function can only be used when a request context is active.,"Trailing slashes matter for routing. A route defined with a trailing slash will redirect a request without one to the slash version, and a route without a trailing slash returns a 404 if someone requests it with one.",0.051948051948051945,0.25,0.10526315789473684,0.14814814814814814,0.06666666666666667,0.02702702702702703,0.038461538461538464,0.1875,0.07894736842105263,0.11111111111111109,0.8466899394989014,0.8388922810554504,0.8427731394767761,0.11648416519165039
The 'copy_current_request_context' function can only be used when a request context is active.,"If a route has a default value and also accepts POST, the version with the default should only handle GET, since a redirect can't carry form data along with it.",0.062111801242236024,0.25,0.12903225806451613,0.1702127659574468,0.0,0.0,0.0,0.1875,0.0967741935483871,0.12765957446808507,0.850396454334259,0.8487645387649536,0.8495796918869019,0.2086227536201477
The 'copy_current_request_context' function can only be used when a request context is active.,"Routes default to handling GET, along with HEAD. OPTIONS gets added automatically unless provide_automatic_options is turned off.",0.05102040816326531,0.0625,0.05263157894736842,0.05714285714285714,0.0,0.0,0.0,0.0625,0.05263157894736842,0.05714285714285714,0.8636575937271118,0.8576955795288086,0.8606662750244141,0.23705032467842102
The 'copy_current_request_context' function can only be used when a request context is active.,"A view's endpoint name comes from its function name unless you set one explicitly, and it automatically gets prefixed with the blueprint's name if it's registered through one.",0.06389776357827476,0.1875,0.0967741935483871,0.12765957446808507,0.0,0.0,0.0,0.0625,0.03225806451612903,0.0425531914893617,0.8543248176574707,0.8403178453445435,0.8472634553909302,0.1566009670495987
The 'copy_current_request_context' function can only be used when a request context is active.,"If a view function has a required_methods attribute, Flask will always include those methods on the route, even if you explicitly set different ones in the route() call.",0.06389776357827476,0.1875,0.10344827586206896,0.13333333333333333,0.0,0.0,0.0,0.125,0.06896551724137931,0.08888888888888889,0.8778256177902222,0.8620507717132568,0.869866669178009,0.23104922473430634
The 'has_request_context' function returns true if an app context is active and has request information.,"request, session, g, and current_app are all proxies tied to a context. They only work while the right app or request context is active.",0.24669233151909375,0.5294117647058824,0.36,0.42857142857142855,0.1875,0.125,0.15,0.35294117647058826,0.24,0.28571428571428564,0.8862617611885071,0.8805547952651978,0.8833990693092346,0.6240271925926208
The 'has_request_context' function returns true if an app context is active and has request information.,"Flask's session object doesn't notice when you mutate something in place, like appending to a list. You need to manually set session.modified = True when that happens.",0.032679738562091505,0.058823529411764705,0.034482758620689655,0.043478260869565216,0.0,0.0,0.0,0.058823529411764705,0.034482758620689655,0.043478260869565216,0.8606128096580505,0.857439398765564,0.8590232133865356,0.19070598483085632
The 'has_request_context' function returns true if an app context is active and has request information.,Sessions are stored in a signed cookie that normally disappears when the browser closes. Setting permanent to True keeps it alive for as long as PERMANENT_SESSION_LIFETIME says.,0.053763440860215055,0.11764705882352941,0.06896551724137931,0.08695652173913043,0.0,0.0,0.0,0.11764705882352941,0.06896551724137931,0.08695652173913043,0.8642197847366333,0.8268872499465942,0.8451414108276367,0.20355965197086334
The 'has_request_context' function returns true if an app context is active and has request information.,"Trailing slashes matter for routing. A route defined with a trailing slash will redirect a request without one to the slash version, and a route without a trailing slash returns a 404 if someone requests it with one.",0.07751937984496123,0.35294117647058826,0.15789473684210525,0.21818181818181817,0.0,0.0,0.0,0.23529411764705882,0.10526315789473684,0.14545454545454545,0.8493952751159668,0.8392825126647949,0.844308614730835,0.14249187707901
The 'has_request_context' function returns true if an app context is active and has request information.,"If a route has a default value and also accepts POST, the version with the default should only handle GET, since a redirect can't carry form data along with it.",0.07716049382716049,0.23529411764705882,0.12903225806451613,0.16666666666666666,0.0,0.0,0.0,0.11764705882352941,0.06451612903225806,0.08333333333333333,0.8520601987838745,0.8459478616714478,0.8489930033683777,0.2224648892879486
The 'has_request_context' function returns true if an app context is active and has request information.,"Routes default to handling GET, along with HEAD. OPTIONS gets added automatically unless provide_automatic_options is turned off.",0.05050505050505051,0.058823529411764705,0.05263157894736842,0.05555555555555555,0.0,0.0,0.0,0.058823529411764705,0.05263157894736842,0.05555555555555555,0.8574441075325012,0.8551287055015564,0.8562847971916199,0.31583553552627563
The 'has_request_context' function returns true if an app context is active and has request information.,"A view's endpoint name comes from its function name unless you set one explicitly, and it automatically gets prefixed with the blueprint's name if it's registered through one.",0.07936507936507937,0.23529411764705882,0.12903225806451613,0.16666666666666666,0.0,0.0,0.0,0.11764705882352941,0.06451612903225806,0.08333333333333333,0.8521837592124939,0.836471676826477,0.8442546129226685,0.22391822934150696
The 'has_request_context' function returns true if an app context is active and has request information.,"If a view function has a required_methods attribute, Flask will always include those methods on the route, even if you explicitly set different ones in the route() call.",0.07936507936507937,0.23529411764705882,0.13793103448275862,0.17391304347826086,0.0,0.0,0.0,0.11764705882352941,0.06896551724137931,0.08695652173913043,0.8743686676025391,0.8609869480133057,0.8676261901855469,0.27284690737724304
The 'has_app_context' function returns true if an app context is active.,"request, session, g, and current_app are all proxies tied to a context. They only work while the right app or request context is active.",0.23079777365491652,0.5384615384615384,0.28,0.3684210526315789,0.16666666666666666,0.08333333333333333,0.1111111111111111,0.46153846153846156,0.24,0.3157894736842105,0.8985152244567871,0.8760353326797485,0.8871328830718994,0.501526415348053
The 'has_app_context' function returns true if an app context is active.,"Flask's session object doesn't notice when you mutate something in place, like appending to a list. You need to manually set session.modified = True when that happens.",0.033112582781456956,0.07692307692307693,0.034482758620689655,0.04761904761904762,0.0,0.0,0.0,0.07692307692307693,0.034482758620689655,0.04761904761904762,0.8707072734832764,0.8577757477760315,0.8641932010650635,0.16818013787269592
The 'has_app_context' function returns true if an app context is active.,Sessions are stored in a signed cookie that normally disappears when the browser closes. Setting permanent to True keeps it alive for as long as PERMANENT_SESSION_LIFETIME says.,0.05454545454545454,0.15384615384615385,0.06896551724137931,0.09523809523809525,0.0,0.0,0.0,0.15384615384615385,0.06896551724137931,0.09523809523809525,0.8718665242195129,0.8279824256896973,0.8493580222129822,0.19082805514335632
The 'has_app_context' function returns true if an app context is active.,"Trailing slashes matter for routing. A route defined with a trailing slash will redirect a request without one to the slash version, and a route without a trailing slash returns a 404 if someone requests it with one.",0.05221932114882507,0.23076923076923078,0.07894736842105263,0.11764705882352941,0.0,0.0,0.0,0.23076923076923078,0.07894736842105263,0.11764705882352941,0.8458557724952698,0.8344658613204956,0.8401222229003906,0.041924670338630676
The 'has_app_context' function returns true if an app context is active.,"If a route has a default value and also accepts POST, the version with the default should only handle GET, since a redirect can't carry form data along with it.",0.046875,0.23076923076923078,0.0967741935483871,0.13636363636363635,0.0,0.0,0.0,0.07692307692307693,0.03225806451612903,0.045454545454545456,0.84757000207901,0.8316960334777832,0.8395580053329468,0.07685387134552002
The 'has_app_context' function returns true if an app context is active.,"Routes default to handling GET, along with HEAD. OPTIONS gets added automatically unless provide_automatic_options is turned off.",0.05154639175257732,0.07692307692307693,0.05263157894736842,0.0625,0.0,0.0,0.0,0.07692307692307693,0.05263157894736842,0.0625,0.8658528327941895,0.855509340763092,0.8606500625610352,0.1883595883846283
The 'has_app_context' function returns true if an app context is active.,"A view's endpoint name comes from its function name unless you set one explicitly, and it automatically gets prefixed with the blueprint's name if it's registered through one.",0.06430868167202572,0.23076923076923078,0.0967741935483871,0.13636363636363635,0.0,0.0,0.0,0.15384615384615385,0.06451612903225806,0.09090909090909091,0.853148877620697,0.8350830674171448,0.84401935338974,0.20860998332500458
The 'has_app_context' function returns true if an app context is active.,"If a view function has a required_methods attribute, Flask will always include those methods on the route, even if you explicitly set different ones in the route() call.",0.06430868167202572,0.3076923076923077,0.13793103448275862,0.1904761904761905,0.0,0.0,0.0,0.15384615384615385,0.06896551724137931,0.09523809523809525,0.8804665207862854,0.8593572974205017,0.8697838187217712,0.19149331748485565
The 'request' property raises a RuntimeError if there is no request in the current context.,"request, session, g, and current_app are all proxies tied to a context. They only work while the right app or request context is active.",0.12544802867383512,0.4666666666666667,0.28,0.35000000000000003,0.0,0.0,0.0,0.26666666666666666,0.16,0.2,0.8842102289199829,0.8708472847938538,0.8774778842926025,0.400921106338501
The 'request' property raises a RuntimeError if there is no request in the current context.,"Flask's session object doesn't notice when you mutate something in place, like appending to a list. You need to manually set session.modified = True when that happens.",0.04901960784313726,0.13333333333333333,0.06896551724137931,0.09090909090909091,0.0,0.0,0.0,0.06666666666666667,0.034482758620689655,0.045454545454545456,0.8713530898094177,0.8549971580505371,0.863097608089447,0.29657483100891113
The 'request' property raises a RuntimeError if there is no request in the current context.,Sessions are stored in a signed cookie that normally disappears when the browser closes. Setting permanent to True keeps it alive for as long as PERMANENT_SESSION_LIFETIME says.,0.07168458781362007,0.2,0.10344827586206896,0.13636363636363635,0.0,0.0,0.0,0.13333333333333333,0.06896551724137931,0.09090909090909091,0.8576750159263611,0.8170695304870605,0.8368799686431885,0.08162399381399155
The 'request' property raises a RuntimeError if there is no request in the current context.,"Trailing slashes matter for routing. A route defined with a trailing slash will redirect a request without one to the slash version, and a route without a trailing slash returns a 404 if someone requests it with one.",0.07751937984496123,0.3333333333333333,0.13157894736842105,0.18867924528301885,0.0,0.0,0.0,0.26666666666666666,0.10526315789473684,0.1509433962264151,0.8726599812507629,0.8453092575073242,0.8587669134140015,0.22782105207443237
The 'request' property raises a RuntimeError if there is no request in the current context.,"If a route has a default value and also accepts POST, the version with the default should only handle GET, since a redirect can't carry form data along with it.",0.07716049382716049,0.26666666666666666,0.12903225806451613,0.17391304347826086,0.0,0.0,0.0,0.13333333333333333,0.06451612903225806,0.08695652173913043,0.8647673726081848,0.841744065284729,0.8531003594398499,0.34338194131851196
The 'request' property raises a RuntimeError if there is no request in the current context.,"Routes default to handling GET, along with HEAD. OPTIONS gets added automatically unless provide_automatic_options is turned off.",0.05050505050505051,0.06666666666666667,0.05263157894736842,0.058823529411764705,0.0,0.0,0.0,0.06666666666666667,0.05263157894736842,0.058823529411764705,0.8571207523345947,0.8428305387496948,0.8499155640602112,0.3400197923183441
The 'request' property raises a RuntimeError if there is no request in the current context.,"A view's endpoint name comes from its function name unless you set one explicitly, and it automatically gets prefixed with the blueprint's name if it's registered through one.",0.0634920634920635,0.2,0.0967741935483871,0.13043478260869568,0.0,0.0,0.0,0.13333333333333333,0.06451612903225806,0.08695652173913043,0.8648816347122192,0.8325223922729492,0.8483936190605164,0.13624906539916992
The 'request' property raises a RuntimeError if there is no request in the current context.,"If a view function has a required_methods attribute, Flask will always include those methods on the route, even if you explicitly set different ones in the route() call.",0.1353615520282187,0.3333333333333333,0.1724137931034483,0.22727272727272724,0.07142857142857142,0.03571428571428571,0.047619047619047616,0.26666666666666666,0.13793103448275862,0.18181818181818182,0.8749329447746277,0.8559753894805908,0.8653503656387329,0.3464130163192749
The 'session' property raises a RuntimeError if there is no request in the current context.,"request, session, g, and current_app are all proxies tied to a context. They only work while the right app or request context is active.",0.12544802867383512,0.4666666666666667,0.28,0.35000000000000003,0.0,0.0,0.0,0.26666666666666666,0.16,0.2,0.8846045732498169,0.870917558670044,0.8777076601982117,0.4937567412853241
The 'session' property raises a RuntimeError if there is no request in the current context.,"Flask's session object doesn't notice when you mutate something in place, like appending to a list. You need to manually set session.modified = True when that happens.",0.06535947712418301,0.2,0.10344827586206896,0.13636363636363635,0.0,0.0,0.0,0.13333333333333333,0.06896551724137931,0.09090909090909091,0.8735635280609131,0.8582971096038818,0.8658630847930908,0.5299949645996094
The 'session' property raises a RuntimeError if there is no request in the current context.,Sessions are stored in a signed cookie that normally disappears when the browser closes. Setting permanent to True keeps it alive for as long as PERMANENT_SESSION_LIFETIME says.,0.08960573476702512,0.26666666666666666,0.13793103448275862,0.18181818181818182,0.0,0.0,0.0,0.2,0.10344827586206896,0.13636363636363635,0.8591977953910828,0.8205450773239136,0.8394267559051514,0.4306691884994507
The 'session' property raises a RuntimeError if there is no request in the current context.,"Trailing slashes matter for routing. A route defined with a trailing slash will redirect a request without one to the slash version, and a route without a trailing slash returns a 404 if someone requests it with one.",0.06459948320413438,0.26666666666666666,0.10526315789473684,0.1509433962264151,0.0,0.0,0.0,0.26666666666666666,0.10526315789473684,0.1509433962264151,0.8685348629951477,0.8432406783103943,0.8557008504867554,0.13364607095718384
The 'session' property raises a RuntimeError if there is no request in the current context.,"If a route has a default value and also accepts POST, the version with the default should only handle GET, since a redirect can't carry form data along with it.",0.07716049382716049,0.26666666666666666,0.12903225806451613,0.17391304347826086,0.0,0.0,0.0,0.13333333333333333,0.06451612903225806,0.08695652173913043,0.8633182048797607,0.8411697149276733,0.8521000742912292,0.271727979183197
The 'session' property raises a RuntimeError if there is no request in the current context.,"Routes default to handling GET, along with HEAD. OPTIONS gets added automatically unless provide_automatic_options is turned off.",0.05050505050505051,0.06666666666666667,0.05263157894736842,0.058823529411764705,0.0,0.0,0.0,0.06666666666666667,0.05263157894736842,0.058823529411764705,0.853718101978302,0.8427824974060059,0.8482151031494141,0.27744096517562866
The 'session' property raises a RuntimeError if there is no request in the current context.,"A view's endpoint name comes from its function name unless you set one explicitly, and it automatically gets prefixed with the blueprint's name if it's registered through one.",0.0634920634920635,0.2,0.0967741935483871,0.13043478260869568,0.0,0.0,0.0,0.13333333333333333,0.06451612903225806,0.08695652173913043,0.8632703423500061,0.8314294815063477,0.8470507860183716,0.114423967897892
The 'session' property raises a RuntimeError if there is no request in the current context.,"If a view function has a required_methods attribute, Flask will always include those methods on the route, even if you explicitly set different ones in the route() call.",0.1353615520282187,0.3333333333333333,0.1724137931034483,0.22727272727272724,0.07142857142857142,0.03571428571428571,0.047619047619047616,0.26666666666666666,0.13793103448275862,0.18181818181818182,0.8708677291870117,0.8521351218223572,0.8613995313644409,0.26604536175727844
The 'push' method triggers routing matching only if the context is not currently pushed.,"request, session, g, and current_app are all proxies tied to a context. They only work while the right app or request context is active.",0.13381294964028778,0.35714285714285715,0.2,0.25641025641025644,0.07692307692307693,0.041666666666666664,0.05405405405405406,0.2857142857142857,0.16,0.20512820512820512,0.8815826177597046,0.8666672110557556,0.8740612864494324,0.33862581849098206
The 'push' method triggers routing matching only if the context is not currently pushed.,"Flask's session object doesn't notice when you mutate something in place, like appending to a list. You need to manually set session.modified = True when that happens.",0.01639344262295082,0.0,0.0,0.0,0.0,0.0,0.0,0.0,0.0,0.0,0.860637903213501,0.8546193838119507,0.8576180934906006,0.14325489103794098
The 'push' method triggers routing matching only if the context is not currently pushed.,Sessions are stored in a signed cookie that normally disappears when the browser closes. Setting permanent to True keeps it alive for as long as PERMANENT_SESSION_LIFETIME says.,0.03597122302158273,0.07142857142857142,0.034482758620689655,0.046511627906976744,0.0,0.0,0.0,0.07142857142857142,0.034482758620689655,0.046511627906976744,0.8509206175804138,0.8148890137672424,0.8325151205062866,0.031200360506772995
The 'push' method triggers routing matching only if the context is not currently pushed.,"Trailing slashes matter for routing. A route defined with a trailing slash will redirect a request without one to the slash version, and a route without a trailing slash returns a 404 if someone requests it with one.",0.05181347150259068,0.21428571428571427,0.07894736842105263,0.11538461538461539,0.0,0.0,0.0,0.21428571428571427,0.07894736842105263,0.11538461538461539,0.8640954494476318,0.8417235612869263,0.8527628183364868,0.3265129327774048
The 'push' method triggers routing matching only if the context is not currently pushed.,"If a route has a default value and also accepts POST, the version with the default should only handle GET, since a redirect can't carry form data along with it.",0.09287925696594428,0.35714285714285715,0.16129032258064516,0.2222222222222222,0.0,0.0,0.0,0.14285714285714285,0.06451612903225806,0.08888888888888889,0.8684200048446655,0.8452114462852478,0.8566585779190063,0.35592174530029297
The 'push' method triggers routing matching only if the context is not currently pushed.,"Routes default to handling GET, along with HEAD. OPTIONS gets added automatically unless provide_automatic_options is turned off.",0.07614213197969542,0.14285714285714285,0.10526315789473684,0.12121212121212122,0.0,0.0,0.0,0.14285714285714285,0.10526315789473684,0.12121212121212122,0.8613809943199158,0.8486830592155457,0.8549848794937134,0.39385977387428284
The 'push' method triggers routing matching only if the context is not currently pushed.,"A view's endpoint name comes from its function name unless you set one explicitly, and it automatically gets prefixed with the blueprint's name if it's registered through one.",0.04777070063694267,0.14285714285714285,0.06451612903225806,0.08888888888888889,0.0,0.0,0.0,0.14285714285714285,0.06451612903225806,0.08888888888888889,0.8623175621032715,0.8344718813896179,0.8481662273406982,0.21148332953453064
The 'push' method triggers routing matching only if the context is not currently pushed.,"If a view function has a required_methods attribute, Flask will always include those methods on the route, even if you explicitly set different ones in the route() call.",0.09554140127388534,0.35714285714285715,0.1724137931034483,0.23255813953488377,0.0,0.0,0.0,0.2857142857142857,0.13793103448275862,0.18604651162790697,0.8702406287193298,0.8571866750717163,0.8636643886566162,0.29005172848701477
The 'pop' method raises a RuntimeError if the context is not the active context.,"request, session, g, and current_app are all proxies tied to a context. They only work while the right app or request context is active.",0.12589928057553956,0.42857142857142855,0.24,0.30769230769230765,0.07692307692307693,0.041666666666666664,0.05405405405405406,0.35714285714285715,0.2,0.25641025641025644,0.8814868330955505,0.862829864025116,0.8720585703849792,0.2421855330467224
The 'pop' method raises a RuntimeError if the context is not the active context.,"Flask's session object doesn't notice when you mutate something in place, like appending to a list. You need to manually set session.modified = True when that happens.",0.03278688524590164,0.07142857142857142,0.034482758620689655,0.046511627906976744,0.0,0.0,0.0,0.07142857142857142,0.034482758620689655,0.046511627906976744,0.8660301566123962,0.8555002808570862,0.8607329726219177,0.31552791595458984
The 'pop' method raises a RuntimeError if the context is not the active context.,Sessions are stored in a signed cookie that normally disappears when the browser closes. Setting permanent to True keeps it alive for as long as PERMANENT_SESSION_LIFETIME says.,0.0539568345323741,0.14285714285714285,0.06896551724137931,0.09302325581395349,0.0,0.0,0.0,0.14285714285714285,0.06896551724137931,0.09302325581395349,0.855069637298584,0.8122766017913818,0.8331239819526672,0.05784193053841591
The 'pop' method raises a RuntimeError if the context is not the active context.,"Trailing slashes matter for routing. A route defined with a trailing slash will redirect a request without one to the slash version, and a route without a trailing slash returns a 404 if someone requests it with one.",0.05181347150259068,0.21428571428571427,0.07894736842105263,0.11538461538461539,0.0,0.0,0.0,0.21428571428571427,0.07894736842105263,0.11538461538461539,0.8629440069198608,0.8425561785697937,0.852628231048584,-0.06147944927215576
The 'pop' method raises a RuntimeError if the context is not the active context.,"If a route has a default value and also accepts POST, the version with the default should only handle GET, since a redirect can't carry form data along with it.",0.07739938080495357,0.2857142857142857,0.12903225806451613,0.17777777777777778,0.0,0.0,0.0,0.21428571428571427,0.0967741935483871,0.13333333333333333,0.8602603673934937,0.8389723896980286,0.8494830131530762,0.04191681742668152
The 'pop' method raises a RuntimeError if the context is not the active context.,"Routes default to handling GET, along with HEAD. OPTIONS gets added automatically unless provide_automatic_options is turned off.",0.050761421319796954,0.07142857142857142,0.05263157894736842,0.06060606060606061,0.0,0.0,0.0,0.07142857142857142,0.05263157894736842,0.06060606060606061,0.8535450100898743,0.841692328453064,0.8475772142410278,0.10441623628139496
The 'pop' method raises a RuntimeError if the context is not the active context.,"A view's endpoint name comes from its function name unless you set one explicitly, and it automatically gets prefixed with the blueprint's name if it's registered through one.",0.06369426751592357,0.21428571428571427,0.0967741935483871,0.13333333333333333,0.0,0.0,0.0,0.14285714285714285,0.06451612903225806,0.08888888888888889,0.8613264560699463,0.8318718671798706,0.8463429808616638,0.1414591372013092
The 'pop' method raises a RuntimeError if the context is not the active context.,"If a view function has a required_methods attribute, Flask will always include those methods on the route, even if you explicitly set different ones in the route() call.",0.09554140127388534,0.35714285714285715,0.1724137931034483,0.23255813953488377,0.0,0.0,0.0,0.21428571428571427,0.10344827586206896,0.1395348837209302,0.8693851232528687,0.8559831976890564,0.862632155418396,0.24322018027305603
The 'pop' method will only trigger cleanup once the context has been popped as many times as it was pushed.,"request, session, g, and current_app are all proxies tied to a context. They only work while the right app or request context is active.",0.0880281690140845,0.15,0.12,0.1333333333333333,0.0,0.0,0.0,0.15,0.12,0.1333333333333333,0.8640538454055786,0.8634052276611328,0.8637294173240662,0.19393190741539001
The 'pop' method will only trigger cleanup once the context has been popped as many times as it was pushed.,"Flask's session object doesn't notice when you mutate something in place, like appending to a list. You need to manually set session.modified = True when that happens.",0.03215434083601286,0.0,0.0,0.0,0.0,0.0,0.0,0.0,0.0,0.0,0.85220867395401,0.856816828250885,0.8545065522193909,0.22619904577732086
The 'pop' method will only trigger cleanup once the context has been popped as many times as it was pushed.,Sessions are stored in a signed cookie that normally disappears when the browser closes. Setting permanent to True keeps it alive for as long as PERMANENT_SESSION_LIFETIME says.,0.0880281690140845,0.2,0.13793103448275862,0.16326530612244897,0.0,0.0,0.0,0.15,0.10344827586206896,0.12244897959183673,0.8562160134315491,0.8214882612228394,0.8384926915168762,0.21087849140167236
The 'pop' method will only trigger cleanup once the context has been popped as many times as it was pushed.,"Trailing slashes matter for routing. A route defined with a trailing slash will redirect a request without one to the slash version, and a route without a trailing slash returns a 404 if someone requests it with one.",0.07653061224489796,0.15,0.07894736842105263,0.10344827586206896,0.0,0.0,0.0,0.15,0.07894736842105263,0.10344827586206896,0.8490166068077087,0.8392993211746216,0.8441300392150879,-0.08047574013471603
The 'pop' method will only trigger cleanup once the context has been popped as many times as it was pushed.,"If a route has a default value and also accepts POST, the version with the default should only handle GET, since a redirect can't carry form data along with it.",0.121580547112462,0.25,0.16129032258064516,0.19607843137254902,0.0,0.0,0.0,0.15,0.0967741935483871,0.11764705882352941,0.8514345288276672,0.8469589948654175,0.8491908311843872,0.016162483021616936
The 'pop' method will only trigger cleanup once the context has been popped as many times as it was pushed.,"Routes default to handling GET, along with HEAD. OPTIONS gets added automatically unless provide_automatic_options is turned off.",0.024630541871921183,0.0,0.0,0.0,0.0,0.0,0.0,0.0,0.0,0.0,0.843244194984436,0.8466364145278931,0.8449369072914124,0.11264628916978836
The 'pop' method will only trigger cleanup once the context has been popped as many times as it was pushed.,"A view's endpoint name comes from its function name unless you set one explicitly, and it automatically gets prefixed with the blueprint's name if it's registered through one.",0.0625,0.1,0.06451612903225806,0.0784313725490196,0.0,0.0,0.0,0.1,0.06451612903225806,0.0784313725490196,0.8529693484306335,0.8321759700775146,0.8424443006515503,0.14600354433059692
The 'pop' method will only trigger cleanup once the context has been popped as many times as it was pushed.,"If a view function has a required_methods attribute, Flask will always include those methods on the route, even if you explicitly set different ones in the route() call.",0.125,0.25,0.1724137931034483,0.20408163265306123,0.0,0.0,0.0,0.15,0.10344827586206896,0.12244897959183673,0.8589092493057251,0.8581327199935913,0.8585208058357239,0.10460241138935089
The EnvironBuilder cannot accept both 'base_url' and 'subdomain' or 'url_scheme' at the same time.,"request, session, g, and current_app are all proxies tied to a context. They only work while the right app or request context is active.",0.0706713780918728,0.1875,0.12,0.14634146341463414,0.0,0.0,0.0,0.125,0.08,0.09756097560975609,0.8467504978179932,0.8486618995666504,0.847705066204071,0.1614541858434677
The EnvironBuilder cannot accept both 'base_url' and 'subdomain' or 'url_scheme' at the same time.,"Flask's session object doesn't notice when you mutate something in place, like appending to a list. You need to manually set session.modified = True when that happens.",0.03225806451612903,0.0,0.0,0.0,0.0,0.0,0.0,0.0,0.0,0.0,0.8309443593025208,0.8419852256774902,0.8364284038543701,0.014865344390273094
The EnvironBuilder cannot accept both 'base_url' and 'subdomain' or 'url_scheme' at the same time.,Sessions are stored in a signed cookie that normally disappears when the browser closes. Setting permanent to True keeps it alive for as long as PERMANENT_SESSION_LIFETIME says.,0.0353356890459364,0.0625,0.034482758620689655,0.044444444444444446,0.0,0.0,0.0,0.0625,0.034482758620689655,0.044444444444444446,0.828610897064209,0.8131175637245178,0.8207911849021912,-0.12284672260284424
The EnvironBuilder cannot accept both 'base_url' and 'subdomain' or 'url_scheme' at the same time.,"Trailing slashes matter for routing. A route defined with a trailing slash will redirect a request without one to the slash version, and a route without a trailing slash returns a 404 if someone requests it with one.",0.038363171355498715,0.125,0.05263157894736842,0.07407407407407407,0.0,0.0,0.0,0.125,0.05263157894736842,0.07407407407407407,0.8220192790031433,0.8247890472412109,0.8234018087387085,0.20837299525737762
The EnvironBuilder cannot accept both 'base_url' and 'subdomain' or 'url_scheme' at the same time.,"If a route has a default value and also accepts POST, the version with the default should only handle GET, since a redirect can't carry form data along with it.",0.07621951219512196,0.25,0.12903225806451613,0.1702127659574468,0.0,0.0,0.0,0.125,0.06451612903225806,0.0851063829787234,0.8346607089042664,0.8451766967773438,0.8398857116699219,0.14537353813648224
The EnvironBuilder cannot accept both 'base_url' and 'subdomain' or 'url_scheme' at the same time.,"Routes default to handling GET, along with HEAD. OPTIONS gets added automatically unless provide_automatic_options is turned off.",0.024752475247524757,0.0,0.0,0.0,0.0,0.0,0.0,0.0,0.0,0.0,0.8346693515777588,0.8490115404129028,0.841779351234436,0.1699943244457245
The EnvironBuilder cannot accept both 'base_url' and 'subdomain' or 'url_scheme' at the same time.,"A view's endpoint name comes from its function name unless you set one explicitly, and it automatically gets prefixed with the blueprint's name if it's registered through one.",0.04702194357366771,0.125,0.06451612903225806,0.0851063829787234,0.0,0.0,0.0,0.125,0.06451612903225806,0.0851063829787234,0.8265254497528076,0.8199144005775452,0.8232067227363586,0.09850815683603287
The EnvironBuilder cannot accept both 'base_url' and 'subdomain' or 'url_scheme' at the same time.,"If a view function has a required_methods attribute, Flask will always include those methods on the route, even if you explicitly set different ones in the route() call.",0.04702194357366771,0.125,0.06896551724137931,0.08888888888888889,0.0,0.0,0.0,0.125,0.06896551724137931,0.08888888888888889,0.8536002039909363,0.8456705808639526,0.8496169447898865,0.06366776674985886
"If 'base_url' is not provided, it is constructed using the application's 'SERVER_NAME' and 'APPLICATION_ROOT'.","request, session, g, and current_app are all proxies tied to a context. They only work while the right app or request context is active.",0.0880281690140845,0.16666666666666666,0.12,0.13953488372093023,0.0,0.0,0.0,0.05555555555555555,0.04,0.046511627906976744,0.8454104661941528,0.8535778522491455,0.8494745492935181,0.37594908475875854
"If 'base_url' is not provided, it is constructed using the application's 'SERVER_NAME' and 'APPLICATION_ROOT'.","Flask's session object doesn't notice when you mutate something in place, like appending to a list. You need to manually set session.modified = True when that happens.",0.04823151125401928,0.05555555555555555,0.034482758620689655,0.0425531914893617,0.0,0.0,0.0,0.05555555555555555,0.034482758620689655,0.0425531914893617,0.8333814144134521,0.847802996635437,0.8405303359031677,0.12598124146461487
"If 'base_url' is not provided, it is constructed using the application's 'SERVER_NAME' and 'APPLICATION_ROOT'.",Sessions are stored in a signed cookie that normally disappears when the browser closes. Setting permanent to True keeps it alive for as long as PERMANENT_SESSION_LIFETIME says.,0.052816901408450696,0.1111111111111111,0.06896551724137931,0.0851063829787234,0.0,0.0,0.0,0.05555555555555555,0.034482758620689655,0.0425531914893617,0.8450820446014404,0.8247966766357422,0.8348161578178406,0.10993646085262299
"If 'base_url' is not provided, it is constructed using the application's 'SERVER_NAME' and 'APPLICATION_ROOT'.","Trailing slashes matter for routing. A route defined with a trailing slash will redirect a request without one to the slash version, and a route without a trailing slash returns a 404 if someone requests it with one.",0.07653061224489796,0.2222222222222222,0.10526315789473684,0.14285714285714285,0.0,0.0,0.0,0.1111111111111111,0.05263157894736842,0.07142857142857142,0.8243606686592102,0.8348000049591064,0.8295475244522095,0.33830636739730835
"If 'base_url' is not provided, it is constructed using the application's 'SERVER_NAME' and 'APPLICATION_ROOT'.","If a route has a default value and also accepts POST, the version with the default should only handle GET, since a redirect can't carry form data along with it.",0.0911854103343465,0.2222222222222222,0.12903225806451613,0.16326530612244897,0.0,0.0,0.0,0.1111111111111111,0.06451612903225806,0.08163265306122448,0.8280964493751526,0.8395991921424866,0.8338081240653992,0.2059713751077652
"If 'base_url' is not provided, it is constructed using the application's 'SERVER_NAME' and 'APPLICATION_ROOT'.","Routes default to handling GET, along with HEAD. OPTIONS gets added automatically unless provide_automatic_options is turned off.",0.07389162561576354,0.1111111111111111,0.10526315789473684,0.10810810810810811,0.0,0.0,0.0,0.1111111111111111,0.10526315789473684,0.10810810810810811,0.8402855396270752,0.8568468689918518,0.8484854102134705,0.3130985498428345
"If 'base_url' is not provided, it is constructed using the application's 'SERVER_NAME' and 'APPLICATION_ROOT'.","A view's endpoint name comes from its function name unless you set one explicitly, and it automatically gets prefixed with the blueprint's name if it's registered through one.",0.125,0.3333333333333333,0.1935483870967742,0.24489795918367346,0.0,0.0,0.0,0.2222222222222222,0.12903225806451613,0.16326530612244897,0.8379990458488464,0.8561042547225952,0.8469549417495728,0.1721057891845703
"If 'base_url' is not provided, it is constructed using the application's 'SERVER_NAME' and 'APPLICATION_ROOT'.","If a view function has a required_methods attribute, Flask will always include those methods on the route, even if you explicitly set different ones in the route() call.",0.078125,0.1111111111111111,0.06896551724137931,0.0851063829787234,0.0,0.0,0.0,0.1111111111111111,0.06896551724137931,0.0851063829787234,0.8558387160301208,0.8538395166397095,0.854837954044342,0.1606852114200592
"The FlaskClient's session_transaction method requires cookies to be enabled, otherwise it raises a TypeError.","request, session, g, and current_app are all proxies tied to a context. They only work while the right app or request context is active.",0.08992805755395684,0.25,0.16,0.19512195121951217,0.0,0.0,0.0,0.1875,0.12,0.14634146341463414,0.868843138217926,0.8579444885253906,0.8633594512939453,0.27479416131973267
"The FlaskClient's session_transaction method requires cookies to be enabled, otherwise it raises a TypeError.","Flask's session object doesn't notice when you mutate something in place, like appending to a list. You need to manually set session.modified = True when that happens.",0.0819672131147541,0.25,0.13793103448275862,0.17777777777777778,0.06666666666666667,0.03571428571428571,0.046511627906976744,0.25,0.13793103448275862,0.17777777777777778,0.8723660111427307,0.8636008501052856,0.8679612278938293,0.6916402578353882
"The FlaskClient's session_transaction method requires cookies to be enabled, otherwise it raises a TypeError.",Sessions are stored in a signed cookie that normally disappears when the browser closes. Setting permanent to True keeps it alive for as long as PERMANENT_SESSION_LIFETIME says.,0.1079136690647482,0.375,0.20689655172413793,0.26666666666666666,0.0,0.0,0.0,0.25,0.13793103448275862,0.17777777777777778,0.8617624640464783,0.8275132775306702,0.8442906737327576,0.2933628261089325
"The FlaskClient's session_transaction method requires cookies to be enabled, otherwise it raises a TypeError.","Trailing slashes matter for routing. A route defined with a trailing slash will redirect a request without one to the slash version, and a route without a trailing slash returns a 404 if someone requests it with one.",0.077720207253886,0.25,0.10526315789473684,0.14814814814814814,0.0,0.0,0.0,0.125,0.05263157894736842,0.07407407407407407,0.8501539826393127,0.834673285484314,0.8423424959182739,0.07543476670980453
"The FlaskClient's session_transaction method requires cookies to be enabled, otherwise it raises a TypeError.","If a route has a default value and also accepts POST, the version with the default should only handle GET, since a redirect can't carry form data along with it.",0.07739938080495357,0.1875,0.0967741935483871,0.12765957446808507,0.0,0.0,0.0,0.125,0.06451612903225806,0.0851063829787234,0.8506492376327515,0.8375212550163269,0.8440341949462891,0.1602422595024109
"The FlaskClient's session_transaction method requires cookies to be enabled, otherwise it raises a TypeError.","Routes default to handling GET, along with HEAD. OPTIONS gets added automatically unless provide_automatic_options is turned off.",0.07614213197969542,0.0625,0.05263157894736842,0.05714285714285714,0.0,0.0,0.0,0.0625,0.05263157894736842,0.05714285714285714,0.8519154787063599,0.8526467084884644,0.8522809147834778,0.21536773443222046
"The FlaskClient's session_transaction method requires cookies to be enabled, otherwise it raises a TypeError.","A view's endpoint name comes from its function name unless you set one explicitly, and it automatically gets prefixed with the blueprint's name if it's registered through one.",0.09554140127388534,0.25,0.12903225806451613,0.1702127659574468,0.0,0.0,0.0,0.1875,0.0967741935483871,0.12765957446808507,0.854488730430603,0.8308208584785461,0.8424885869026184,-0.0039928145706653595
"The FlaskClient's session_transaction method requires cookies to be enabled, otherwise it raises a TypeError.","If a view function has a required_methods attribute, Flask will always include those methods on the route, even if you explicitly set different ones in the route() call.",0.07961783439490445,0.25,0.13793103448275862,0.17777777777777778,0.0,0.0,0.0,0.0625,0.034482758620689655,0.044444444444444446,0.8723116517066956,0.8647379875183105,0.8685083389282227,0.4718807637691498
"If the session backend does not open a session, the session_transaction method raises a RuntimeError.","request, session, g, and current_app are all proxies tied to a context. They only work while the right app or request context is active.",0.08992805755395684,0.1875,0.12,0.14634146341463414,0.0,0.0,0.0,0.1875,0.12,0.14634146341463414,0.8696373701095581,0.8565773963928223,0.8630579710006714,0.34041067957878113
"If the session backend does not open a session, the session_transaction method raises a RuntimeError.","Flask's session object doesn't notice when you mutate something in place, like appending to a list. You need to manually set session.modified = True when that happens.",0.0819672131147541,0.1875,0.10344827586206896,0.13333333333333333,0.0,0.0,0.0,0.1875,0.10344827586206896,0.13333333333333333,0.8746867179870605,0.861199140548706,0.8678905367851257,0.43998968601226807
"If the session backend does not open a session, the session_transaction method raises a RuntimeError.",Sessions are stored in a signed cookie that normally disappears when the browser closes. Setting permanent to True keeps it alive for as long as PERMANENT_SESSION_LIFETIME says.,0.07194244604316546,0.25,0.13793103448275862,0.17777777777777778,0.0,0.0,0.0,0.25,0.13793103448275862,0.17777777777777778,0.8605853319168091,0.8254647254943848,0.8426592350006104,0.32421010732650757
"If the session backend does not open a session, the session_transaction method raises a RuntimeError.","Trailing slashes matter for routing. A route defined with a trailing slash will redirect a request without one to the slash version, and a route without a trailing slash returns a 404 if someone requests it with one.",0.077720207253886,0.25,0.10526315789473684,0.14814814814814814,0.0,0.0,0.0,0.1875,0.07894736842105263,0.11111111111111109,0.8556824326515198,0.8375548720359802,0.8465216159820557,0.06069517880678177
"If the session backend does not open a session, the session_transaction method raises a RuntimeError.","If a route has a default value and also accepts POST, the version with the default should only handle GET, since a redirect can't carry form data along with it.",0.10835913312693497,0.3125,0.16129032258064516,0.2127659574468085,0.0,0.0,0.0,0.25,0.12903225806451613,0.1702127659574468,0.8560372591018677,0.8431364297866821,0.8495379090309143,0.15584929287433624
"If the session backend does not open a session, the session_transaction method raises a RuntimeError.","Routes default to handling GET, along with HEAD. OPTIONS gets added automatically unless provide_automatic_options is turned off.",0.050761421319796954,0.0,0.0,0.0,0.0,0.0,0.0,0.0,0.0,0.0,0.843755304813385,0.8462758660316467,0.8450137376785278,0.19833506643772125
"If the session backend does not open a session, the session_transaction method raises a RuntimeError.","A view's endpoint name comes from its function name unless you set one explicitly, and it automatically gets prefixed with the blueprint's name if it's registered through one.",0.07961783439490445,0.1875,0.0967741935483871,0.12765957446808507,0.0,0.0,0.0,0.125,0.06451612903225806,0.0851063829787234,0.8538408279418945,0.8355357646942139,0.844589114189148,0.060673926025629044
"If the session backend does not open a session, the session_transaction method raises a RuntimeError.","If a view function has a required_methods attribute, Flask will always include those methods on the route, even if you explicitly set different ones in the route() call.",0.12738853503184713,0.375,0.20689655172413793,0.26666666666666666,0.0,0.0,0.0,0.1875,0.10344827586206896,0.13333333333333333,0.8759098052978516,0.8656997680664062,0.8707748651504517,0.22728689014911652
The FlaskCliRunner's invoke method automatically passes a ScriptInfo object if 'obj' is not provided in kwargs.,"request, session, g, and current_app are all proxies tied to a context. They only work while the right app or request context is active.",0.07117437722419928,0.17647058823529413,0.12,0.14285714285714282,0.0,0.0,0.0,0.11764705882352941,0.08,0.09523809523809526,0.8315322399139404,0.8486048579216003,0.839981734752655,0.13578864932060242
The FlaskCliRunner's invoke method automatically passes a ScriptInfo object if 'obj' is not provided in kwargs.,"Flask's session object doesn't notice when you mutate something in place, like appending to a list. You need to manually set session.modified = True when that happens.",0.0974025974025974,0.23529411764705882,0.13793103448275862,0.17391304347826086,0.0,0.0,0.0,0.17647058823529413,0.10344827586206896,0.13043478260869565,0.8481972217559814,0.861236572265625,0.8546671867370605,0.35901814699172974
The FlaskCliRunner's invoke method automatically passes a ScriptInfo object if 'obj' is not provided in kwargs.,Sessions are stored in a signed cookie that normally disappears when the browser closes. Setting permanent to True keeps it alive for as long as PERMANENT_SESSION_LIFETIME says.,0.07117437722419928,0.17647058823529413,0.10344827586206896,0.13043478260869565,0.0,0.0,0.0,0.058823529411764705,0.034482758620689655,0.043478260869565216,0.8217760920524597,0.8136398196220398,0.8176877498626709,0.03578638285398483
The FlaskCliRunner's invoke method automatically passes a ScriptInfo object if 'obj' is not provided in kwargs.,"Trailing slashes matter for routing. A route defined with a trailing slash will redirect a request without one to the slash version, and a route without a trailing slash returns a 404 if someone requests it with one.",0.09562982005141388,0.17647058823529413,0.07894736842105263,0.10909090909090909,0.0,0.0,0.0,0.17647058823529413,0.07894736842105263,0.10909090909090909,0.823325514793396,0.8361772298812866,0.8297016024589539,0.020857345312833786
The FlaskCliRunner's invoke method automatically passes a ScriptInfo object if 'obj' is not provided in kwargs.,"If a route has a default value and also accepts POST, the version with the default should only handle GET, since a redirect can't carry form data along with it.",0.06134969325153374,0.17647058823529413,0.0967741935483871,0.125,0.0,0.0,0.0,0.11764705882352941,0.06451612903225806,0.08333333333333333,0.8325953483581543,0.8400683403015137,0.8363152146339417,0.09126829355955124
The FlaskCliRunner's invoke method automatically passes a ScriptInfo object if 'obj' is not provided in kwargs.,"Routes default to handling GET, along with HEAD. OPTIONS gets added automatically unless provide_automatic_options is turned off.",0.10000000000000002,0.17647058823529413,0.15789473684210525,0.16666666666666669,0.0,0.0,0.0,0.11764705882352941,0.10526315789473684,0.1111111111111111,0.8358794450759888,0.8570565581321716,0.8463355898857117,0.19631750881671906
The FlaskCliRunner's invoke method automatically passes a ScriptInfo object if 'obj' is not provided in kwargs.,"A view's endpoint name comes from its function name unless you set one explicitly, and it automatically gets prefixed with the blueprint's name if it's registered through one.",0.0946372239747634,0.29411764705882354,0.16129032258064516,0.20833333333333331,0.0,0.0,0.0,0.17647058823529413,0.0967741935483871,0.125,0.8406928777694702,0.8521974086761475,0.8464060425758362,0.076788529753685
The FlaskCliRunner's invoke method automatically passes a ScriptInfo object if 'obj' is not provided in kwargs.,"If a view function has a required_methods attribute, Flask will always include those methods on the route, even if you explicitly set different ones in the route() call.",0.0946372239747634,0.29411764705882354,0.1724137931034483,0.2173913043478261,0.0,0.0,0.0,0.17647058823529413,0.10344827586206896,0.13043478260869565,0.8547906279563904,0.8698442578315735,0.8622517585754395,0.42368602752685547
